Transaction ID,Transaction Date,Year,Month,Day,Item,Quantity,Price Per Unit,Total Spent,Calculated Total,Difference,Payment Method,Location
TXN_1961373,2023-09-08,2023,9,8,Coffee,2.0,2.0,4.0,4.0,0.0,Credit Card,Takeaway
TXN_4977031,2023-05-16,2023,5,16,Cake,4.0,3.0,12.0,12.0,0.0,Cash,In-store
TXN_4271903,2023-07-19,2023,7,19,Cookie,4.0,1.0,,4.0,,Credit Card,In-store
TXN_7034554,2023-04-27,2023,4,27,Salad,2.0,5.0,10.0,10.0,0.0,Não informado,Não informado
TXN_3160411,2023-06-11,2023,6,11,Coffee,2.0,2.0,4.0,4.0,0.0,Digital Wallet,In-store
TXN_2602893,2023-03-31,2023,3,31,Smoothie,5.0,4.0,20.0,20.0,0.0,Credit Card,Não informado
TXN_6699534,2023-10-28,2023,10,28,Sandwich,4.0,4.0,16.0,16.0,0.0,Cash,Não informado
TXN_2064365,2023-12-31,2023,12,31,Sandwich,5.0,4.0,20.0,20.0,0.0,Não informado,In-store
TXN_2548360,2023-11-07,2023,11,7,Salad,5.0,5.0,25.0,25.0,0.0,Cash,Takeaway
TXN_7619095,2023-05-03,2023,5,3,Sandwich,2.0,4.0,8.0,8.0,0.0,Cash,In-store
TXN_9437049,2023-06-01,2023,6,1,Cookie,5.0,1.0,5.0,5.0,0.0,Não informado,Takeaway
TXN_2847255,2023-11-15,2023,11,15,Salad,3.0,5.0,15.0,15.0,0.0,Credit Card,In-store
TXN_3765707,2023-06-10,2023,6,10,Sandwich,1.0,4.0,4.0,4.0,0.0,Não informado,Não informado
TXN_6769710,2023-02-24,2023,2,24,Juice,2.0,3.0,6.0,6.0,0.0,Cash,In-store
TXN_8876618,2023-03-25,2023,3,25,Cake,5.0,3.0,15.0,15.0,0.0,Cash,Não informado
TXN_3709394,2023-01-15,2023,1,15,Juice,4.0,3.0,12.0,12.0,0.0,Cash,Takeaway
TXN_3567645,2023-03-30,2023,3,30,Smoothie,4.0,4.0,16.0,16.0,0.0,Credit Card,Takeaway
TXN_5132361,2023-12-01,2023,12,1,Sandwich,3.0,4.0,12.0,12.0,0.0,Digital Wallet,Takeaway
TXN_2616390,2023-09-18,2023,9,18,Sandwich,2.0,4.0,8.0,8.0,0.0,Não informado,Não informado
TXN_9400181,2023-06-03,2023,6,3,Sandwich,5.0,4.0,20.0,20.0,0.0,Cash,In-store
TXN_7958992,2023-12-13,2023,12,13,Smoothie,3.0,4.0,,12.0,,Não informado,Não informado
TXN_5183041,2023-04-20,2023,4,20,Cookie,5.0,1.0,5.0,5.0,0.0,Credit Card,In-store
TXN_5695074,2023-04-10,2023,4,10,Juice,4.0,3.0,12.0,12.0,0.0,Credit Card,Takeaway
TXN_8467949,2023-03-11,2023,3,11,Smoothie,5.0,4.0,20.0,20.0,0.0,Credit Card,Não informado
TXN_9677376,2023-08-15,2023,8,15,Smoothie,4.0,4.0,16.0,16.0,0.0,Não informado,In-store
TXN_8853997,2023-10-09,2023,10,9,Smoothie,2.0,4.0,8.0,8.0,0.0,Digital Wallet,Takeaway
TXN_9130559,2023-05-28,2023,5,28,Sandwich,1.0,4.0,4.0,4.0,0.0,Credit Card,Não informado
TXN_1080432,2023-04-29,2023,4,29,Salad,2.0,5.0,10.0,10.0,0.0,Credit Card,In-store
TXN_2655815,2023-06-08,2023,6,8,Smoothie,4.0,4.0,16.0,16.0,0.0,Não informado,Takeaway
TXN_6688524,2023-06-29,2023,6,29,Coffee,4.0,2.0,8.0,8.0,0.0,Não informado,Não informado
TXN_2083138,2023-04-17,2023,4,17,Smoothie,3.0,4.0,12.0,12.0,0.0,Não informado,In-store
TXN_2427584,2023-12-22,2023,12,22,Sandwich,4.0,4.0,16.0,16.0,0.0,Não informado,Takeaway
TXN_6650263,2023-01-10,2023,1,10,Tea,2.0,1.5,,3.0,,Não informado,Takeaway
TXN_9620080,2023-10-02,2023,10,2,Juice,4.0,3.0,12.0,12.0,0.0,Não informado,Takeaway
TXN_1491578,2023-02-23,2023,2,23,Cookie,2.0,1.0,2.0,2.0,0.0,Não informado,Não informado
TXN_5455792,2023-03-22,2023,3,22,Salad,3.0,5.0,15.0,15.0,0.0,Cash,Não informado
TXN_8078640,2023-11-03,2023,11,3,Juice,4.0,3.0,12.0,12.0,0.0,Digital Wallet,In-store
TXN_9499313,2023-03-02,2023,3,2,Juice,5.0,3.0,15.0,15.0,0.0,Não informado,Não informado
TXN_8201146,2023-06-26,2023,6,26,Juice,5.0,3.0,15.0,15.0,0.0,Cash,Não informado
TXN_8230936,2023-05-02,2023,5,2,Cake,3.0,3.0,9.0,9.0,0.0,Não informado,Não informado
TXN_7742742,2023-09-05,2023,9,5,Cake,5.0,3.0,15.0,15.0,0.0,Não informado,Takeaway
TXN_6342161,2023-01-08,2023,1,8,Salad,5.0,5.0,25.0,25.0,0.0,Não informado,Takeaway
TXN_3363746,2023-11-25,2023,11,25,Smoothie,3.0,4.0,12.0,12.0,0.0,Credit Card,Não informado
TXN_8614868,2023-12-05,2023,12,5,Smoothie,5.0,4.0,20.0,20.0,0.0,Digital Wallet,Takeaway
TXN_6421134,2023-11-03,2023,11,3,Sandwich,4.0,4.0,16.0,16.0,0.0,Cash,Takeaway
TXN_8813311,2023-10-07,2023,10,7,Juice,5.0,3.0,15.0,15.0,0.0,Não informado,In-store
TXN_9023317,2023-09-30,2023,9,30,Salad,1.0,5.0,5.0,5.0,0.0,Não informado,Não informado
TXN_2537617,2023-05-27,2023,5,27,Sandwich,1.0,4.0,4.0,4.0,0.0,Cash,Não informado
TXN_9230615,2023-06-01,2023,6,1,Smoothie,4.0,4.0,16.0,16.0,0.0,Digital Wallet,Não informado
TXN_3068204,2023-10-03,2023,10,3,Cookie,1.0,1.0,1.0,1.0,0.0,Credit Card,Takeaway
TXN_2621580,2023-03-22,2023,3,22,Tea,2.0,1.5,3.0,3.0,0.0,Cash,In-store
TXN_4726376,2023-01-31,2023,1,31,Cake,2.0,3.0,6.0,6.0,0.0,Credit Card,In-store
TXN_4238417,2023-06-19,2023,6,19,Salad,2.0,5.0,10.0,10.0,0.0,Não informado,Não informado
TXN_1900620,2023-12-14,2023,12,14,Smoothie,2.0,4.0,8.0,8.0,0.0,Credit Card,Não informado
TXN_6420335,2023-07-16,2023,7,16,Coffee,1.0,2.0,2.0,2.0,0.0,Cash,Takeaway
TXN_3858209,2023-02-22,2023,2,22,Sandwich,4.0,4.0,16.0,16.0,0.0,Cash,Não informado
TXN_8735480,2023-06-02,2023,6,2,Tea,5.0,1.5,7.5,7.5,0.0,Cash,Não informado
TXN_3829165,2023-06-15,2023,6,15,Juice,4.0,3.0,12.0,12.0,0.0,Cash,In-store
TXN_3748616,2023-12-09,2023,12,9,Coffee,2.0,2.0,4.0,4.0,0.0,Credit Card,In-store
TXN_1993289,2023-04-18,2023,4,18,Sandwich,2.0,4.0,8.0,8.0,0.0,Não informado,In-store
TXN_2123367,2023-11-07,2023,11,7,Cookie,2.0,1.0,2.0,2.0,0.0,Não informado,Não informado
TXN_5266394,2023-10-28,2023,10,28,Cake,3.0,3.0,9.0,9.0,0.0,Cash,In-store
TXN_5107946,2023-12-22,2023,12,22,Cake,4.0,3.0,12.0,12.0,0.0,Credit Card,Não informado
TXN_8718498,2023-04-30,2023,4,30,Cake,5.0,3.0,15.0,15.0,0.0,Credit Card,Não informado
TXN_3955361,2023-04-02,2023,4,2,Cookie,5.0,1.0,5.0,5.0,0.0,Não informado,Takeaway
TXN_8976658,2023-08-16,2023,8,16,Tea,2.0,1.5,3.0,3.0,0.0,Credit Card,In-store
TXN_2725602,2023-09-10,2023,9,10,Juice,5.0,3.0,15.0,15.0,0.0,Credit Card,Não informado
TXN_3011323,2023-03-07,2023,3,7,Coffee,3.0,2.0,6.0,6.0,0.0,Credit Card,Não informado
TXN_6289610,2023-08-07,2023,8,7,Juice,3.0,3.0,,9.0,,Cash,Takeaway
TXN_8268061,2023-08-20,2023,8,20,Salad,3.0,5.0,15.0,15.0,0.0,Não informado,Takeaway
TXN_5220895,2023-06-10,2023,6,10,Salad,5.0,5.0,25.0,25.0,0.0,Cash,In-store
TXN_3085509,2023-04-15,2023,4,15,Coffee,4.0,2.0,8.0,8.0,0.0,Digital Wallet,In-store
TXN_9999113,2023-05-27,2023,5,27,Juice,4.0,3.0,12.0,12.0,0.0,Cash,Takeaway
TXN_8779771,2023-07-25,2023,7,25,Coffee,4.0,2.0,8.0,8.0,0.0,Cash,In-store
TXN_1621920,2023-10-28,2023,10,28,Salad,3.0,5.0,15.0,15.0,0.0,Não informado,Takeaway
TXN_3808639,2023-12-15,2023,12,15,Juice,2.0,3.0,6.0,6.0,0.0,Digital Wallet,Takeaway
TXN_6955416,2023-02-25,2023,2,25,Salad,4.0,5.0,20.0,20.0,0.0,Não informado,In-store
TXN_3775339,2023-04-03,2023,4,3,Cookie,3.0,1.0,3.0,3.0,0.0,Credit Card,Não informado
TXN_9547091,2023-10-08,2023,10,8,Cookie,3.0,1.0,3.0,3.0,0.0,Credit Card,Não informado
TXN_4358673,2023-12-28,2023,12,28,Cookie,5.0,1.0,5.0,5.0,0.0,Digital Wallet,Takeaway
TXN_4174591,2023-08-30,2023,8,30,Tea,4.0,1.5,6.0,6.0,0.0,Digital Wallet,Não informado
TXN_3398520,2023-02-03,2023,2,3,Sandwich,1.0,4.0,4.0,4.0,0.0,Não informado,In-store
TXN_6171384,2023-09-12,2023,9,12,Smoothie,2.0,4.0,8.0,8.0,0.0,Credit Card,Não informado
TXN_2530938,2023-04-27,2023,4,27,Smoothie,5.0,4.0,20.0,20.0,0.0,Não informado,Takeaway
TXN_3314971,2023-05-04,2023,5,4,Juice,3.0,3.0,9.0,9.0,0.0,Digital Wallet,Não informado
TXN_3092382,2023-02-21,2023,2,21,Coffee,5.0,2.0,10.0,10.0,0.0,Digital Wallet,Não informado
TXN_1535311,2023-03-16,2023,3,16,Juice,3.0,3.0,9.0,9.0,0.0,Cash,Não informado
TXN_4368416,2023-02-24,2023,2,24,Salad,2.0,5.0,10.0,10.0,0.0,Credit Card,Takeaway
TXN_9790731,2023-06-02,2023,6,2,Cake,2.0,3.0,6.0,6.0,0.0,Não informado,Não informado
TXN_9339456,2023-03-29,2023,3,29,Coffee,3.0,2.0,6.0,6.0,0.0,Não informado,Takeaway
TXN_5179020,2023-06-18,2023,6,18,Cake,2.0,3.0,6.0,6.0,0.0,Não informado,Takeaway
TXN_6258471,2023-09-23,2023,9,23,Coffee,5.0,2.0,10.0,10.0,0.0,Digital Wallet,In-store
TXN_7945375,2023-01-14,2023,1,14,Juice,3.0,3.0,9.0,9.0,0.0,Não informado,Não informado
TXN_4685453,2023-09-14,2023,9,14,Tea,4.0,1.5,6.0,6.0,0.0,Cash,In-store
TXN_9646452,2023-09-16,2023,9,16,Juice,5.0,3.0,15.0,15.0,0.0,Credit Card,Não informado
TXN_9096052,2023-12-28,2023,12,28,Smoothie,4.0,4.0,16.0,16.0,0.0,Credit Card,Takeaway
TXN_5916991,2023-02-06,2023,2,6,Juice,2.0,3.0,6.0,6.0,0.0,Digital Wallet,Takeaway
TXN_3407169,2023-03-11,2023,3,11,Sandwich,2.0,4.0,8.0,8.0,0.0,Cash,In-store
TXN_2277042,2023-04-08,2023,4,8,Tea,1.0,1.5,1.5,1.5,0.0,Cash,Não informado
TXN_9273729,2023-12-19,2023,12,19,Tea,1.0,1.5,1.5,1.5,0.0,Não informado,Não informado
TXN_2181545,2023-07-14,2023,7,14,Juice,4.0,3.0,12.0,12.0,0.0,Credit Card,Takeaway
TXN_1150033,2023-04-18,2023,4,18,Juice,5.0,3.0,15.0,15.0,0.0,Cash,In-store
TXN_1443912,2023-06-08,2023,6,8,Juice,2.0,3.0,6.0,6.0,0.0,Não informado,Não informado
TXN_8700451,2023-12-12,2023,12,12,Tea,5.0,1.5,7.5,7.5,0.0,Credit Card,Takeaway
TXN_6380550,2023-01-05,2023,1,5,Coffee,5.0,2.0,10.0,10.0,0.0,Cash,In-store
TXN_4885518,2023-06-10,2023,6,10,Salad,3.0,5.0,15.0,15.0,0.0,Credit Card,In-store
TXN_3972167,2023-01-23,2023,1,23,Sandwich,5.0,4.0,20.0,20.0,0.0,Não informado,In-store
TXN_4878378,2023-02-20,2023,2,20,Tea,1.0,1.5,1.5,1.5,0.0,Credit Card,Não informado
TXN_2368126,2023-12-06,2023,12,6,Cake,5.0,3.0,15.0,15.0,0.0,Não informado,In-store
TXN_8495063,2023-05-31,2023,5,31,Juice,1.0,3.0,,3.0,,Cash,Não informado
TXN_4811133,2023-08-11,2023,8,11,Salad,2.0,5.0,10.0,10.0,0.0,Cash,Não informado
TXN_8729570,2023-09-03,2023,9,3,Tea,5.0,1.5,7.5,7.5,0.0,Não informado,In-store
TXN_7623634,2023-07-11,2023,7,11,Cake,2.0,3.0,,6.0,,Credit Card,In-store
TXN_3424331,2023-01-18,2023,1,18,Cake,4.0,3.0,12.0,12.0,0.0,Não informado,Não informado
TXN_5072031,2023-03-23,2023,3,23,Cake,2.0,3.0,6.0,6.0,0.0,Cash,Takeaway
TXN_8687151,2023-06-10,2023,6,10,Salad,5.0,5.0,25.0,25.0,0.0,Cash,Não informado
TXN_5265095,2023-06-23,2023,6,23,Coffee,1.0,2.0,2.0,2.0,0.0,Não informado,Não informado
TXN_4108138,2023-08-03,2023,8,3,Coffee,5.0,2.0,10.0,10.0,0.0,Cash,Não informado
TXN_1909796,2023-07-12,2023,7,12,Smoothie,2.0,4.0,8.0,8.0,0.0,Não informado,Takeaway
TXN_1928241,2023-04-30,2023,4,30,Coffee,3.0,2.0,6.0,6.0,0.0,Cash,In-store
TXN_4283157,2023-11-25,2023,11,25,Salad,5.0,5.0,25.0,25.0,0.0,Digital Wallet,In-store
TXN_8013032,2023-03-07,2023,3,7,Coffee,2.0,2.0,4.0,4.0,0.0,Credit Card,Não informado
TXN_8301424,2023-06-27,2023,6,27,Juice,2.0,3.0,6.0,6.0,0.0,Não informado,Não informado
TXN_1631695,2023-09-19,2023,9,19,Tea,2.0,1.5,3.0,3.0,0.0,Não informado,In-store
TXN_1648671,2023-05-21,2023,5,21,Sandwich,3.0,4.0,12.0,12.0,0.0,Cash,Takeaway
TXN_4062737,2023-07-02,2023,7,2,Cake,3.0,3.0,9.0,9.0,0.0,Cash,In-store
TXN_9249507,2023-11-21,2023,11,21,Cookie,4.0,1.0,4.0,4.0,0.0,Credit Card,In-store
TXN_4689500,2023-12-02,2023,12,2,Sandwich,4.0,4.0,16.0,16.0,0.0,Não informado,Não informado
TXN_8989148,2023-11-25,2023,11,25,Tea,2.0,1.5,,3.0,,Não informado,Não informado
TXN_8316826,2023-04-17,2023,4,17,Coffee,3.0,2.0,6.0,6.0,0.0,Não informado,In-store
TXN_9836934,2023-03-13,2023,3,13,Cookie,3.0,1.0,3.0,3.0,0.0,Digital Wallet,In-store
TXN_8005489,2023-08-12,2023,8,12,Cake,3.0,3.0,9.0,9.0,0.0,Não informado,In-store
TXN_3925836,2023-02-16,2023,2,16,Cookie,3.0,1.0,3.0,3.0,0.0,Digital Wallet,In-store
TXN_3978874,2023-03-13,2023,3,13,Smoothie,5.0,4.0,20.0,20.0,0.0,Credit Card,In-store
TXN_8955912,2023-11-07,2023,11,7,Sandwich,1.0,4.0,4.0,4.0,0.0,Não informado,Não informado
TXN_1136554,2023-03-26,2023,3,26,Smoothie,3.0,4.0,12.0,12.0,0.0,Não informado,Takeaway
TXN_8007337,2023-11-01,2023,11,1,Cake,2.0,3.0,6.0,6.0,0.0,Digital Wallet,Takeaway
TXN_8129834,2023-07-22,2023,7,22,Salad,1.0,5.0,5.0,5.0,0.0,Cash,Não informado
TXN_5365809,2023-09-14,2023,9,14,Cake,3.0,3.0,9.0,9.0,0.0,Cash,In-store
TXN_6629480,2023-02-28,2023,2,28,Smoothie,5.0,4.0,20.0,20.0,0.0,Credit Card,In-store
TXN_3833797,2023-01-27,2023,1,27,Coffee,4.0,2.0,8.0,8.0,0.0,Não informado,In-store
TXN_2996519,2023-01-19,2023,1,19,Cake,5.0,3.0,15.0,15.0,0.0,Cash,Não informado
TXN_8810894,2023-02-20,2023,2,20,Smoothie,1.0,4.0,4.0,4.0,0.0,Não informado,Não informado
TXN_7412722,2023-04-07,2023,4,7,Juice,4.0,3.0,12.0,12.0,0.0,Cash,In-store
TXN_3937509,2023-03-20,2023,3,20,Smoothie,2.0,4.0,8.0,8.0,0.0,Não informado,In-store
TXN_6000201,2023-02-16,2023,2,16,Cookie,3.0,1.0,3.0,3.0,0.0,Cash,Takeaway
TXN_1714274,2023-12-27,2023,12,27,Cookie,4.0,1.0,4.0,4.0,0.0,Não informado,In-store
TXN_6311602,2023-05-15,2023,5,15,Juice,3.0,3.0,9.0,9.0,0.0,Credit Card,Não informado
TXN_2950680,2023-12-10,2023,12,10,Coffee,2.0,2.0,4.0,4.0,0.0,Credit Card,Takeaway
TXN_6749847,2023-08-15,2023,8,15,Cake,2.0,3.0,6.0,6.0,0.0,Credit Card,Não informado
TXN_2143187,2023-04-21,2023,4,21,Smoothie,1.0,4.0,4.0,4.0,0.0,Não informado,In-store
TXN_4088917,2023-02-04,2023,2,4,Coffee,3.0,2.0,6.0,6.0,0.0,Cash,Takeaway
TXN_3779366,2023-04-15,2023,4,15,Cookie,1.0,1.0,1.0,1.0,0.0,Digital Wallet,In-store
TXN_7724048,2023-11-12,2023,11,12,Smoothie,1.0,4.0,4.0,4.0,0.0,Não informado,In-store
TXN_2698591,2023-08-05,2023,8,5,Tea,5.0,1.5,7.5,7.5,0.0,Não informado,Não informado
TXN_3171373,2023-05-10,2023,5,10,Smoothie,3.0,4.0,12.0,12.0,0.0,Credit Card,In-store
TXN_6498163,2023-07-15,2023,7,15,Smoothie,5.0,4.0,20.0,20.0,0.0,Não informado,In-store
TXN_3857960,2023-04-26,2023,4,26,Salad,4.0,5.0,20.0,20.0,0.0,Cash,In-store
TXN_9250710,2023-05-28,2023,5,28,Salad,1.0,5.0,5.0,5.0,0.0,Cash,In-store
TXN_7058377,2023-04-30,2023,4,30,Juice,1.0,3.0,3.0,3.0,0.0,Não informado,Takeaway
TXN_6766492,2023-01-14,2023,1,14,Salad,1.0,5.0,5.0,5.0,0.0,Não informado,Não informado
TXN_9879996,2023-03-01,2023,3,1,Coffee,4.0,2.0,8.0,8.0,0.0,Digital Wallet,In-store
TXN_4291940,2023-11-13,2023,11,13,Cake,3.0,3.0,9.0,9.0,0.0,Credit Card,In-store
TXN_7433461,2023-07-09,2023,7,9,Cookie,2.0,1.0,2.0,2.0,0.0,Digital Wallet,Não informado
TXN_4068262,2023-05-13,2023,5,13,Salad,2.0,5.0,10.0,10.0,0.0,Credit Card,Não informado
TXN_5047447,2023-12-27,2023,12,27,Salad,1.0,5.0,5.0,5.0,0.0,Digital Wallet,Takeaway
TXN_6623508,2023-05-18,2023,5,18,Cookie,5.0,1.0,5.0,5.0,0.0,Digital Wallet,Takeaway
TXN_8377564,2023-07-14,2023,7,14,Cake,5.0,3.0,15.0,15.0,0.0,Não informado,In-store
TXN_7031118,2023-03-29,2023,3,29,Salad,1.0,5.0,5.0,5.0,0.0,Credit Card,Não informado
TXN_2230167,2023-09-22,2023,9,22,Cake,4.0,3.0,12.0,12.0,0.0,Digital Wallet,Takeaway
TXN_6446616,2023-09-30,2023,9,30,Tea,3.0,1.5,4.5,4.5,0.0,Não informado,Não informado
TXN_1721827,2023-08-22,2023,8,22,Cake,4.0,3.0,12.0,12.0,0.0,Digital Wallet,Não informado
TXN_6334895,2023-07-27,2023,7,27,Smoothie,1.0,4.0,4.0,4.0,0.0,Credit Card,Não informado
TXN_4700144,2023-12-21,2023,12,21,Coffee,4.0,2.0,8.0,8.0,0.0,Não informado,In-store
TXN_5526852,2023-09-28,2023,9,28,Sandwich,5.0,4.0,,20.0,,Digital Wallet,In-store
TXN_8570890,2023-04-14,2023,4,14,Juice,4.0,3.0,12.0,12.0,0.0,Não informado,Não informado
TXN_3786188,2023-10-20,2023,10,20,Tea,3.0,1.5,4.5,4.5,0.0,Credit Card,In-store
TXN_4530804,2023-01-12,2023,1,12,Coffee,4.0,2.0,8.0,8.0,0.0,Não informado,Não informado
TXN_9642066,2023-08-31,2023,8,31,Sandwich,3.0,4.0,12.0,12.0,0.0,Credit Card,In-store
TXN_7328294,2023-07-07,2023,7,7,Juice,2.0,3.0,6.0,6.0,0.0,Cash,Não informado
TXN_5415901,2023-10-21,2023,10,21,Cake,2.0,3.0,6.0,6.0,0.0,Digital Wallet,Não informado
TXN_6616971,2023-09-02,2023,9,2,Juice,2.0,3.0,6.0,6.0,0.0,Digital Wallet,Takeaway
TXN_7803615,2023-12-13,2023,12,13,Salad,3.0,5.0,15.0,15.0,0.0,Cash,In-store
TXN_3544789,2023-07-14,2023,7,14,Tea,4.0,1.5,,6.0,,Não informado,In-store
TXN_1583597,2023-05-10,2023,5,10,Salad,1.0,5.0,5.0,5.0,0.0,Cash,In-store
TXN_8472308,2023-08-19,2023,8,19,Cookie,2.0,1.0,2.0,2.0,0.0,Digital Wallet,Takeaway
TXN_1967565,2023-03-31,2023,3,31,Smoothie,5.0,4.0,20.0,20.0,0.0,Credit Card,Takeaway
TXN_2029497,2023-01-06,2023,1,6,Sandwich,2.0,4.0,8.0,8.0,0.0,Cash,Takeaway
TXN_7852990,2023-07-10,2023,7,10,Sandwich,5.0,4.0,20.0,20.0,0.0,Digital Wallet,Takeaway
TXN_2534066,2023-10-13,2023,10,13,Salad,2.0,5.0,10.0,10.0,0.0,Cash,Não informado
TXN_2059647,2023-05-29,2023,5,29,Tea,1.0,1.5,1.5,1.5,0.0,Digital Wallet,In-store
TXN_2485183,2023-07-07,2023,7,7,Smoothie,5.0,4.0,20.0,20.0,0.0,Cash,In-store
TXN_7374846,2023-05-29,2023,5,29,Sandwich,1.0,4.0,4.0,4.0,0.0,Credit Card,Não informado
TXN_9401522,2023-11-16,2023,11,16,Sandwich,4.0,4.0,16.0,16.0,0.0,Digital Wallet,In-store
TXN_8250651,2023-03-13,2023,3,13,Sandwich,4.0,4.0,16.0,16.0,0.0,Digital Wallet,In-store
TXN_7191245,2023-05-22,2023,5,22,Cake,4.0,3.0,12.0,12.0,0.0,Não informado,Takeaway
TXN_8982764,2023-11-23,2023,11,23,Cake,5.0,3.0,15.0,15.0,0.0,Digital Wallet,Takeaway
TXN_1153869,2023-11-03,2023,11,3,Smoothie,5.0,4.0,20.0,20.0,0.0,Credit Card,Takeaway
TXN_5043774,2023-06-08,2023,6,8,Sandwich,3.0,4.0,12.0,12.0,0.0,Cash,Não informado
TXN_1746320,2023-11-14,2023,11,14,Salad,1.0,5.0,5.0,5.0,0.0,Cash,Não informado
TXN_1077129,2023-09-12,2023,9,12,Cookie,1.0,1.0,1.0,1.0,0.0,Não informado,In-store
TXN_5616583,2023-10-13,2023,10,13,Smoothie,1.0,4.0,4.0,4.0,0.0,Não informado,Não informado
TXN_2078474,2023-11-03,2023,11,3,Cookie,2.0,1.0,2.0,2.0,0.0,Não informado,Takeaway
TXN_2130245,2023-11-13,2023,11,13,Smoothie,5.0,4.0,20.0,20.0,0.0,Credit Card,Não informado
TXN_9076216,2023-12-17,2023,12,17,Cake,1.0,3.0,3.0,3.0,0.0,Cash,Não informado
TXN_6371987,2023-03-13,2023,3,13,Tea,5.0,1.5,,7.5,,Não informado,Takeaway
TXN_2084377,2023-10-22,2023,10,22,Smoothie,1.0,4.0,4.0,4.0,0.0,Credit Card,Não informado
TXN_8605813,2023-06-30,2023,6,30,Cookie,1.0,1.0,1.0,1.0,0.0,Não informado,Não informado
TXN_9755352,2023-05-13,2023,5,13,Sandwich,5.0,4.0,20.0,20.0,0.0,Não informado,In-store
TXN_7557340,2023-12-11,2023,12,11,Tea,5.0,1.5,7.5,7.5,0.0,Credit Card,In-store
TXN_1157817,2023-04-25,2023,4,25,Smoothie,1.0,4.0,4.0,4.0,0.0,Digital Wallet,In-store
TXN_2020318,2023-10-12,2023,10,12,Tea,3.0,1.5,4.5,4.5,0.0,Digital Wallet,In-store
TXN_8692094,2023-08-30,2023,8,30,Coffee,5.0,2.0,10.0,10.0,0.0,Não informado,Takeaway
TXN_5307411,2023-10-21,2023,10,21,Cake,3.0,3.0,,9.0,,Digital Wallet,Takeaway
TXN_9703120,2023-11-02,2023,11,2,Coffee,3.0,2.0,6.0,6.0,0.0,Credit Card,Não informado
TXN_1289133,2023-09-19,2023,9,19,Juice,1.0,3.0,3.0,3.0,0.0,Cash,Não informado
TXN_2031459,2023-07-04,2023,7,4,Cake,3.0,3.0,9.0,9.0,0.0,Cash,Takeaway
TXN_1333682,2023-01-28,2023,1,28,Smoothie,1.0,4.0,4.0,4.0,0.0,Digital Wallet,Não informado
TXN_4912930,2023-02-26,2023,2,26,Smoothie,3.0,4.0,12.0,12.0,0.0,Credit Card,In-store
TXN_4942692,2023-01-15,2023,1,15,Coffee,2.0,2.0,4.0,4.0,0.0,Não informado,Takeaway
TXN_3723007,2023-05-18,2023,5,18,Tea,3.0,1.5,4.5,4.5,0.0,Digital Wallet,In-store
TXN_7922392,2023-05-03,2023,5,3,Sandwich,3.0,4.0,12.0,12.0,0.0,Não informado,Não informado
TXN_7498727,2023-11-06,2023,11,6,Salad,3.0,5.0,15.0,15.0,0.0,Cash,Não informado
TXN_1222338,2023-10-11,2023,10,11,Cookie,1.0,1.0,1.0,1.0,0.0,Não informado,In-store
TXN_6878866,2023-02-25,2023,2,25,Smoothie,3.0,4.0,12.0,12.0,0.0,Credit Card,Não informado
TXN_9223242,2023-09-10,2023,9,10,Smoothie,2.0,4.0,8.0,8.0,0.0,Não informado,Não informado
TXN_6244211,2023-08-11,2023,8,11,Smoothie,2.0,4.0,8.0,8.0,0.0,Não informado,Não informado
TXN_4612864,2023-02-14,2023,2,14,Tea,3.0,1.5,4.5,4.5,0.0,Não informado,Não informado
TXN_3047598,2023-09-06,2023,9,6,Cookie,1.0,1.0,1.0,1.0,0.0,Não informado,Não informado
TXN_7496926,2023-04-23,2023,4,23,Sandwich,3.0,4.0,12.0,12.0,0.0,Não informado,In-store
TXN_7559388,2023-02-26,2023,2,26,Salad,4.0,5.0,20.0,20.0,0.0,Digital Wallet,Takeaway
TXN_8540499,2023-01-22,2023,1,22,Cookie,3.0,1.0,3.0,3.0,0.0,Cash,In-store
TXN_4225756,2023-03-10,2023,3,10,Cookie,3.0,1.0,3.0,3.0,0.0,Não informado,In-store
TXN_6795640,2023-01-28,2023,1,28,Cookie,4.0,1.0,4.0,4.0,0.0,Digital Wallet,Takeaway
TXN_6702428,2023-08-11,2023,8,11,Coffee,5.0,2.0,10.0,10.0,0.0,Cash,Takeaway
TXN_4639319,2023-01-09,2023,1,9,Coffee,5.0,2.0,10.0,10.0,0.0,Cash,Não informado
TXN_5997803,2023-12-03,2023,12,3,Coffee,5.0,2.0,10.0,10.0,0.0,Não informado,In-store
TXN_8319993,2023-08-06,2023,8,6,Juice,1.0,3.0,3.0,3.0,0.0,Digital Wallet,Não informado
TXN_5523450,2023-07-02,2023,7,2,Salad,5.0,5.0,25.0,25.0,0.0,Credit Card,Takeaway
TXN_7838964,2023-06-15,2023,6,15,Sandwich,3.0,4.0,12.0,12.0,0.0,Credit Card,In-store
TXN_2773987,2023-01-11,2023,1,11,Smoothie,5.0,4.0,20.0,20.0,0.0,Não informado,Não informado
TXN_8685737,2023-11-02,2023,11,2,Smoothie,2.0,4.0,8.0,8.0,0.0,Não informado,In-store
TXN_1524626,2023-12-29,2023,12,29,Smoothie,2.0,4.0,8.0,8.0,0.0,Digital Wallet,Não informado
TXN_7275407,2023-10-20,2023,10,20,Smoothie,2.0,4.0,8.0,8.0,0.0,Digital Wallet,In-store
TXN_2889622,2023-11-01,2023,11,1,Juice,4.0,3.0,12.0,12.0,0.0,Credit Card,Não informado
TXN_9472241,2023-06-30,2023,6,30,Salad,3.0,5.0,15.0,15.0,0.0,Cash,Takeaway
TXN_4473352,2023-11-16,2023,11,16,Cake,1.0,3.0,3.0,3.0,0.0,Não informado,In-store
TXN_2814363,2023-07-02,2023,7,2,Tea,2.0,1.5,3.0,3.0,0.0,Não informado,Não informado
TXN_1846004,2023-05-21,2023,5,21,Juice,3.0,3.0,9.0,9.0,0.0,Cash,In-store
TXN_7140471,2023-05-25,2023,5,25,Cake,1.0,3.0,3.0,3.0,0.0,Credit Card,Não informado
TXN_3119542,2023-10-31,2023,10,31,Smoothie,1.0,4.0,4.0,4.0,0.0,Credit Card,Não informado
TXN_7773968,2023-02-24,2023,2,24,Sandwich,5.0,4.0,20.0,20.0,0.0,Digital Wallet,Takeaway
TXN_9081088,2023-02-27,2023,2,27,Tea,2.0,1.5,3.0,3.0,0.0,Cash,Takeaway
TXN_8559167,2023-12-09,2023,12,9,Sandwich,5.0,4.0,,20.0,,Não informado,Takeaway
TXN_1130191,2023-04-06,2023,4,6,Smoothie,2.0,4.0,8.0,8.0,0.0,Cash,In-store
TXN_5215451,2023-11-02,2023,11,2,Sandwich,5.0,4.0,20.0,20.0,0.0,Digital Wallet,Não informado
TXN_1040764,2023-07-27,2023,7,27,Coffee,3.0,2.0,6.0,6.0,0.0,Cash,Takeaway
TXN_5457133,2023-03-03,2023,3,3,Juice,5.0,3.0,15.0,15.0,0.0,Não informado,In-store
TXN_2100697,2023-09-19,2023,9,19,Coffee,3.0,2.0,6.0,6.0,0.0,Digital Wallet,Takeaway
TXN_7676968,2023-02-21,2023,2,21,Smoothie,4.0,4.0,16.0,16.0,0.0,Não informado,In-store
TXN_5726998,2023-08-12,2023,8,12,Cake,3.0,3.0,9.0,9.0,0.0,Credit Card,Não informado
TXN_4134594,2023-09-27,2023,9,27,Sandwich,3.0,4.0,12.0,12.0,0.0,Digital Wallet,In-store
TXN_5079340,2023-08-18,2023,8,18,Cookie,4.0,1.0,4.0,4.0,0.0,Cash,In-store
TXN_1380601,2023-03-11,2023,3,11,Tea,4.0,1.5,6.0,6.0,0.0,Digital Wallet,In-store
TXN_3959152,2023-05-21,2023,5,21,Juice,1.0,3.0,3.0,3.0,0.0,Não informado,In-store
TXN_7776739,2023-02-23,2023,2,23,Tea,2.0,1.5,3.0,3.0,0.0,Não informado,Takeaway
TXN_8703771,2023-05-12,2023,5,12,Cake,5.0,3.0,15.0,15.0,0.0,Não informado,In-store
TXN_2052395,2023-07-06,2023,7,6,Smoothie,3.0,4.0,12.0,12.0,0.0,Credit Card,In-store
TXN_8256593,2023-08-09,2023,8,9,Salad,2.0,5.0,10.0,10.0,0.0,Digital Wallet,Takeaway
TXN_9271457,2023-02-27,2023,2,27,Cake,3.0,3.0,9.0,9.0,0.0,Digital Wallet,In-store
TXN_5392603,2023-05-14,2023,5,14,Coffee,1.0,2.0,2.0,2.0,0.0,Cash,In-store
TXN_9263299,2023-10-08,2023,10,8,Cookie,2.0,1.0,2.0,2.0,0.0,Credit Card,Takeaway
TXN_2301505,2023-03-21,2023,3,21,Cake,5.0,3.0,15.0,15.0,0.0,Digital Wallet,Não informado
TXN_5895177,2023-08-16,2023,8,16,Cake,5.0,3.0,15.0,15.0,0.0,Não informado,Não informado
TXN_8147357,2023-04-20,2023,4,20,Tea,5.0,1.5,7.5,7.5,0.0,Não informado,Takeaway
TXN_1436343,2023-11-26,2023,11,26,Cookie,1.0,1.0,1.0,1.0,0.0,Credit Card,In-store
TXN_2214698,2023-10-10,2023,10,10,Salad,4.0,5.0,20.0,20.0,0.0,Credit Card,Não informado
TXN_7480234,2023-05-10,2023,5,10,Salad,1.0,5.0,5.0,5.0,0.0,Cash,Takeaway
TXN_3093219,2023-01-28,2023,1,28,Juice,5.0,3.0,,15.0,,Cash,Não informado
TXN_4010658,2023-09-26,2023,9,26,Tea,5.0,1.5,7.5,7.5,0.0,Não informado,Não informado
TXN_1454467,2023-03-15,2023,3,15,Juice,3.0,3.0,9.0,9.0,0.0,Cash,In-store
TXN_2598728,2023-01-13,2023,1,13,Cake,2.0,3.0,6.0,6.0,0.0,Credit Card,Não informado
TXN_3390285,2023-02-06,2023,2,6,Tea,2.0,1.5,3.0,3.0,0.0,Não informado,Takeaway
TXN_8224079,2023-10-16,2023,10,16,Cookie,5.0,1.0,5.0,5.0,0.0,Cash,In-store
TXN_1916339,2023-07-15,2023,7,15,Cake,1.0,3.0,3.0,3.0,0.0,Cash,In-store
TXN_8611035,2023-05-28,2023,5,28,Sandwich,5.0,4.0,20.0,20.0,0.0,Digital Wallet,In-store
TXN_3595735,2023-03-26,2023,3,26,Tea,4.0,1.5,6.0,6.0,0.0,Digital Wallet,Takeaway
TXN_4884822,2023-04-23,2023,4,23,Cookie,1.0,1.0,1.0,1.0,0.0,Credit Card,Não informado
TXN_3668051,2023-11-17,2023,11,17,Cake,1.0,3.0,3.0,3.0,0.0,Não informado,Não informado
TXN_6169633,2023-12-20,2023,12,20,Salad,4.0,5.0,20.0,20.0,0.0,Credit Card,Takeaway
TXN_3884811,2023-06-10,2023,6,10,Coffee,4.0,2.0,8.0,8.0,0.0,Credit Card,Não informado
TXN_4518102,2023-02-08,2023,2,8,Tea,5.0,1.5,7.5,7.5,0.0,Credit Card,In-store
TXN_5939055,2023-10-21,2023,10,21,Coffee,3.0,2.0,,6.0,,Não informado,Takeaway
TXN_8158496,2023-06-19,2023,6,19,Tea,4.0,1.5,6.0,6.0,0.0,Cash,Não informado
TXN_2726848,2023-09-11,2023,9,11,Cake,5.0,3.0,,15.0,,Credit Card,Não informado
TXN_3666858,2023-12-27,2023,12,27,Cake,4.0,3.0,12.0,12.0,0.0,Credit Card,In-store
TXN_5499915,2023-02-01,2023,2,1,Cookie,2.0,1.0,2.0,2.0,0.0,Digital Wallet,Takeaway
TXN_1564754,2023-03-14,2023,3,14,Salad,3.0,5.0,15.0,15.0,0.0,Digital Wallet,In-store
TXN_1824506,2023-03-02,2023,3,2,Cake,1.0,3.0,3.0,3.0,0.0,Cash,In-store
TXN_3677592,2023-05-29,2023,5,29,Sandwich,2.0,4.0,8.0,8.0,0.0,Cash,Não informado
TXN_1002457,2023-09-29,2023,9,29,Cookie,5.0,1.0,5.0,5.0,0.0,Digital Wallet,Takeaway
TXN_8056263,2023-04-20,2023,4,20,Smoothie,5.0,4.0,20.0,20.0,0.0,Não informado,In-store
TXN_4732351,2023-04-22,2023,4,22,Sandwich,1.0,4.0,4.0,4.0,0.0,Digital Wallet,In-store
TXN_8049191,2023-07-31,2023,7,31,Cake,3.0,3.0,9.0,9.0,0.0,Credit Card,Não informado
TXN_4980036,2023-01-05,2023,1,5,Cake,2.0,3.0,6.0,6.0,0.0,Cash,Takeaway
TXN_3022839,2023-08-25,2023,8,25,Coffee,5.0,2.0,10.0,10.0,0.0,Digital Wallet,Takeaway
TXN_7701070,2023-07-28,2023,7,28,Coffee,5.0,2.0,10.0,10.0,0.0,Credit Card,Takeaway
TXN_8048037,2023-03-31,2023,3,31,Sandwich,2.0,4.0,8.0,8.0,0.0,Digital Wallet,Takeaway
TXN_4444463,2023-05-16,2023,5,16,Cake,4.0,3.0,12.0,12.0,0.0,Não informado,Não informado
TXN_1887522,2023-02-20,2023,2,20,Sandwich,4.0,4.0,16.0,16.0,0.0,Cash,In-store
TXN_6908953,2023-12-08,2023,12,8,Tea,1.0,1.5,1.5,1.5,0.0,Não informado,In-store
TXN_4759769,2023-08-03,2023,8,3,Sandwich,1.0,4.0,4.0,4.0,0.0,Não informado,In-store
TXN_2254479,2023-08-03,2023,8,3,Tea,2.0,1.5,3.0,3.0,0.0,Não informado,Takeaway
TXN_7555408,2023-06-06,2023,6,6,Salad,2.0,5.0,10.0,10.0,0.0,Não informado,In-store
TXN_6857943,2023-01-08,2023,1,8,Cake,5.0,3.0,15.0,15.0,0.0,Não informado,Takeaway
TXN_9552845,2023-02-18,2023,2,18,Sandwich,3.0,4.0,12.0,12.0,0.0,Cash,Não informado
TXN_6769465,2023-06-13,2023,6,13,Juice,5.0,3.0,15.0,15.0,0.0,Digital Wallet,In-store
TXN_3656762,2023-07-31,2023,7,31,Sandwich,2.0,4.0,8.0,8.0,0.0,Não informado,Takeaway
TXN_4980282,2023-10-22,2023,10,22,Cake,1.0,3.0,3.0,3.0,0.0,Digital Wallet,In-store
TXN_2508476,2023-04-14,2023,4,14,Smoothie,5.0,4.0,20.0,20.0,0.0,Cash,Não informado
TXN_8209125,2023-01-30,2023,1,30,Cookie,3.0,1.0,3.0,3.0,0.0,Credit Card,Takeaway
TXN_1751164,2023-09-11,2023,9,11,Salad,2.0,5.0,10.0,10.0,0.0,Cash,Não informado
TXN_3730415,2023-04-09,2023,4,9,Cake,4.0,3.0,12.0,12.0,0.0,Credit Card,Takeaway
TXN_4134253,2023-10-07,2023,10,7,Tea,4.0,1.5,6.0,6.0,0.0,Cash,In-store
TXN_3256497,2023-08-20,2023,8,20,Coffee,2.0,2.0,4.0,4.0,0.0,Cash,Não informado
TXN_8763180,2023-04-16,2023,4,16,Smoothie,1.0,4.0,,4.0,,Não informado,Takeaway
TXN_3219175,2023-02-23,2023,2,23,Sandwich,5.0,4.0,20.0,20.0,0.0,Não informado,Não informado
TXN_6234872,2023-12-23,2023,12,23,Smoothie,1.0,4.0,,4.0,,Não informado,Não informado
TXN_7919440,2023-08-19,2023,8,19,Tea,4.0,1.5,6.0,6.0,0.0,Cash,Não informado
TXN_7558641,2023-12-22,2023,12,22,Coffee,1.0,2.0,2.0,2.0,0.0,Digital Wallet,In-store
TXN_9940220,2023-03-05,2023,3,5,Juice,2.0,3.0,6.0,6.0,0.0,Não informado,Takeaway
TXN_2130483,2023-11-25,2023,11,25,Tea,4.0,1.5,6.0,6.0,0.0,Cash,Não informado
TXN_1972584,2023-07-10,2023,7,10,Sandwich,5.0,4.0,20.0,20.0,0.0,Digital Wallet,Não informado
TXN_3150792,2023-07-02,2023,7,2,Coffee,5.0,2.0,,10.0,,Cash,Não informado
TXN_2980008,2023-11-17,2023,11,17,Cake,3.0,3.0,9.0,9.0,0.0,Digital Wallet,Não informado
TXN_5511805,2023-06-03,2023,6,3,Juice,1.0,3.0,,3.0,,Não informado,Takeaway
TXN_7292548,2023-03-24,2023,3,24,Cookie,4.0,1.0,4.0,4.0,0.0,Digital Wallet,Não informado
TXN_2169664,2023-07-23,2023,7,23,Smoothie,1.0,4.0,4.0,4.0,0.0,Cash,Não informado
TXN_3234877,2023-07-29,2023,7,29,Coffee,4.0,2.0,8.0,8.0,0.0,Cash,Takeaway
TXN_6368719,2023-01-03,2023,1,3,Cake,4.0,3.0,12.0,12.0,0.0,Credit Card,Takeaway
TXN_8852585,2023-01-05,2023,1,5,Sandwich,4.0,4.0,16.0,16.0,0.0,Credit Card,Takeaway
TXN_9201010,2023-03-15,2023,3,15,Salad,1.0,5.0,5.0,5.0,0.0,Credit Card,Takeaway
TXN_2873990,2023-03-12,2023,3,12,Sandwich,2.0,4.0,8.0,8.0,0.0,Não informado,Não informado
TXN_3088796,2023-08-16,2023,8,16,Sandwich,4.0,4.0,16.0,16.0,0.0,Credit Card,Não informado
TXN_3414935,2023-08-03,2023,8,3,Coffee,4.0,2.0,8.0,8.0,0.0,Não informado,In-store
TXN_3607652,2023-06-05,2023,6,5,Salad,4.0,5.0,20.0,20.0,0.0,Digital Wallet,In-store
TXN_8502094,2023-03-21,2023,3,21,Juice,5.0,3.0,15.0,15.0,0.0,Credit Card,In-store
TXN_9068244,2023-10-19,2023,10,19,Sandwich,5.0,4.0,20.0,20.0,0.0,Digital Wallet,Takeaway
TXN_2696664,2023-01-07,2023,1,7,Cookie,5.0,1.0,5.0,5.0,0.0,Não informado,In-store
TXN_7633490,2023-10-27,2023,10,27,Cookie,1.0,1.0,1.0,1.0,0.0,Cash,Takeaway
TXN_9292230,2023-07-14,2023,7,14,Tea,4.0,1.5,6.0,6.0,0.0,Credit Card,In-store
TXN_5081978,2023-10-19,2023,10,19,Cake,1.0,3.0,3.0,3.0,0.0,Não informado,In-store
TXN_7314409,2023-08-06,2023,8,6,Smoothie,5.0,4.0,20.0,20.0,0.0,Credit Card,Não informado
TXN_8006668,2023-12-22,2023,12,22,Tea,4.0,1.5,6.0,6.0,0.0,Credit Card,In-store
TXN_4369043,2023-03-25,2023,3,25,Juice,2.0,3.0,6.0,6.0,0.0,Cash,Não informado
TXN_3560062,2023-03-20,2023,3,20,Cookie,1.0,1.0,1.0,1.0,0.0,Cash,In-store
TXN_4769307,2023-12-24,2023,12,24,Tea,5.0,1.5,7.5,7.5,0.0,Digital Wallet,Não informado
TXN_7270652,2023-05-14,2023,5,14,Sandwich,1.0,4.0,4.0,4.0,0.0,Não informado,Takeaway
TXN_4991815,2023-11-06,2023,11,6,Cake,5.0,3.0,15.0,15.0,0.0,Cash,Não informado
TXN_6360132,2023-09-16,2023,9,16,Sandwich,4.0,4.0,16.0,16.0,0.0,Cash,Takeaway
TXN_8199829,2023-07-29,2023,7,29,Cake,2.0,3.0,6.0,6.0,0.0,Credit Card,Não informado
TXN_7864939,2023-08-19,2023,8,19,Sandwich,3.0,4.0,12.0,12.0,0.0,Digital Wallet,In-store
TXN_2640701,2023-05-07,2023,5,7,Salad,3.0,5.0,15.0,15.0,0.0,Não informado,Takeaway
TXN_3740963,2023-01-22,2023,1,22,Salad,2.0,5.0,10.0,10.0,0.0,Digital Wallet,Takeaway
TXN_8101633,2023-08-10,2023,8,10,Sandwich,2.0,4.0,8.0,8.0,0.0,Não informado,In-store
TXN_6063966,2023-10-24,2023,10,24,Juice,2.0,3.0,6.0,6.0,0.0,Digital Wallet,Takeaway
TXN_3779640,2023-05-16,2023,5,16,Tea,1.0,1.5,1.5,1.5,0.0,Digital Wallet,In-store
TXN_8278833,2023-02-26,2023,2,26,Cake,3.0,3.0,9.0,9.0,0.0,Não informado,Não informado
TXN_8778598,2023-09-02,2023,9,2,Sandwich,3.0,4.0,12.0,12.0,0.0,Cash,Não informado
TXN_7550103,2023-01-19,2023,1,19,Cake,5.0,3.0,15.0,15.0,0.0,Não informado,Takeaway
TXN_3664656,2023-08-13,2023,8,13,Cookie,5.0,1.0,5.0,5.0,0.0,Não informado,Takeaway
TXN_7296560,2023-10-20,2023,10,20,Juice,2.0,3.0,6.0,6.0,0.0,Não informado,Não informado
TXN_8136881,2023-08-28,2023,8,28,Salad,3.0,5.0,15.0,15.0,0.0,Cash,In-store
TXN_3981449,2023-06-21,2023,6,21,Smoothie,2.0,4.0,8.0,8.0,0.0,Cash,In-store
TXN_2641386,2023-03-25,2023,3,25,Sandwich,3.0,4.0,12.0,12.0,0.0,Não informado,Takeaway
TXN_4033802,2023-03-02,2023,3,2,Tea,3.0,1.5,4.5,4.5,0.0,Cash,Takeaway
TXN_4183823,2023-03-28,2023,3,28,Sandwich,4.0,4.0,16.0,16.0,0.0,Credit Card,Não informado
TXN_4696439,2023-05-27,2023,5,27,Cookie,1.0,1.0,1.0,1.0,0.0,Cash,In-store
TXN_8826983,2023-01-14,2023,1,14,Smoothie,5.0,4.0,20.0,20.0,0.0,Cash,In-store
TXN_8267034,2023-06-20,2023,6,20,Juice,2.0,3.0,6.0,6.0,0.0,Não informado,Takeaway
TXN_1959334,2023-06-29,2023,6,29,Coffee,3.0,2.0,6.0,6.0,0.0,Não informado,Não informado
TXN_6842808,2023-10-22,2023,10,22,Tea,2.0,1.5,3.0,3.0,0.0,Não informado,Não informado
TXN_2947822,2023-10-27,2023,10,27,Cake,4.0,3.0,12.0,12.0,0.0,Digital Wallet,In-store
TXN_2148838,2023-08-05,2023,8,5,Sandwich,2.0,4.0,8.0,8.0,0.0,Credit Card,Não informado
TXN_1330506,2023-11-10,2023,11,10,Cookie,3.0,1.0,3.0,3.0,0.0,Digital Wallet,Não informado
TXN_8957369,2023-10-18,2023,10,18,Salad,4.0,5.0,20.0,20.0,0.0,Digital Wallet,Não informado
TXN_9340653,2023-10-19,2023,10,19,Smoothie,1.0,4.0,4.0,4.0,0.0,Digital Wallet,Não informado
TXN_2493446,2023-05-19,2023,5,19,Sandwich,1.0,4.0,4.0,4.0,0.0,Cash,Takeaway
TXN_4538354,2023-04-21,2023,4,21,Juice,3.0,3.0,9.0,9.0,0.0,Cash,Takeaway
TXN_7098730,2023-11-10,2023,11,10,Cake,2.0,3.0,6.0,6.0,0.0,Digital Wallet,Não informado
TXN_2690314,2023-08-10,2023,8,10,Tea,5.0,1.5,7.5,7.5,0.0,Cash,In-store
TXN_8171171,2023-05-13,2023,5,13,Coffee,1.0,2.0,2.0,2.0,0.0,Não informado,Takeaway
TXN_2968827,2023-09-14,2023,9,14,Salad,5.0,5.0,25.0,25.0,0.0,Digital Wallet,Takeaway
TXN_1387401,2023-10-19,2023,10,19,Cookie,4.0,1.0,4.0,4.0,0.0,Cash,In-store
TXN_6727029,2023-07-07,2023,7,7,Tea,2.0,1.5,3.0,3.0,0.0,Não informado,Takeaway
TXN_3917193,2023-11-17,2023,11,17,Juice,5.0,3.0,15.0,15.0,0.0,Credit Card,Takeaway
TXN_8518516,2023-08-16,2023,8,16,Sandwich,4.0,4.0,16.0,16.0,0.0,Não informado,Não informado
TXN_2062854,2023-12-01,2023,12,1,Sandwich,4.0,4.0,16.0,16.0,0.0,Digital Wallet,Takeaway
TXN_4075863,2023-05-21,2023,5,21,Smoothie,3.0,4.0,,12.0,,Cash,Takeaway
TXN_5624860,2023-08-22,2023,8,22,Tea,3.0,1.5,4.5,4.5,0.0,Credit Card,Takeaway
TXN_6669417,2023-01-03,2023,1,3,Salad,5.0,5.0,25.0,25.0,0.0,Não informado,Takeaway
TXN_7837381,2023-07-17,2023,7,17,Sandwich,5.0,4.0,20.0,20.0,0.0,Não informado,Takeaway
TXN_1725926,2023-12-23,2023,12,23,Juice,5.0,3.0,15.0,15.0,0.0,Credit Card,Não informado
TXN_3403173,2023-06-24,2023,6,24,Salad,1.0,5.0,5.0,5.0,0.0,Não informado,Não informado
TXN_3381656,2023-10-26,2023,10,26,Cake,5.0,3.0,15.0,15.0,0.0,Cash,Takeaway
TXN_9956154,2023-05-11,2023,5,11,Cake,4.0,3.0,12.0,12.0,0.0,Não informado,In-store
TXN_6250692,2023-09-01,2023,9,1,Sandwich,1.0,4.0,4.0,4.0,0.0,Não informado,Não informado
TXN_1183995,2023-03-28,2023,3,28,Salad,5.0,5.0,25.0,25.0,0.0,Digital Wallet,Takeaway
TXN_9452225,2023-02-26,2023,2,26,Tea,1.0,1.5,1.5,1.5,0.0,Não informado,In-store
TXN_9113574,2023-01-04,2023,1,4,Coffee,4.0,2.0,8.0,8.0,0.0,Não informado,In-store
TXN_5813015,2023-10-07,2023,10,7,Cookie,5.0,1.0,5.0,5.0,0.0,Digital Wallet,Não informado
TXN_3213035,2023-05-21,2023,5,21,Smoothie,4.0,4.0,16.0,16.0,0.0,Não informado,In-store
TXN_7578769,2023-01-30,2023,1,30,Sandwich,5.0,4.0,20.0,20.0,0.0,Digital Wallet,Takeaway
TXN_3515664,2023-09-25,2023,9,25,Coffee,2.0,2.0,4.0,4.0,0.0,Cash,Takeaway
TXN_6209258,2023-03-06,2023,3,6,Juice,1.0,3.0,3.0,3.0,0.0,Credit Card,Não informado
TXN_8594004,2023-02-25,2023,2,25,Cookie,4.0,1.0,4.0,4.0,0.0,Credit Card,Não informado
TXN_6422433,2023-05-09,2023,5,9,Sandwich,5.0,4.0,20.0,20.0,0.0,Digital Wallet,Takeaway
TXN_2865033,2023-08-03,2023,8,3,Coffee,2.0,2.0,,4.0,,Cash,Não informado
TXN_5547519,2023-05-13,2023,5,13,Salad,4.0,5.0,20.0,20.0,0.0,Não informado,In-store
TXN_2392263,2023-02-08,2023,2,8,Salad,5.0,5.0,25.0,25.0,0.0,Não informado,Takeaway
TXN_4669664,2023-12-21,2023,12,21,Cookie,1.0,1.0,1.0,1.0,0.0,Digital Wallet,In-store
TXN_9470612,2023-04-30,2023,4,30,Cake,3.0,3.0,9.0,9.0,0.0,Não informado,Takeaway
TXN_8320245,2023-04-09,2023,4,9,Tea,3.0,1.5,4.5,4.5,0.0,Não informado,Takeaway
TXN_5904646,2023-03-26,2023,3,26,Smoothie,1.0,4.0,4.0,4.0,0.0,Não informado,Não informado
TXN_4498526,2023-06-20,2023,6,20,Smoothie,3.0,4.0,12.0,12.0,0.0,Credit Card,Não informado
TXN_5209585,2023-08-12,2023,8,12,Tea,2.0,1.5,3.0,3.0,0.0,Não informado,Takeaway
TXN_2213556,2023-05-30,2023,5,30,Coffee,1.0,2.0,2.0,2.0,0.0,Cash,In-store
TXN_3826038,2023-10-20,2023,10,20,Salad,1.0,5.0,5.0,5.0,0.0,Cash,Takeaway
TXN_7596587,2023-02-08,2023,2,8,Tea,3.0,1.5,4.5,4.5,0.0,Credit Card,Não informado
TXN_7380277,2023-04-24,2023,4,24,Sandwich,4.0,4.0,16.0,16.0,0.0,Digital Wallet,Takeaway
TXN_1353479,2023-09-20,2023,9,20,Smoothie,4.0,4.0,16.0,16.0,0.0,Cash,Não informado
TXN_6054137,2023-05-09,2023,5,9,Juice,3.0,3.0,9.0,9.0,0.0,Não informado,In-store
TXN_9266394,2023-07-12,2023,7,12,Cookie,2.0,1.0,2.0,2.0,0.0,Credit Card,In-store
TXN_6152588,2023-11-21,2023,11,21,Coffee,3.0,2.0,6.0,6.0,0.0,Cash,Takeaway
TXN_2156206,2023-02-04,2023,2,4,Smoothie,2.0,4.0,8.0,8.0,0.0,Não informado,Não informado
TXN_3142258,2023-11-03,2023,11,3,Salad,4.0,5.0,,20.0,,Não informado,Takeaway
TXN_5739806,2023-09-18,2023,9,18,Smoothie,3.0,4.0,12.0,12.0,0.0,Credit Card,In-store
TXN_9228978,2023-02-09,2023,2,9,Coffee,5.0,2.0,10.0,10.0,0.0,Digital Wallet,In-store
TXN_5897205,2023-06-10,2023,6,10,Cookie,1.0,1.0,1.0,1.0,0.0,Não informado,In-store
TXN_1556652,2023-04-06,2023,4,6,Cake,5.0,3.0,15.0,15.0,0.0,Digital Wallet,Não informado
TXN_8608765,2023-09-02,2023,9,2,Salad,4.0,5.0,20.0,20.0,0.0,Credit Card,Não informado
TXN_1124753,2023-10-19,2023,10,19,Salad,4.0,5.0,20.0,20.0,0.0,Digital Wallet,In-store
TXN_9410981,2023-02-07,2023,2,7,Cookie,2.0,1.0,2.0,2.0,0.0,Não informado,Takeaway
TXN_7611120,2023-03-30,2023,3,30,Juice,2.0,3.0,6.0,6.0,0.0,Cash,Takeaway
TXN_2106959,2023-09-05,2023,9,5,Sandwich,5.0,4.0,20.0,20.0,0.0,Digital Wallet,Não informado
TXN_2237115,2023-01-13,2023,1,13,Coffee,1.0,2.0,2.0,2.0,0.0,Não informado,Takeaway
TXN_6836137,2023-08-30,2023,8,30,Cake,4.0,3.0,12.0,12.0,0.0,Não informado,In-store
TXN_6316959,2023-11-10,2023,11,10,Tea,2.0,1.5,3.0,3.0,0.0,Cash,In-store
TXN_2265984,2023-10-18,2023,10,18,Cookie,5.0,1.0,5.0,5.0,0.0,Credit Card,Takeaway
TXN_6352917,2023-05-05,2023,5,5,Salad,5.0,5.0,,25.0,,Cash,Não informado
TXN_9564123,2023-03-23,2023,3,23,Cake,4.0,3.0,12.0,12.0,0.0,Credit Card,Não informado
TXN_1123138,2023-02-10,2023,2,10,Salad,1.0,5.0,5.0,5.0,0.0,Cash,In-store
TXN_9212503,2023-10-08,2023,10,8,Salad,2.0,5.0,10.0,10.0,0.0,Digital Wallet,Takeaway
TXN_2806243,2023-01-14,2023,1,14,Salad,4.0,5.0,20.0,20.0,0.0,Digital Wallet,Takeaway
TXN_9759896,2023-12-02,2023,12,2,Tea,4.0,1.5,6.0,6.0,0.0,Não informado,Não informado
TXN_7560807,2023-04-16,2023,4,16,Salad,2.0,5.0,10.0,10.0,0.0,Credit Card,Não informado
TXN_3286932,2023-07-11,2023,7,11,Cookie,1.0,1.0,1.0,1.0,0.0,Digital Wallet,Takeaway
TXN_3481470,2023-12-24,2023,12,24,Salad,4.0,5.0,20.0,20.0,0.0,Credit Card,In-store
TXN_3469469,2023-10-25,2023,10,25,Cookie,1.0,1.0,1.0,1.0,0.0,Digital Wallet,In-store
TXN_3179966,2023-05-27,2023,5,27,Tea,2.0,1.5,3.0,3.0,0.0,Digital Wallet,Não informado
TXN_3629351,2023-07-21,2023,7,21,Cake,1.0,3.0,3.0,3.0,0.0,Digital Wallet,Não informado
TXN_3142836,2023-11-01,2023,11,1,Cake,2.0,3.0,6.0,6.0,0.0,Cash,Não informado
TXN_4998786,2023-10-25,2023,10,25,Cake,5.0,3.0,15.0,15.0,0.0,Credit Card,Takeaway
TXN_6904590,2023-02-19,2023,2,19,Coffee,4.0,2.0,8.0,8.0,0.0,Credit Card,Não informado
TXN_2126408,2023-10-19,2023,10,19,Cookie,3.0,1.0,3.0,3.0,0.0,Cash,Takeaway
TXN_8664315,2023-08-14,2023,8,14,Salad,2.0,5.0,10.0,10.0,0.0,Cash,Não informado
TXN_8958593,2023-07-08,2023,7,8,Juice,5.0,3.0,15.0,15.0,0.0,Digital Wallet,In-store
TXN_2383598,2023-09-19,2023,9,19,Sandwich,2.0,4.0,8.0,8.0,0.0,Digital Wallet,In-store
TXN_2211685,2023-06-06,2023,6,6,Smoothie,1.0,4.0,4.0,4.0,0.0,Credit Card,In-store
TXN_1503602,2023-12-16,2023,12,16,Tea,5.0,1.5,7.5,7.5,0.0,Digital Wallet,Não informado
TXN_8716752,2023-12-05,2023,12,5,Juice,1.0,3.0,3.0,3.0,0.0,Não informado,In-store
TXN_5933480,2023-09-04,2023,9,4,Sandwich,3.0,4.0,12.0,12.0,0.0,Digital Wallet,In-store
TXN_4364091,2023-04-14,2023,4,14,Smoothie,1.0,4.0,4.0,4.0,0.0,Não informado,Takeaway
TXN_6721531,2023-03-06,2023,3,6,Tea,4.0,1.5,6.0,6.0,0.0,Não informado,In-store
TXN_5447508,2023-06-28,2023,6,28,Sandwich,3.0,4.0,12.0,12.0,0.0,Digital Wallet,Takeaway
TXN_5686113,2023-09-09,2023,9,9,Sandwich,5.0,4.0,20.0,20.0,0.0,Digital Wallet,In-store
TXN_9239779,2023-01-09,2023,1,9,Salad,1.0,5.0,5.0,5.0,0.0,Cash,Não informado
TXN_9265319,2023-11-15,2023,11,15,Salad,3.0,5.0,15.0,15.0,0.0,Cash,Não informado
TXN_9265313,2023-10-01,2023,10,1,Cake,3.0,3.0,9.0,9.0,0.0,Não informado,In-store
TXN_3397609,2023-07-22,2023,7,22,Smoothie,2.0,4.0,8.0,8.0,0.0,Digital Wallet,In-store
TXN_9347203,2023-04-15,2023,4,15,Sandwich,5.0,4.0,20.0,20.0,0.0,Cash,In-store
TXN_2132186,2023-02-01,2023,2,1,Salad,1.0,5.0,5.0,5.0,0.0,Credit Card,Não informado
TXN_3383926,2023-07-08,2023,7,8,Cake,3.0,3.0,9.0,9.0,0.0,Cash,Takeaway
TXN_6905718,2023-02-20,2023,2,20,Salad,5.0,5.0,25.0,25.0,0.0,Credit Card,In-store
TXN_3130548,2023-08-21,2023,8,21,Cookie,4.0,1.0,4.0,4.0,0.0,Não informado,Takeaway
TXN_7993951,2023-12-14,2023,12,14,Tea,2.0,1.5,3.0,3.0,0.0,Digital Wallet,Takeaway
TXN_4876440,2023-07-01,2023,7,1,Cookie,3.0,1.0,3.0,3.0,0.0,Não informado,Takeaway
TXN_9323513,2023-05-04,2023,5,4,Cake,3.0,3.0,9.0,9.0,0.0,Não informado,Takeaway
TXN_9097641,2023-12-16,2023,12,16,Cake,4.0,3.0,12.0,12.0,0.0,Cash,Takeaway
TXN_1775884,2023-10-08,2023,10,8,Juice,4.0,3.0,12.0,12.0,0.0,Cash,Não informado
TXN_8536115,2023-07-11,2023,7,11,Cake,1.0,3.0,3.0,3.0,0.0,Credit Card,Takeaway
TXN_8032010,2023-06-14,2023,6,14,Tea,1.0,1.5,1.5,1.5,0.0,Cash,Não informado
TXN_2915281,2023-07-01,2023,7,1,Cookie,1.0,1.0,1.0,1.0,0.0,Digital Wallet,In-store
TXN_3468006,2023-07-28,2023,7,28,Smoothie,3.0,4.0,12.0,12.0,0.0,Credit Card,Takeaway
TXN_7604541,2023-04-16,2023,4,16,Juice,4.0,3.0,12.0,12.0,0.0,Credit Card,In-store
TXN_9238689,2023-03-09,2023,3,9,Cake,1.0,3.0,3.0,3.0,0.0,Digital Wallet,In-store
TXN_2601689,2023-01-14,2023,1,14,Salad,4.0,5.0,20.0,20.0,0.0,Digital Wallet,Takeaway
TXN_6428182,2023-11-10,2023,11,10,Cake,5.0,3.0,15.0,15.0,0.0,Cash,In-store
TXN_6830557,2023-11-08,2023,11,8,Coffee,3.0,2.0,6.0,6.0,0.0,Digital Wallet,Takeaway
TXN_6371264,2023-02-27,2023,2,27,Smoothie,5.0,4.0,20.0,20.0,0.0,Cash,Takeaway
TXN_9236713,2023-09-13,2023,9,13,Cookie,5.0,1.0,5.0,5.0,0.0,Cash,In-store
TXN_4690833,2023-05-23,2023,5,23,Cake,1.0,3.0,3.0,3.0,0.0,Cash,Takeaway
TXN_7946489,2023-09-11,2023,9,11,Juice,1.0,3.0,3.0,3.0,0.0,Cash,Takeaway
TXN_8661288,2023-01-27,2023,1,27,Salad,2.0,5.0,10.0,10.0,0.0,Digital Wallet,Takeaway
TXN_7187207,2023-02-18,2023,2,18,Coffee,5.0,2.0,10.0,10.0,0.0,Cash,Não informado
TXN_2866147,2023-08-28,2023,8,28,Juice,2.0,3.0,6.0,6.0,0.0,Não informado,Takeaway
TXN_7444541,2023-11-29,2023,11,29,Salad,2.0,5.0,10.0,10.0,0.0,Cash,Não informado
TXN_6046604,2023-06-29,2023,6,29,Cookie,5.0,1.0,5.0,5.0,0.0,Credit Card,Não informado
TXN_6111710,2023-06-18,2023,6,18,Salad,3.0,5.0,15.0,15.0,0.0,Credit Card,In-store
TXN_1773873,2023-06-10,2023,6,10,Salad,5.0,5.0,25.0,25.0,0.0,Credit Card,Takeaway
TXN_7688650,2023-10-26,2023,10,26,Tea,2.0,1.5,3.0,3.0,0.0,Não informado,Não informado
TXN_4570711,2023-12-11,2023,12,11,Sandwich,4.0,4.0,16.0,16.0,0.0,Credit Card,In-store
TXN_5242469,2023-04-01,2023,4,1,Coffee,4.0,2.0,8.0,8.0,0.0,Credit Card,Takeaway
TXN_2977414,2023-06-09,2023,6,9,Cake,4.0,3.0,,12.0,,Não informado,Não informado
TXN_8938144,2023-01-27,2023,1,27,Coffee,2.0,2.0,4.0,4.0,0.0,Credit Card,Não informado
TXN_1655100,2023-12-20,2023,12,20,Cake,4.0,3.0,12.0,12.0,0.0,Credit Card,Takeaway
TXN_1526864,2023-01-27,2023,1,27,Smoothie,3.0,4.0,12.0,12.0,0.0,Digital Wallet,In-store
TXN_1279428,2023-03-02,2023,3,2,Salad,1.0,5.0,5.0,5.0,0.0,Digital Wallet,Não informado
TXN_9866728,2023-10-26,2023,10,26,Juice,1.0,3.0,3.0,3.0,0.0,Cash,In-store
TXN_1706201,2023-08-23,2023,8,23,Coffee,3.0,2.0,6.0,6.0,0.0,Credit Card,In-store
TXN_2498488,2023-12-06,2023,12,6,Smoothie,2.0,4.0,8.0,8.0,0.0,Digital Wallet,Takeaway
TXN_5387067,2023-06-11,2023,6,11,Salad,3.0,5.0,15.0,15.0,0.0,Credit Card,Não informado
TXN_4431179,2023-08-13,2023,8,13,Sandwich,3.0,4.0,12.0,12.0,0.0,Digital Wallet,Takeaway
TXN_5051924,2023-05-23,2023,5,23,Tea,5.0,1.5,7.5,7.5,0.0,Não informado,Não informado
TXN_9033890,2023-08-05,2023,8,5,Salad,1.0,5.0,5.0,5.0,0.0,Não informado,Takeaway
TXN_1777959,2023-10-18,2023,10,18,Tea,5.0,1.5,7.5,7.5,0.0,Não informado,Takeaway
TXN_3574059,2023-01-18,2023,1,18,Cake,1.0,3.0,3.0,3.0,0.0,Não informado,Não informado
TXN_2108894,2023-10-30,2023,10,30,Sandwich,4.0,4.0,16.0,16.0,0.0,Credit Card,In-store
TXN_6347472,2023-03-22,2023,3,22,Tea,1.0,1.5,1.5,1.5,0.0,Digital Wallet,In-store
TXN_8699110,2023-10-11,2023,10,11,Salad,3.0,5.0,15.0,15.0,0.0,Não informado,Takeaway
TXN_7188412,2023-08-08,2023,8,8,Sandwich,1.0,4.0,4.0,4.0,0.0,Não informado,Takeaway
TXN_8345723,2023-08-27,2023,8,27,Sandwich,1.0,4.0,4.0,4.0,0.0,Digital Wallet,Takeaway
TXN_4476634,2023-06-16,2023,6,16,Tea,2.0,1.5,3.0,3.0,0.0,Credit Card,Não informado
TXN_2178964,2023-12-25,2023,12,25,Tea,4.0,1.5,6.0,6.0,0.0,Cash,Takeaway
TXN_7889745,2023-01-25,2023,1,25,Sandwich,4.0,4.0,16.0,16.0,0.0,Não informado,Não informado
TXN_7020671,2023-09-01,2023,9,1,Coffee,1.0,2.0,2.0,2.0,0.0,Não informado,Não informado
TXN_6581437,2023-10-23,2023,10,23,Coffee,5.0,2.0,10.0,10.0,0.0,Digital Wallet,Takeaway
TXN_1347965,2023-02-19,2023,2,19,Cookie,5.0,1.0,5.0,5.0,0.0,Não informado,In-store
TXN_6128621,2023-11-10,2023,11,10,Salad,3.0,5.0,15.0,15.0,0.0,Digital Wallet,In-store
TXN_5758199,2023-06-11,2023,6,11,Coffee,4.0,2.0,8.0,8.0,0.0,Credit Card,Não informado
TXN_3145041,2023-09-23,2023,9,23,Tea,5.0,1.5,7.5,7.5,0.0,Não informado,Não informado
TXN_9960577,2023-06-24,2023,6,24,Sandwich,1.0,4.0,4.0,4.0,0.0,Cash,Não informado
TXN_1349738,2023-03-26,2023,3,26,Sandwich,3.0,4.0,,12.0,,Cash,Não informado
TXN_4512118,2023-04-20,2023,4,20,Coffee,2.0,2.0,4.0,4.0,0.0,Digital Wallet,Takeaway
TXN_8114990,2023-02-27,2023,2,27,Juice,1.0,3.0,3.0,3.0,0.0,Não informado,Não informado
TXN_4961655,2023-05-06,2023,5,6,Juice,5.0,3.0,15.0,15.0,0.0,Cash,Takeaway
TXN_5595352,2023-02-20,2023,2,20,Juice,1.0,3.0,3.0,3.0,0.0,Cash,In-store
TXN_2070818,2023-06-05,2023,6,5,Smoothie,5.0,4.0,20.0,20.0,0.0,Não informado,Takeaway
TXN_1869814,2023-05-24,2023,5,24,Tea,1.0,1.5,1.5,1.5,0.0,Digital Wallet,Takeaway
TXN_6910915,2023-05-06,2023,5,6,Tea,4.0,1.5,6.0,6.0,0.0,Digital Wallet,Takeaway
TXN_3183527,2023-10-26,2023,10,26,Coffee,3.0,2.0,6.0,6.0,0.0,Digital Wallet,Não informado
TXN_2611960,2023-09-11,2023,9,11,Sandwich,3.0,4.0,12.0,12.0,0.0,Credit Card,Não informado
TXN_7923140,2023-04-02,2023,4,2,Coffee,2.0,2.0,4.0,4.0,0.0,Digital Wallet,Não informado
TXN_5229169,2023-09-08,2023,9,8,Juice,2.0,3.0,6.0,6.0,0.0,Credit Card,Takeaway
TXN_1018880,2023-07-15,2023,7,15,Smoothie,5.0,4.0,20.0,20.0,0.0,Digital Wallet,Não informado
TXN_9409728,2023-03-06,2023,3,6,Tea,2.0,1.5,3.0,3.0,0.0,Não informado,In-store
TXN_5576265,2023-04-08,2023,4,8,Smoothie,4.0,4.0,16.0,16.0,0.0,Credit Card,Takeaway
TXN_5098938,2023-05-06,2023,5,6,Tea,5.0,1.5,7.5,7.5,0.0,Não informado,Não informado
TXN_6119823,2023-06-13,2023,6,13,Tea,2.0,1.5,3.0,3.0,0.0,Não informado,Takeaway
TXN_5408625,2023-08-14,2023,8,14,Cookie,5.0,1.0,5.0,5.0,0.0,Cash,Não informado
TXN_5969754,2023-01-29,2023,1,29,Tea,4.0,1.5,6.0,6.0,0.0,Não informado,Takeaway
TXN_5740553,2023-08-29,2023,8,29,Salad,5.0,5.0,25.0,25.0,0.0,Não informado,In-store
TXN_1046394,2023-04-29,2023,4,29,Smoothie,1.0,4.0,4.0,4.0,0.0,Cash,In-store
TXN_2269396,2023-10-26,2023,10,26,Coffee,3.0,2.0,6.0,6.0,0.0,Digital Wallet,In-store
TXN_9263967,2023-09-14,2023,9,14,Cookie,3.0,1.0,3.0,3.0,0.0,Credit Card,In-store
TXN_6540946,2023-10-08,2023,10,8,Juice,4.0,3.0,12.0,12.0,0.0,Digital Wallet,Não informado
TXN_2914088,2023-03-22,2023,3,22,Salad,5.0,5.0,25.0,25.0,0.0,Cash,In-store
TXN_6571898,2023-02-02,2023,2,2,Juice,3.0,3.0,9.0,9.0,0.0,Digital Wallet,Takeaway
TXN_4498370,2023-07-24,2023,7,24,Smoothie,4.0,4.0,16.0,16.0,0.0,Não informado,Não informado
TXN_2108486,2023-12-28,2023,12,28,Juice,4.0,3.0,12.0,12.0,0.0,Digital Wallet,Takeaway
TXN_5228270,2023-04-12,2023,4,12,Juice,3.0,3.0,9.0,9.0,0.0,Não informado,Takeaway
TXN_4387303,2023-06-27,2023,6,27,Cookie,1.0,1.0,1.0,1.0,0.0,Não informado,Não informado
TXN_9587884,2023-01-05,2023,1,5,Tea,2.0,1.5,3.0,3.0,0.0,Não informado,Não informado
TXN_4625910,2023-01-17,2023,1,17,Juice,1.0,3.0,3.0,3.0,0.0,Não informado,Não informado
TXN_8250731,2023-08-24,2023,8,24,Cookie,2.0,1.0,2.0,2.0,0.0,Cash,Não informado
TXN_3605929,2023-04-26,2023,4,26,Smoothie,2.0,4.0,8.0,8.0,0.0,Credit Card,Não informado
TXN_4953450,2023-03-10,2023,3,10,Cookie,4.0,1.0,,4.0,,Não informado,In-store
TXN_5315441,2023-10-31,2023,10,31,Smoothie,5.0,4.0,20.0,20.0,0.0,Digital Wallet,In-store
TXN_9196322,2023-08-12,2023,8,12,Cookie,4.0,1.0,4.0,4.0,0.0,Digital Wallet,In-store
TXN_4009547,2023-05-13,2023,5,13,Juice,4.0,3.0,12.0,12.0,0.0,Credit Card,Não informado
TXN_2109416,2023-09-21,2023,9,21,Sandwich,1.0,4.0,4.0,4.0,0.0,Não informado,In-store
TXN_1063366,2023-03-20,2023,3,20,Juice,3.0,3.0,9.0,9.0,0.0,Não informado,Não informado
TXN_9738758,2023-12-31,2023,12,31,Coffee,1.0,2.0,,2.0,,Cash,In-store
TXN_7838465,2023-06-15,2023,6,15,Sandwich,3.0,4.0,12.0,12.0,0.0,Credit Card,Takeaway
TXN_2447261,2023-10-15,2023,10,15,Cookie,3.0,1.0,3.0,3.0,0.0,Credit Card,Takeaway
TXN_1460963,2023-02-10,2023,2,10,Coffee,3.0,2.0,6.0,6.0,0.0,Cash,In-store
TXN_1713128,2023-05-01,2023,5,1,Smoothie,3.0,4.0,12.0,12.0,0.0,Credit Card,Não informado
TXN_2840323,2023-05-07,2023,5,7,Tea,4.0,1.5,6.0,6.0,0.0,Credit Card,Não informado
TXN_6691767,2023-02-05,2023,2,5,Salad,2.0,5.0,10.0,10.0,0.0,Cash,Takeaway
TXN_7280191,2023-08-23,2023,8,23,Coffee,3.0,2.0,6.0,6.0,0.0,Não informado,Takeaway
TXN_6932070,2023-06-10,2023,6,10,Tea,4.0,1.5,6.0,6.0,0.0,Credit Card,In-store
TXN_2815335,2023-03-30,2023,3,30,Juice,5.0,3.0,15.0,15.0,0.0,Cash,Não informado
TXN_4916272,2023-03-03,2023,3,3,Tea,3.0,1.5,4.5,4.5,0.0,Não informado,Não informado
TXN_5489408,2023-05-02,2023,5,2,Cookie,1.0,1.0,1.0,1.0,0.0,Não informado,In-store
TXN_4640977,2023-02-11,2023,2,11,Cookie,3.0,1.0,3.0,3.0,0.0,Credit Card,In-store
TXN_7896721,2023-04-22,2023,4,22,Cake,3.0,3.0,9.0,9.0,0.0,Credit Card,Takeaway
TXN_8973563,2023-10-08,2023,10,8,Coffee,1.0,2.0,2.0,2.0,0.0,Não informado,Não informado
TXN_4827371,2023-06-20,2023,6,20,Salad,2.0,5.0,10.0,10.0,0.0,Não informado,Takeaway
TXN_1559313,2023-12-02,2023,12,2,Smoothie,2.0,4.0,8.0,8.0,0.0,Credit Card,Não informado
TXN_7384923,2023-01-24,2023,1,24,Sandwich,2.0,4.0,,8.0,,Não informado,Takeaway
TXN_7906197,2023-01-02,2023,1,2,Sandwich,5.0,4.0,20.0,20.0,0.0,Credit Card,In-store
TXN_9103318,2023-11-13,2023,11,13,Sandwich,2.0,4.0,8.0,8.0,0.0,Não informado,Não informado
TXN_8066743,2023-11-13,2023,11,13,Tea,3.0,1.5,4.5,4.5,0.0,Cash,Takeaway
TXN_9840274,2023-02-25,2023,2,25,Sandwich,5.0,4.0,20.0,20.0,0.0,Não informado,Takeaway
TXN_4912458,2023-06-12,2023,6,12,Cake,4.0,3.0,12.0,12.0,0.0,Não informado,Takeaway
TXN_7982985,2023-01-27,2023,1,27,Cookie,1.0,1.0,1.0,1.0,0.0,Credit Card,Não informado
TXN_2855581,2023-10-23,2023,10,23,Coffee,4.0,2.0,8.0,8.0,0.0,Credit Card,Não informado
TXN_7585348,2023-03-16,2023,3,16,Cake,3.0,3.0,9.0,9.0,0.0,Credit Card,Takeaway
TXN_4005014,2023-07-10,2023,7,10,Sandwich,1.0,4.0,4.0,4.0,0.0,Digital Wallet,Takeaway
TXN_3106215,2023-04-15,2023,4,15,Smoothie,3.0,4.0,,12.0,,Não informado,Takeaway
TXN_4478185,2023-08-25,2023,8,25,Cake,2.0,3.0,6.0,6.0,0.0,Cash,In-store
TXN_3461209,2023-04-26,2023,4,26,Juice,4.0,3.0,12.0,12.0,0.0,Credit Card,In-store
TXN_9498325,2023-04-04,2023,4,4,Salad,1.0,5.0,5.0,5.0,0.0,Não informado,Não informado
TXN_1026827,2023-01-02,2023,1,2,Cookie,4.0,1.0,4.0,4.0,0.0,Digital Wallet,In-store
TXN_7269513,2023-05-12,2023,5,12,Salad,3.0,5.0,15.0,15.0,0.0,Cash,Não informado
TXN_5134545,2023-10-17,2023,10,17,Tea,5.0,1.5,7.5,7.5,0.0,Digital Wallet,Não informado
TXN_7997144,2023-02-25,2023,2,25,Juice,4.0,3.0,12.0,12.0,0.0,Credit Card,Não informado
TXN_4339682,2023-03-04,2023,3,4,Salad,5.0,5.0,25.0,25.0,0.0,Não informado,In-store
TXN_3363831,2023-05-10,2023,5,10,Juice,3.0,3.0,9.0,9.0,0.0,Digital Wallet,Não informado
TXN_5369555,2023-02-24,2023,2,24,Juice,4.0,3.0,12.0,12.0,0.0,Cash,Takeaway
TXN_6208034,2023-08-29,2023,8,29,Cake,1.0,3.0,3.0,3.0,0.0,Digital Wallet,Não informado
TXN_8187656,2023-05-01,2023,5,1,Tea,4.0,1.5,6.0,6.0,0.0,Credit Card,Takeaway
TXN_6463415,2023-04-12,2023,4,12,Coffee,3.0,2.0,6.0,6.0,0.0,Digital Wallet,In-store
TXN_1461895,2023-06-17,2023,6,17,Juice,5.0,3.0,15.0,15.0,0.0,Não informado,Não informado
TXN_3197752,2023-03-10,2023,3,10,Smoothie,2.0,4.0,8.0,8.0,0.0,Não informado,Não informado
TXN_3112175,2023-03-16,2023,3,16,Coffee,4.0,2.0,8.0,8.0,0.0,Cash,Não informado
TXN_6439579,2023-03-23,2023,3,23,Tea,5.0,1.5,7.5,7.5,0.0,Credit Card,Não informado
TXN_5590805,2023-01-25,2023,1,25,Cake,1.0,3.0,3.0,3.0,0.0,Não informado,Takeaway
TXN_4634772,2023-01-12,2023,1,12,Juice,3.0,3.0,9.0,9.0,0.0,Credit Card,In-store
TXN_3519066,2023-11-08,2023,11,8,Cake,1.0,3.0,3.0,3.0,0.0,Não informado,Takeaway
TXN_8034156,2023-07-22,2023,7,22,Sandwich,1.0,4.0,4.0,4.0,0.0,Cash,In-store
TXN_2163229,2023-12-21,2023,12,21,Cookie,4.0,1.0,4.0,4.0,0.0,Cash,Takeaway
TXN_4109764,2023-07-12,2023,7,12,Juice,3.0,3.0,,9.0,,Credit Card,Não informado
TXN_1343750,2023-02-15,2023,2,15,Cookie,2.0,1.0,2.0,2.0,0.0,Digital Wallet,Takeaway
TXN_6387964,2023-08-07,2023,8,7,Tea,5.0,1.5,7.5,7.5,0.0,Digital Wallet,Não informado
TXN_2743397,2023-10-03,2023,10,3,Cake,2.0,3.0,6.0,6.0,0.0,Digital Wallet,Não informado
TXN_8022689,2023-06-15,2023,6,15,Tea,1.0,1.5,1.5,1.5,0.0,Cash,Takeaway
TXN_3547825,2023-09-04,2023,9,4,Cookie,3.0,1.0,3.0,3.0,0.0,Não informado,Takeaway
TXN_9101792,2023-06-13,2023,6,13,Coffee,5.0,2.0,10.0,10.0,0.0,Cash,Não informado
TXN_8503406,2023-02-15,2023,2,15,Smoothie,2.0,4.0,8.0,8.0,0.0,Digital Wallet,Não informado
TXN_1992966,2023-08-09,2023,8,9,Smoothie,5.0,4.0,20.0,20.0,0.0,Não informado,In-store
TXN_8689416,2023-03-19,2023,3,19,Juice,5.0,3.0,15.0,15.0,0.0,Não informado,Não informado
TXN_1964555,2023-04-11,2023,4,11,Smoothie,2.0,4.0,8.0,8.0,0.0,Digital Wallet,Não informado
TXN_1794862,2023-07-16,2023,7,16,Cake,2.0,3.0,6.0,6.0,0.0,Cash,Não informado
TXN_5780615,2023-12-24,2023,12,24,Smoothie,3.0,4.0,,12.0,,Cash,Não informado
TXN_2416816,2023-10-19,2023,10,19,Smoothie,5.0,4.0,20.0,20.0,0.0,Digital Wallet,In-store
TXN_8005682,2023-03-16,2023,3,16,Coffee,2.0,2.0,4.0,4.0,0.0,Credit Card,Não informado
TXN_1778707,2023-03-26,2023,3,26,Salad,5.0,5.0,25.0,25.0,0.0,Credit Card,Takeaway
TXN_9959813,2023-09-05,2023,9,5,Sandwich,4.0,4.0,16.0,16.0,0.0,Digital Wallet,Não informado
TXN_7913451,2023-12-05,2023,12,5,Sandwich,5.0,4.0,20.0,20.0,0.0,Credit Card,Não informado
TXN_1901729,2023-03-18,2023,3,18,Cake,2.0,3.0,6.0,6.0,0.0,Não informado,Takeaway
TXN_2098878,2023-08-19,2023,8,19,Juice,2.0,3.0,6.0,6.0,0.0,Não informado,Takeaway
TXN_9536472,2023-11-12,2023,11,12,Juice,5.0,3.0,15.0,15.0,0.0,Não informado,Não informado
TXN_6696913,2023-10-22,2023,10,22,Cake,4.0,3.0,12.0,12.0,0.0,Não informado,Não informado
TXN_8888153,2023-12-16,2023,12,16,Coffee,5.0,2.0,10.0,10.0,0.0,Não informado,Não informado
TXN_5661147,2023-11-06,2023,11,6,Cake,1.0,3.0,3.0,3.0,0.0,Não informado,Takeaway
TXN_3746260,2023-08-26,2023,8,26,Smoothie,5.0,4.0,20.0,20.0,0.0,Digital Wallet,Takeaway
TXN_7805035,2023-05-18,2023,5,18,Smoothie,3.0,4.0,12.0,12.0,0.0,Não informado,In-store
TXN_2058243,2023-03-19,2023,3,19,Smoothie,5.0,4.0,20.0,20.0,0.0,Não informado,Takeaway
TXN_5710748,2023-10-31,2023,10,31,Salad,1.0,5.0,5.0,5.0,0.0,Não informado,Não informado
TXN_3725837,2023-10-22,2023,10,22,Coffee,5.0,2.0,10.0,10.0,0.0,Cash,In-store
TXN_4594922,2023-06-19,2023,6,19,Salad,2.0,5.0,10.0,10.0,0.0,Credit Card,Takeaway
TXN_5163686,2023-05-29,2023,5,29,Salad,5.0,5.0,25.0,25.0,0.0,Credit Card,In-store
TXN_5445318,2023-02-16,2023,2,16,Cookie,1.0,1.0,1.0,1.0,0.0,Digital Wallet,Não informado
TXN_2391446,2023-12-06,2023,12,6,Sandwich,3.0,4.0,12.0,12.0,0.0,Não informado,In-store
TXN_2826603,2023-06-22,2023,6,22,Salad,2.0,5.0,10.0,10.0,0.0,Digital Wallet,Takeaway
TXN_3760598,2023-10-24,2023,10,24,Cake,3.0,3.0,9.0,9.0,0.0,Digital Wallet,In-store
TXN_7679707,2023-07-22,2023,7,22,Tea,1.0,1.5,1.5,1.5,0.0,Credit Card,In-store
TXN_3831364,2023-03-03,2023,3,3,Tea,1.0,1.5,1.5,1.5,0.0,Digital Wallet,Não informado
TXN_5007619,2023-07-05,2023,7,5,Cake,5.0,3.0,15.0,15.0,0.0,Credit Card,In-store
TXN_5124870,2023-08-11,2023,8,11,Tea,1.0,1.5,1.5,1.5,0.0,Digital Wallet,Não informado
TXN_8229546,2023-10-16,2023,10,16,Smoothie,2.0,4.0,8.0,8.0,0.0,Cash,Não informado
TXN_3173923,2023-06-29,2023,6,29,Cookie,2.0,1.0,2.0,2.0,0.0,Digital Wallet,Não informado
TXN_8460786,2023-05-17,2023,5,17,Coffee,1.0,2.0,2.0,2.0,0.0,Cash,Não informado
TXN_9625287,2023-07-08,2023,7,8,Juice,2.0,3.0,6.0,6.0,0.0,Cash,In-store
TXN_4779440,2023-07-12,2023,7,12,Cookie,1.0,1.0,1.0,1.0,0.0,Não informado,Não informado
TXN_7337979,2023-05-27,2023,5,27,Coffee,1.0,2.0,2.0,2.0,0.0,Digital Wallet,In-store
TXN_1713098,2023-11-22,2023,11,22,Smoothie,4.0,4.0,16.0,16.0,0.0,Não informado,Não informado
TXN_5325729,2023-05-04,2023,5,4,Coffee,5.0,2.0,10.0,10.0,0.0,Digital Wallet,Não informado
TXN_5630457,2023-03-01,2023,3,1,Smoothie,1.0,4.0,4.0,4.0,0.0,Credit Card,Takeaway
TXN_4167859,2023-08-17,2023,8,17,Coffee,5.0,2.0,10.0,10.0,0.0,Não informado,Takeaway
TXN_4487966,2023-08-10,2023,8,10,Juice,3.0,3.0,9.0,9.0,0.0,Cash,In-store
TXN_1122140,2023-06-19,2023,6,19,Sandwich,4.0,4.0,16.0,16.0,0.0,Cash,Não informado
TXN_7484682,2023-12-28,2023,12,28,Juice,1.0,3.0,3.0,3.0,0.0,Cash,Não informado
TXN_5182042,2023-02-25,2023,2,25,Sandwich,4.0,4.0,16.0,16.0,0.0,Não informado,Takeaway
TXN_4040989,2023-03-02,2023,3,2,Sandwich,1.0,4.0,4.0,4.0,0.0,Não informado,Não informado
TXN_3663712,2023-09-22,2023,9,22,Tea,4.0,1.5,6.0,6.0,0.0,Digital Wallet,Takeaway
TXN_9140598,2023-07-10,2023,7,10,Juice,1.0,3.0,3.0,3.0,0.0,Digital Wallet,Takeaway
TXN_5601300,2023-02-24,2023,2,24,Coffee,2.0,2.0,4.0,4.0,0.0,Digital Wallet,Não informado
TXN_9904662,2023-11-19,2023,11,19,Smoothie,1.0,4.0,4.0,4.0,0.0,Não informado,In-store
TXN_3696194,2023-11-27,2023,11,27,Salad,2.0,5.0,10.0,10.0,0.0,Credit Card,In-store
TXN_2964638,2023-09-28,2023,9,28,Salad,2.0,5.0,10.0,10.0,0.0,Digital Wallet,In-store
TXN_8336656,2023-12-02,2023,12,2,Salad,5.0,5.0,25.0,25.0,0.0,Cash,Takeaway
TXN_2024121,2023-11-06,2023,11,6,Juice,5.0,3.0,,15.0,,Digital Wallet,In-store
TXN_6287890,2023-02-07,2023,2,7,Tea,5.0,1.5,7.5,7.5,0.0,Credit Card,Takeaway
TXN_4712887,2023-01-04,2023,1,4,Tea,5.0,1.5,7.5,7.5,0.0,Credit Card,Não informado
TXN_4336892,2023-06-04,2023,6,4,Cookie,2.0,1.0,2.0,2.0,0.0,Não informado,In-store
TXN_5447694,2023-11-18,2023,11,18,Smoothie,1.0,4.0,,4.0,,Digital Wallet,In-store
TXN_2492058,2023-09-22,2023,9,22,Smoothie,5.0,4.0,20.0,20.0,0.0,Cash,Não informado
TXN_3439712,2023-04-04,2023,4,4,Juice,4.0,3.0,12.0,12.0,0.0,Não informado,In-store
TXN_5350401,2023-10-28,2023,10,28,Sandwich,2.0,4.0,8.0,8.0,0.0,Digital Wallet,In-store
TXN_8999006,2023-02-07,2023,2,7,Smoothie,1.0,4.0,,4.0,,Cash,Não informado
TXN_8514689,2023-04-15,2023,4,15,Juice,5.0,3.0,15.0,15.0,0.0,Não informado,Não informado
TXN_1866028,2023-06-12,2023,6,12,Tea,5.0,1.5,7.5,7.5,0.0,Credit Card,Takeaway
TXN_8379141,2023-10-01,2023,10,1,Salad,1.0,5.0,5.0,5.0,0.0,Não informado,In-store
TXN_9152264,2023-03-15,2023,3,15,Cake,1.0,3.0,3.0,3.0,0.0,Digital Wallet,Takeaway
TXN_3794585,2023-02-10,2023,2,10,Sandwich,1.0,4.0,4.0,4.0,0.0,Credit Card,In-store
TXN_3856427,2023-03-25,2023,3,25,Juice,4.0,3.0,,12.0,,Não informado,In-store
TXN_9890874,2023-09-02,2023,9,2,Sandwich,5.0,4.0,20.0,20.0,0.0,Cash,In-store
TXN_3945716,2023-09-17,2023,9,17,Tea,2.0,1.5,3.0,3.0,0.0,Não informado,Não informado
TXN_6024625,2023-09-13,2023,9,13,Coffee,5.0,2.0,10.0,10.0,0.0,Digital Wallet,Takeaway
TXN_7470910,2023-11-22,2023,11,22,Salad,2.0,5.0,10.0,10.0,0.0,Cash,In-store
TXN_1116119,2023-08-07,2023,8,7,Smoothie,4.0,4.0,16.0,16.0,0.0,Digital Wallet,In-store
TXN_3471223,2023-10-08,2023,10,8,Coffee,1.0,2.0,2.0,2.0,0.0,Digital Wallet,In-store
TXN_4491072,2023-12-03,2023,12,3,Smoothie,4.0,4.0,16.0,16.0,0.0,Credit Card,Não informado
TXN_2053993,2023-09-21,2023,9,21,Tea,2.0,1.5,3.0,3.0,0.0,Não informado,Takeaway
TXN_5021925,2023-05-07,2023,5,7,Tea,4.0,1.5,6.0,6.0,0.0,Cash,In-store
TXN_7764154,2023-12-09,2023,12,9,Salad,2.0,5.0,10.0,10.0,0.0,Credit Card,Takeaway
TXN_2178735,2023-07-24,2023,7,24,Juice,3.0,3.0,9.0,9.0,0.0,Credit Card,Takeaway
TXN_4125165,2023-04-16,2023,4,16,Coffee,5.0,2.0,10.0,10.0,0.0,Cash,Não informado
TXN_5014959,2023-11-28,2023,11,28,Cookie,2.0,1.0,2.0,2.0,0.0,Credit Card,In-store
TXN_8811565,2023-10-01,2023,10,1,Juice,5.0,3.0,15.0,15.0,0.0,Credit Card,Não informado
TXN_9868382,2023-06-02,2023,6,2,Coffee,2.0,2.0,4.0,4.0,0.0,Digital Wallet,Não informado
TXN_2924611,2023-04-19,2023,4,19,Juice,3.0,3.0,9.0,9.0,0.0,Cash,Não informado
TXN_5348445,2023-11-15,2023,11,15,Salad,5.0,5.0,25.0,25.0,0.0,Digital Wallet,In-store
TXN_8920751,2023-04-20,2023,4,20,Tea,2.0,1.5,3.0,3.0,0.0,Não informado,Não informado
TXN_7215985,2023-08-07,2023,8,7,Tea,4.0,1.5,6.0,6.0,0.0,Credit Card,In-store
TXN_7448296,2023-11-15,2023,11,15,Cookie,1.0,1.0,1.0,1.0,0.0,Credit Card,In-store
TXN_2625324,2023-09-02,2023,9,2,Coffee,1.0,2.0,2.0,2.0,0.0,Não informado,Não informado
TXN_3542902,2023-06-10,2023,6,10,Smoothie,1.0,4.0,4.0,4.0,0.0,Não informado,In-store
TXN_1494608,2023-05-07,2023,5,7,Tea,3.0,1.5,4.5,4.5,0.0,Credit Card,In-store
TXN_7615147,2023-05-19,2023,5,19,Sandwich,4.0,4.0,16.0,16.0,0.0,Cash,In-store
TXN_3426892,2023-05-23,2023,5,23,Salad,4.0,5.0,20.0,20.0,0.0,Credit Card,Não informado
TXN_5892508,2023-03-21,2023,3,21,Smoothie,1.0,4.0,4.0,4.0,0.0,Credit Card,Takeaway
TXN_5546684,2023-10-02,2023,10,2,Coffee,1.0,2.0,2.0,2.0,0.0,Credit Card,In-store
TXN_5373527,2023-06-26,2023,6,26,Sandwich,2.0,4.0,8.0,8.0,0.0,Não informado,Não informado
TXN_6402128,2023-11-09,2023,11,9,Sandwich,4.0,4.0,16.0,16.0,0.0,Digital Wallet,In-store
TXN_5009706,2023-09-20,2023,9,20,Sandwich,2.0,4.0,8.0,8.0,0.0,Digital Wallet,In-store
TXN_7223120,2023-03-13,2023,3,13,Juice,1.0,3.0,3.0,3.0,0.0,Não informado,Não informado
TXN_3380698,2023-12-15,2023,12,15,Coffee,3.0,2.0,6.0,6.0,0.0,Credit Card,Takeaway
TXN_2996948,2023-06-25,2023,6,25,Smoothie,3.0,4.0,,12.0,,Não informado,Não informado
TXN_1148945,2023-09-05,2023,9,5,Coffee,1.0,2.0,2.0,2.0,0.0,Não informado,Não informado
TXN_2078577,2023-01-31,2023,1,31,Tea,4.0,1.5,6.0,6.0,0.0,Credit Card,Não informado
TXN_4007285,2023-01-16,2023,1,16,Sandwich,5.0,4.0,20.0,20.0,0.0,Digital Wallet,Não informado
TXN_1512118,2023-03-01,2023,3,1,Salad,4.0,5.0,20.0,20.0,0.0,Cash,In-store
TXN_6077816,2023-09-26,2023,9,26,Cake,3.0,3.0,9.0,9.0,0.0,Credit Card,Não informado
TXN_5136936,2023-08-24,2023,8,24,Cake,3.0,3.0,9.0,9.0,0.0,Cash,Não informado
TXN_5654490,2023-05-22,2023,5,22,Tea,4.0,1.5,6.0,6.0,0.0,Credit Card,Não informado
TXN_4033888,2023-02-04,2023,2,4,Sandwich,2.0,4.0,8.0,8.0,0.0,Cash,In-store
TXN_4591512,2023-08-11,2023,8,11,Tea,2.0,1.5,3.0,3.0,0.0,Não informado,Não informado
TXN_6886495,2023-08-07,2023,8,7,Cookie,4.0,1.0,4.0,4.0,0.0,Cash,Não informado
TXN_2153529,2023-09-11,2023,9,11,Cookie,1.0,1.0,1.0,1.0,0.0,Credit Card,Não informado
TXN_7880148,2023-12-12,2023,12,12,Cake,3.0,3.0,9.0,9.0,0.0,Credit Card,Takeaway
TXN_3688181,2023-08-23,2023,8,23,Cake,1.0,3.0,3.0,3.0,0.0,Não informado,Takeaway
TXN_2482129,2023-12-12,2023,12,12,Juice,1.0,3.0,3.0,3.0,0.0,Cash,Não informado
TXN_4187420,2023-01-31,2023,1,31,Cake,3.0,3.0,9.0,9.0,0.0,Digital Wallet,In-store
TXN_4146452,2023-05-31,2023,5,31,Smoothie,1.0,4.0,4.0,4.0,0.0,Não informado,Takeaway
TXN_9553579,2023-10-03,2023,10,3,Cake,2.0,3.0,6.0,6.0,0.0,Credit Card,In-store
TXN_3854285,2023-07-18,2023,7,18,Salad,3.0,5.0,15.0,15.0,0.0,Cash,Takeaway
TXN_5614488,2023-07-22,2023,7,22,Sandwich,1.0,4.0,4.0,4.0,0.0,Credit Card,Takeaway
TXN_6187083,2023-06-02,2023,6,2,Cake,5.0,3.0,15.0,15.0,0.0,Não informado,In-store
TXN_1521486,2023-01-28,2023,1,28,Salad,4.0,5.0,20.0,20.0,0.0,Não informado,Não informado
TXN_6035534,2023-12-18,2023,12,18,Salad,4.0,5.0,20.0,20.0,0.0,Credit Card,In-store
TXN_7670743,2023-04-28,2023,4,28,Salad,4.0,5.0,20.0,20.0,0.0,Não informado,In-store
TXN_7201724,2023-03-20,2023,3,20,Salad,1.0,5.0,5.0,5.0,0.0,Cash,Takeaway
TXN_3616362,2023-12-02,2023,12,2,Smoothie,5.0,4.0,,20.0,,Digital Wallet,In-store
TXN_6113876,2023-03-01,2023,3,1,Cake,3.0,3.0,9.0,9.0,0.0,Cash,In-store
TXN_3163383,2023-10-24,2023,10,24,Tea,2.0,1.5,3.0,3.0,0.0,Não informado,In-store
TXN_7894514,2023-09-25,2023,9,25,Cake,1.0,3.0,3.0,3.0,0.0,Não informado,Não informado
TXN_6450138,2023-04-13,2023,4,13,Cake,1.0,3.0,3.0,3.0,0.0,Credit Card,Takeaway
TXN_9874588,2023-06-04,2023,6,4,Sandwich,2.0,4.0,8.0,8.0,0.0,Não informado,Takeaway
TXN_6732989,2023-04-29,2023,4,29,Salad,2.0,5.0,10.0,10.0,0.0,Credit Card,Não informado
TXN_5442610,2023-12-10,2023,12,10,Juice,2.0,3.0,6.0,6.0,0.0,Não informado,Takeaway
TXN_9328595,2023-10-24,2023,10,24,Tea,2.0,1.5,3.0,3.0,0.0,Cash,Não informado
TXN_1324930,2023-01-11,2023,1,11,Sandwich,5.0,4.0,,20.0,,Credit Card,Takeaway
TXN_6148397,2023-03-20,2023,3,20,Tea,4.0,1.5,6.0,6.0,0.0,Não informado,In-store
TXN_8298711,2023-01-26,2023,1,26,Coffee,3.0,2.0,6.0,6.0,0.0,Não informado,Takeaway
TXN_7085875,2023-08-23,2023,8,23,Juice,3.0,3.0,9.0,9.0,0.0,Digital Wallet,In-store
TXN_3857768,2023-01-04,2023,1,4,Coffee,2.0,2.0,4.0,4.0,0.0,Credit Card,Não informado
TXN_5474440,2023-11-08,2023,11,8,Cake,2.0,3.0,6.0,6.0,0.0,Credit Card,Não informado
TXN_6057379,2023-03-18,2023,3,18,Salad,5.0,5.0,25.0,25.0,0.0,Credit Card,Takeaway
TXN_4637070,2023-06-13,2023,6,13,Tea,3.0,1.5,4.5,4.5,0.0,Credit Card,Não informado
TXN_9313535,2023-06-04,2023,6,4,Cookie,1.0,1.0,1.0,1.0,0.0,Digital Wallet,Takeaway
TXN_9626053,2023-08-11,2023,8,11,Salad,1.0,5.0,5.0,5.0,0.0,Cash,Takeaway
TXN_6622954,2023-01-13,2023,1,13,Smoothie,2.0,4.0,8.0,8.0,0.0,Não informado,In-store
TXN_5509088,2023-08-28,2023,8,28,Sandwich,3.0,4.0,12.0,12.0,0.0,Digital Wallet,Não informado
TXN_5583534,2023-10-31,2023,10,31,Cookie,2.0,1.0,2.0,2.0,0.0,Cash,Takeaway
TXN_1438257,2023-06-13,2023,6,13,Salad,4.0,5.0,20.0,20.0,0.0,Credit Card,Takeaway
TXN_6428593,2023-09-06,2023,9,6,Tea,5.0,1.5,,7.5,,Não informado,Não informado
TXN_4257830,2023-08-04,2023,8,4,Cookie,5.0,1.0,5.0,5.0,0.0,Não informado,In-store
TXN_8780340,2023-08-29,2023,8,29,Cake,5.0,3.0,15.0,15.0,0.0,Credit Card,Não informado
TXN_5801294,2023-10-20,2023,10,20,Salad,1.0,5.0,5.0,5.0,0.0,Não informado,Não informado
TXN_3963927,2023-01-03,2023,1,3,Sandwich,4.0,4.0,16.0,16.0,0.0,Credit Card,In-store
TXN_2906443,2023-08-14,2023,8,14,Cake,4.0,3.0,12.0,12.0,0.0,Não informado,Não informado
TXN_2660295,2023-12-06,2023,12,6,Cookie,3.0,1.0,3.0,3.0,0.0,Não informado,Não informado
TXN_7023528,2023-10-28,2023,10,28,Tea,5.0,1.5,7.5,7.5,0.0,Cash,In-store
TXN_5419862,2023-05-29,2023,5,29,Juice,5.0,3.0,15.0,15.0,0.0,Digital Wallet,Não informado
TXN_9124680,2023-10-03,2023,10,3,Cookie,2.0,1.0,2.0,2.0,0.0,Cash,Takeaway
TXN_7853635,2023-02-16,2023,2,16,Salad,3.0,5.0,15.0,15.0,0.0,Digital Wallet,Takeaway
TXN_2009893,2023-12-06,2023,12,6,Smoothie,3.0,4.0,12.0,12.0,0.0,Não informado,Não informado
TXN_3516263,2023-09-23,2023,9,23,Cake,2.0,3.0,6.0,6.0,0.0,Digital Wallet,In-store
TXN_1591640,2023-05-26,2023,5,26,Cake,2.0,3.0,6.0,6.0,0.0,Cash,In-store
TXN_9358958,2023-05-08,2023,5,8,Smoothie,1.0,4.0,4.0,4.0,0.0,Não informado,Takeaway
TXN_7401710,2023-10-24,2023,10,24,Sandwich,5.0,4.0,20.0,20.0,0.0,Cash,Não informado
TXN_2176727,2023-07-26,2023,7,26,Tea,1.0,1.5,1.5,1.5,0.0,Não informado,Takeaway
TXN_5595717,2023-06-16,2023,6,16,Juice,2.0,3.0,6.0,6.0,0.0,Não informado,Não informado
TXN_1697018,2023-07-02,2023,7,2,Juice,4.0,3.0,12.0,12.0,0.0,Digital Wallet,In-store
TXN_1910957,2023-07-25,2023,7,25,Tea,5.0,1.5,7.5,7.5,0.0,Não informado,Takeaway
TXN_2667225,2023-11-21,2023,11,21,Salad,2.0,5.0,10.0,10.0,0.0,Cash,In-store
TXN_3152531,2023-11-24,2023,11,24,Coffee,3.0,2.0,6.0,6.0,0.0,Credit Card,Não informado
TXN_5033045,2023-04-21,2023,4,21,Salad,3.0,5.0,15.0,15.0,0.0,Digital Wallet,Não informado
TXN_7527249,2023-03-29,2023,3,29,Tea,3.0,1.5,4.5,4.5,0.0,Não informado,Takeaway
TXN_9159212,2023-01-12,2023,1,12,Smoothie,3.0,4.0,12.0,12.0,0.0,Digital Wallet,Takeaway
TXN_6881523,2023-02-24,2023,2,24,Juice,5.0,3.0,15.0,15.0,0.0,Não informado,Takeaway
TXN_3282436,2023-12-14,2023,12,14,Salad,5.0,5.0,25.0,25.0,0.0,Credit Card,In-store
TXN_4206256,2023-10-10,2023,10,10,Smoothie,3.0,4.0,12.0,12.0,0.0,Não informado,Não informado
TXN_8465274,2023-02-01,2023,2,1,Cake,3.0,3.0,9.0,9.0,0.0,Digital Wallet,Takeaway
TXN_7216922,2023-06-26,2023,6,26,Juice,5.0,3.0,15.0,15.0,0.0,Não informado,Não informado
TXN_8330446,2023-08-06,2023,8,6,Smoothie,3.0,4.0,12.0,12.0,0.0,Credit Card,In-store
TXN_1282260,2023-07-21,2023,7,21,Sandwich,5.0,4.0,20.0,20.0,0.0,Digital Wallet,Não informado
TXN_9769410,2023-07-22,2023,7,22,Salad,1.0,5.0,5.0,5.0,0.0,Cash,In-store
TXN_3865224,2023-07-25,2023,7,25,Coffee,3.0,2.0,6.0,6.0,0.0,Não informado,Não informado
TXN_9603131,2023-08-19,2023,8,19,Smoothie,5.0,4.0,20.0,20.0,0.0,Não informado,Não informado
TXN_1437083,2023-03-15,2023,3,15,Smoothie,2.0,4.0,8.0,8.0,0.0,Credit Card,In-store
TXN_2413626,2023-11-06,2023,11,6,Cake,1.0,3.0,3.0,3.0,0.0,Credit Card,Takeaway
TXN_3392848,2023-04-03,2023,4,3,Cake,2.0,3.0,6.0,6.0,0.0,Cash,In-store
TXN_7027905,2023-07-17,2023,7,17,Sandwich,1.0,4.0,4.0,4.0,0.0,Credit Card,In-store
TXN_8808034,2023-08-09,2023,8,9,Smoothie,2.0,4.0,8.0,8.0,0.0,Cash,In-store
TXN_1663113,2023-12-24,2023,12,24,Smoothie,4.0,4.0,16.0,16.0,0.0,Credit Card,Takeaway
TXN_1544070,2023-09-05,2023,9,5,Coffee,5.0,2.0,10.0,10.0,0.0,Não informado,Takeaway
TXN_6189334,2023-01-12,2023,1,12,Sandwich,1.0,4.0,4.0,4.0,0.0,Cash,In-store
TXN_3410971,2023-01-02,2023,1,2,Smoothie,1.0,4.0,4.0,4.0,0.0,Não informado,Takeaway
TXN_6467618,2023-10-12,2023,10,12,Tea,3.0,1.5,4.5,4.5,0.0,Não informado,Takeaway
TXN_6908287,2023-08-04,2023,8,4,Cookie,1.0,1.0,1.0,1.0,0.0,Cash,In-store
TXN_1803889,2023-06-23,2023,6,23,Salad,4.0,5.0,20.0,20.0,0.0,Não informado,Não informado
TXN_6829707,2023-08-17,2023,8,17,Sandwich,1.0,4.0,4.0,4.0,0.0,Cash,Takeaway
TXN_7303706,2023-12-14,2023,12,14,Coffee,2.0,2.0,4.0,4.0,0.0,Cash,In-store
TXN_1730647,2023-01-18,2023,1,18,Juice,5.0,3.0,15.0,15.0,0.0,Digital Wallet,In-store
TXN_9691018,2023-07-21,2023,7,21,Sandwich,2.0,4.0,8.0,8.0,0.0,Digital Wallet,Não informado
TXN_9138791,2023-03-22,2023,3,22,Cake,1.0,3.0,,3.0,,Digital Wallet,In-store
TXN_2367947,2023-05-13,2023,5,13,Smoothie,5.0,4.0,20.0,20.0,0.0,Não informado,Takeaway
TXN_4936135,2023-12-08,2023,12,8,Coffee,4.0,2.0,8.0,8.0,0.0,Cash,In-store
TXN_5311015,2023-05-11,2023,5,11,Smoothie,3.0,4.0,12.0,12.0,0.0,Não informado,Não informado
TXN_7732920,2023-02-11,2023,2,11,Sandwich,5.0,4.0,20.0,20.0,0.0,Cash,Não informado
TXN_4496665,2023-12-10,2023,12,10,Sandwich,2.0,4.0,8.0,8.0,0.0,Digital Wallet,Takeaway
TXN_6816094,2023-12-30,2023,12,30,Tea,4.0,1.5,6.0,6.0,0.0,Não informado,In-store
TXN_8209794,2023-10-25,2023,10,25,Coffee,5.0,2.0,10.0,10.0,0.0,Credit Card,Takeaway
TXN_4135454,2023-07-23,2023,7,23,Sandwich,4.0,4.0,16.0,16.0,0.0,Não informado,In-store
TXN_2761542,2023-10-15,2023,10,15,Cookie,4.0,1.0,4.0,4.0,0.0,Não informado,Não informado
TXN_7948095,2023-07-18,2023,7,18,Salad,5.0,5.0,,25.0,,Não informado,Takeaway
TXN_3330687,2023-12-26,2023,12,26,Cake,5.0,3.0,15.0,15.0,0.0,Cash,In-store
TXN_6243479,2023-09-18,2023,9,18,Sandwich,5.0,4.0,20.0,20.0,0.0,Não informado,Não informado
TXN_9296807,2023-12-20,2023,12,20,Coffee,3.0,2.0,6.0,6.0,0.0,Credit Card,Não informado
TXN_5354746,2023-03-06,2023,3,6,Coffee,4.0,2.0,8.0,8.0,0.0,Digital Wallet,Takeaway
TXN_1235969,2023-07-08,2023,7,8,Cookie,1.0,1.0,1.0,1.0,0.0,Digital Wallet,Não informado
TXN_4240796,2023-03-28,2023,3,28,Juice,4.0,3.0,12.0,12.0,0.0,Não informado,Não informado
TXN_3736798,2023-07-01,2023,7,1,Coffee,4.0,2.0,8.0,8.0,0.0,Digital Wallet,In-store
TXN_8118419,2023-12-03,2023,12,3,Cake,3.0,3.0,9.0,9.0,0.0,Não informado,Não informado
TXN_3089814,2023-03-25,2023,3,25,Cake,5.0,3.0,15.0,15.0,0.0,Digital Wallet,Não informado
TXN_6719521,2023-08-03,2023,8,3,Salad,5.0,5.0,25.0,25.0,0.0,Cash,In-store
TXN_6530795,2023-04-30,2023,4,30,Cookie,1.0,1.0,1.0,1.0,0.0,Credit Card,Não informado
TXN_4176373,2023-03-28,2023,3,28,Cookie,3.0,1.0,3.0,3.0,0.0,Cash,Não informado
TXN_7230500,2023-12-12,2023,12,12,Juice,3.0,3.0,9.0,9.0,0.0,Credit Card,Não informado
TXN_7094898,2023-06-20,2023,6,20,Salad,4.0,5.0,20.0,20.0,0.0,Não informado,Takeaway
TXN_2400518,2023-02-04,2023,2,4,Juice,3.0,3.0,9.0,9.0,0.0,Credit Card,Não informado
TXN_5349288,2023-11-20,2023,11,20,Coffee,4.0,2.0,8.0,8.0,0.0,Digital Wallet,Não informado
TXN_6806290,2023-05-02,2023,5,2,Salad,3.0,5.0,15.0,15.0,0.0,Não informado,Não informado
TXN_5386752,2023-12-07,2023,12,7,Salad,4.0,5.0,20.0,20.0,0.0,Digital Wallet,In-store
TXN_1022523,2023-11-25,2023,11,25,Salad,4.0,5.0,20.0,20.0,0.0,Cash,In-store
TXN_3125997,2023-10-19,2023,10,19,Juice,4.0,3.0,12.0,12.0,0.0,Não informado,Não informado
TXN_6202015,2023-08-22,2023,8,22,Cookie,2.0,1.0,2.0,2.0,0.0,Credit Card,Takeaway
TXN_6928137,2023-10-11,2023,10,11,Cake,3.0,3.0,9.0,9.0,0.0,Digital Wallet,In-store
TXN_3003809,2023-04-21,2023,4,21,Coffee,4.0,2.0,8.0,8.0,0.0,Cash,Não informado
TXN_5913013,2023-11-29,2023,11,29,Cookie,2.0,1.0,2.0,2.0,0.0,Credit Card,Takeaway
TXN_7433269,2023-05-18,2023,5,18,Tea,1.0,1.5,1.5,1.5,0.0,Cash,In-store
TXN_3103972,2023-03-01,2023,3,1,Cake,1.0,3.0,3.0,3.0,0.0,Não informado,Não informado
TXN_9081115,2023-12-04,2023,12,4,Juice,3.0,3.0,,9.0,,Não informado,Não informado
TXN_2633600,2023-11-28,2023,11,28,Salad,5.0,5.0,,25.0,,Cash,Takeaway
TXN_4631695,2023-11-18,2023,11,18,Cookie,5.0,1.0,5.0,5.0,0.0,Não informado,In-store
TXN_3121271,2023-08-13,2023,8,13,Smoothie,2.0,4.0,8.0,8.0,0.0,Credit Card,Não informado
TXN_4613883,2023-05-21,2023,5,21,Tea,1.0,1.5,1.5,1.5,0.0,Cash,Não informado
TXN_2166064,2023-02-08,2023,2,8,Coffee,4.0,2.0,8.0,8.0,0.0,Não informado,In-store
TXN_4617771,2023-09-10,2023,9,10,Smoothie,4.0,4.0,16.0,16.0,0.0,Digital Wallet,Takeaway
TXN_9444461,2023-05-28,2023,5,28,Sandwich,2.0,4.0,8.0,8.0,0.0,Não informado,Não informado
TXN_1741325,2023-03-31,2023,3,31,Tea,2.0,1.5,3.0,3.0,0.0,Credit Card,In-store
TXN_9370294,2023-04-23,2023,4,23,Cake,2.0,3.0,6.0,6.0,0.0,Credit Card,Não informado
TXN_9983356,2023-09-20,2023,9,20,Sandwich,2.0,4.0,8.0,8.0,0.0,Digital Wallet,Takeaway
TXN_8964527,2023-02-22,2023,2,22,Sandwich,4.0,4.0,16.0,16.0,0.0,Digital Wallet,Takeaway
TXN_6313325,2023-07-07,2023,7,7,Cookie,5.0,1.0,5.0,5.0,0.0,Não informado,Não informado
TXN_9497634,2023-07-20,2023,7,20,Juice,3.0,3.0,9.0,9.0,0.0,Cash,Não informado
TXN_9408993,2023-08-19,2023,8,19,Sandwich,1.0,4.0,4.0,4.0,0.0,Digital Wallet,In-store
TXN_7810285,2023-10-25,2023,10,25,Cake,4.0,3.0,12.0,12.0,0.0,Cash,Takeaway
TXN_5322809,2023-04-30,2023,4,30,Cake,2.0,3.0,6.0,6.0,0.0,Não informado,Não informado
TXN_1961595,2023-07-02,2023,7,2,Smoothie,5.0,4.0,20.0,20.0,0.0,Digital Wallet,In-store
TXN_1200795,2023-08-18,2023,8,18,Sandwich,1.0,4.0,4.0,4.0,0.0,Não informado,In-store
TXN_8958073,2023-03-31,2023,3,31,Smoothie,1.0,4.0,4.0,4.0,0.0,Não informado,Não informado
TXN_4114503,2023-11-07,2023,11,7,Salad,5.0,5.0,25.0,25.0,0.0,Não informado,Takeaway
TXN_4179561,2023-11-12,2023,11,12,Cookie,2.0,1.0,2.0,2.0,0.0,Digital Wallet,In-store
TXN_5669113,2023-03-19,2023,3,19,Sandwich,2.0,4.0,,8.0,,Não informado,Takeaway
TXN_7574828,2023-09-24,2023,9,24,Coffee,2.0,2.0,4.0,4.0,0.0,Não informado,In-store
TXN_9056301,2023-03-02,2023,3,2,Cookie,2.0,1.0,2.0,2.0,0.0,Credit Card,Takeaway
TXN_8530924,2023-08-05,2023,8,5,Sandwich,2.0,4.0,8.0,8.0,0.0,Credit Card,Não informado
TXN_5965422,2023-06-20,2023,6,20,Coffee,2.0,2.0,4.0,4.0,0.0,Credit Card,Não informado
TXN_6910030,2023-07-09,2023,7,9,Coffee,4.0,2.0,8.0,8.0,0.0,Digital Wallet,Takeaway
TXN_3713626,2023-12-24,2023,12,24,Sandwich,2.0,4.0,8.0,8.0,0.0,Cash,Não informado
TXN_5753095,2023-06-25,2023,6,25,Sandwich,4.0,4.0,16.0,16.0,0.0,Não informado,Não informado
TXN_5538503,2023-09-05,2023,9,5,Smoothie,2.0,4.0,8.0,8.0,0.0,Não informado,In-store
TXN_7609781,2023-03-13,2023,3,13,Smoothie,3.0,4.0,12.0,12.0,0.0,Cash,In-store
TXN_8398059,2023-10-15,2023,10,15,Cake,1.0,3.0,3.0,3.0,0.0,Cash,Takeaway
TXN_1792573,2023-12-07,2023,12,7,Smoothie,5.0,4.0,20.0,20.0,0.0,Cash,Takeaway
TXN_4812472,2023-09-16,2023,9,16,Cake,2.0,3.0,6.0,6.0,0.0,Cash,Não informado
TXN_5050993,2023-02-06,2023,2,6,Cookie,4.0,1.0,4.0,4.0,0.0,Não informado,Não informado
TXN_9991225,2023-02-03,2023,2,3,Cake,5.0,3.0,15.0,15.0,0.0,Credit Card,Takeaway
TXN_8734476,2023-09-12,2023,9,12,Tea,1.0,1.5,1.5,1.5,0.0,Cash,Takeaway
TXN_6471962,2023-09-21,2023,9,21,Sandwich,4.0,4.0,16.0,16.0,0.0,Cash,Takeaway
TXN_1981602,2023-09-04,2023,9,4,Sandwich,4.0,4.0,16.0,16.0,0.0,Cash,Não informado
TXN_4792702,2023-06-28,2023,6,28,Sandwich,1.0,4.0,4.0,4.0,0.0,Cash,Takeaway
TXN_3572190,2023-03-05,2023,3,5,Coffee,5.0,2.0,10.0,10.0,0.0,Credit Card,Takeaway
TXN_6791398,2023-12-17,2023,12,17,Coffee,1.0,2.0,2.0,2.0,0.0,Credit Card,Takeaway
TXN_8361255,2023-07-29,2023,7,29,Cake,3.0,3.0,9.0,9.0,0.0,Cash,Takeaway
TXN_1096690,2023-10-09,2023,10,9,Smoothie,5.0,4.0,,20.0,,Credit Card,Não informado
TXN_1371554,2023-05-19,2023,5,19,Sandwich,2.0,4.0,,8.0,,Não informado,Não informado
TXN_1476066,2023-10-19,2023,10,19,Smoothie,2.0,4.0,8.0,8.0,0.0,Não informado,Takeaway
TXN_6078834,2023-04-28,2023,4,28,Smoothie,1.0,4.0,4.0,4.0,0.0,Digital Wallet,Takeaway
TXN_7812601,2023-11-15,2023,11,15,Tea,2.0,1.5,3.0,3.0,0.0,Credit Card,Não informado
TXN_8186625,2023-07-21,2023,7,21,Cookie,1.0,1.0,1.0,1.0,0.0,Digital Wallet,Takeaway
TXN_3713976,2023-11-06,2023,11,6,Juice,2.0,3.0,6.0,6.0,0.0,Não informado,Takeaway
TXN_2946829,2023-02-08,2023,2,8,Cookie,2.0,1.0,2.0,2.0,0.0,Digital Wallet,Takeaway
TXN_8750849,2023-03-03,2023,3,3,Cake,2.0,3.0,6.0,6.0,0.0,Credit Card,Takeaway
TXN_2889344,2023-05-21,2023,5,21,Sandwich,3.0,4.0,12.0,12.0,0.0,Não informado,In-store
TXN_4067814,2023-12-20,2023,12,20,Tea,5.0,1.5,7.5,7.5,0.0,Cash,Não informado
TXN_1973716,2023-01-21,2023,1,21,Salad,4.0,5.0,20.0,20.0,0.0,Credit Card,In-store
TXN_1105589,2023-07-04,2023,7,4,Coffee,5.0,2.0,10.0,10.0,0.0,Cash,Takeaway
TXN_3727374,2023-04-10,2023,4,10,Cake,2.0,3.0,6.0,6.0,0.0,Não informado,In-store
TXN_9155299,2023-02-09,2023,2,9,Juice,3.0,3.0,9.0,9.0,0.0,Não informado,Takeaway
TXN_1346936,2023-10-10,2023,10,10,Cookie,5.0,1.0,5.0,5.0,0.0,Não informado,Não informado
TXN_2089778,2023-06-12,2023,6,12,Cake,1.0,3.0,3.0,3.0,0.0,Não informado,In-store
TXN_5375349,2023-11-13,2023,11,13,Coffee,1.0,2.0,2.0,2.0,0.0,Não informado,Takeaway
TXN_6206171,2023-03-19,2023,3,19,Cake,1.0,3.0,3.0,3.0,0.0,Digital Wallet,Não informado
TXN_9256387,2023-05-31,2023,5,31,Tea,5.0,1.5,7.5,7.5,0.0,Não informado,Não informado
TXN_6915192,2023-12-09,2023,12,9,Coffee,4.0,2.0,8.0,8.0,0.0,Não informado,In-store
TXN_8908224,2023-08-21,2023,8,21,Coffee,4.0,2.0,8.0,8.0,0.0,Não informado,Não informado
TXN_4988665,2023-12-16,2023,12,16,Cake,1.0,3.0,3.0,3.0,0.0,Digital Wallet,Takeaway
TXN_7740907,2023-02-11,2023,2,11,Smoothie,5.0,4.0,,20.0,,Não informado,In-store
TXN_5019407,2023-04-17,2023,4,17,Juice,4.0,3.0,12.0,12.0,0.0,Credit Card,Não informado
TXN_2482363,2023-08-06,2023,8,6,Tea,3.0,1.5,4.5,4.5,0.0,Cash,Não informado
TXN_5412834,2023-07-13,2023,7,13,Smoothie,4.0,4.0,16.0,16.0,0.0,Cash,Takeaway
TXN_1389258,2023-12-31,2023,12,31,Salad,1.0,5.0,5.0,5.0,0.0,Cash,Takeaway
TXN_3223187,2023-08-21,2023,8,21,Coffee,2.0,2.0,4.0,4.0,0.0,Credit Card,Não informado
TXN_9288207,2023-05-16,2023,5,16,Cake,4.0,3.0,12.0,12.0,0.0,Não informado,Takeaway
TXN_8300706,2023-12-23,2023,12,23,Salad,2.0,5.0,10.0,10.0,0.0,Digital Wallet,Não informado
TXN_8076559,2023-11-02,2023,11,2,Cake,5.0,3.0,15.0,15.0,0.0,Cash,Takeaway
TXN_4310310,2023-03-08,2023,3,8,Cake,3.0,3.0,9.0,9.0,0.0,Cash,Takeaway
TXN_5301689,2023-04-11,2023,4,11,Cake,5.0,3.0,15.0,15.0,0.0,Não informado,In-store
TXN_9971927,2023-08-07,2023,8,7,Smoothie,3.0,4.0,12.0,12.0,0.0,Não informado,Takeaway
TXN_9143440,2023-03-31,2023,3,31,Coffee,4.0,2.0,8.0,8.0,0.0,Digital Wallet,Não informado
TXN_2916209,2023-04-15,2023,4,15,Cake,2.0,3.0,6.0,6.0,0.0,Não informado,In-store
TXN_6411716,2023-02-25,2023,2,25,Cake,4.0,3.0,12.0,12.0,0.0,Credit Card,In-store
TXN_7759607,2023-08-11,2023,8,11,Sandwich,1.0,4.0,4.0,4.0,0.0,Digital Wallet,Não informado
TXN_8441057,2023-11-04,2023,11,4,Cake,4.0,3.0,12.0,12.0,0.0,Credit Card,Não informado
TXN_8283691,2023-01-25,2023,1,25,Juice,3.0,3.0,9.0,9.0,0.0,Não informado,Não informado
TXN_1154979,2023-12-11,2023,12,11,Coffee,3.0,2.0,6.0,6.0,0.0,Credit Card,In-store
TXN_4258949,2023-03-07,2023,3,7,Cake,2.0,3.0,6.0,6.0,0.0,Não informado,Não informado
TXN_6129205,2023-07-20,2023,7,20,Sandwich,5.0,4.0,20.0,20.0,0.0,Cash,In-store
TXN_3444519,2023-03-10,2023,3,10,Cookie,4.0,1.0,4.0,4.0,0.0,Não informado,Takeaway
TXN_6813508,2023-10-26,2023,10,26,Salad,1.0,5.0,5.0,5.0,0.0,Cash,Não informado
TXN_5540986,2023-05-12,2023,5,12,Cake,3.0,3.0,9.0,9.0,0.0,Não informado,Não informado
TXN_4832513,2023-06-05,2023,6,5,Cookie,5.0,1.0,5.0,5.0,0.0,Credit Card,In-store
TXN_6202035,2023-09-06,2023,9,6,Tea,2.0,1.5,3.0,3.0,0.0,Não informado,In-store
TXN_4108120,2023-06-14,2023,6,14,Coffee,2.0,2.0,4.0,4.0,0.0,Não informado,In-store
TXN_5379385,2023-02-21,2023,2,21,Coffee,5.0,2.0,10.0,10.0,0.0,Credit Card,Não informado
TXN_6782228,2023-08-18,2023,8,18,Coffee,4.0,2.0,8.0,8.0,0.0,Credit Card,Não informado
TXN_7268366,2023-12-14,2023,12,14,Juice,5.0,3.0,15.0,15.0,0.0,Não informado,In-store
TXN_1180969,2023-01-06,2023,1,6,Cookie,1.0,1.0,,1.0,,Digital Wallet,In-store
TXN_6492919,2023-09-24,2023,9,24,Juice,3.0,3.0,9.0,9.0,0.0,Digital Wallet,Não informado
TXN_4356223,2023-11-23,2023,11,23,Salad,3.0,5.0,15.0,15.0,0.0,Digital Wallet,Takeaway
TXN_7515082,2023-10-21,2023,10,21,Coffee,2.0,2.0,4.0,4.0,0.0,Não informado,In-store
TXN_7216161,2023-07-06,2023,7,6,Tea,4.0,1.5,6.0,6.0,0.0,Credit Card,Não informado
TXN_3484520,2023-08-15,2023,8,15,Juice,3.0,3.0,9.0,9.0,0.0,Credit Card,Não informado
TXN_2806515,2023-12-31,2023,12,31,Smoothie,4.0,4.0,,16.0,,Não informado,In-store
TXN_7198128,2023-09-07,2023,9,7,Cake,2.0,3.0,,6.0,,Não informado,In-store
TXN_6717061,2023-08-07,2023,8,7,Salad,3.0,5.0,15.0,15.0,0.0,Credit Card,Não informado
TXN_3562350,2023-02-04,2023,2,4,Coffee,2.0,2.0,4.0,4.0,0.0,Não informado,Não informado
TXN_2471972,2023-04-08,2023,4,8,Cookie,1.0,1.0,1.0,1.0,0.0,Cash,Takeaway
TXN_3060152,2023-02-07,2023,2,7,Juice,5.0,3.0,15.0,15.0,0.0,Digital Wallet,Não informado
TXN_4651514,2023-03-28,2023,3,28,Tea,2.0,1.5,,3.0,,Digital Wallet,In-store
TXN_6555617,2023-12-27,2023,12,27,Salad,2.0,5.0,10.0,10.0,0.0,Digital Wallet,Takeaway
TXN_7033977,2023-05-04,2023,5,4,Sandwich,4.0,4.0,16.0,16.0,0.0,Não informado,Takeaway
TXN_6899834,2023-01-27,2023,1,27,Cake,3.0,3.0,9.0,9.0,0.0,Credit Card,Takeaway
TXN_3427950,2023-02-23,2023,2,23,Smoothie,5.0,4.0,20.0,20.0,0.0,Não informado,In-store
TXN_8543211,2023-11-30,2023,11,30,Juice,3.0,3.0,9.0,9.0,0.0,Não informado,Takeaway
TXN_7538570,2023-04-18,2023,4,18,Smoothie,4.0,4.0,16.0,16.0,0.0,Credit Card,Takeaway
TXN_8789116,2023-01-13,2023,1,13,Salad,5.0,5.0,25.0,25.0,0.0,Digital Wallet,Takeaway
TXN_8930109,2023-05-17,2023,5,17,Cookie,5.0,1.0,5.0,5.0,0.0,Digital Wallet,Takeaway
TXN_9799798,2023-05-23,2023,5,23,Coffee,5.0,2.0,10.0,10.0,0.0,Credit Card,Takeaway
TXN_8831813,2023-11-23,2023,11,23,Smoothie,5.0,4.0,20.0,20.0,0.0,Não informado,Não informado
TXN_5067373,2023-10-18,2023,10,18,Cookie,3.0,1.0,3.0,3.0,0.0,Cash,Não informado
TXN_5755839,2023-12-19,2023,12,19,Sandwich,3.0,4.0,12.0,12.0,0.0,Credit Card,Não informado
TXN_1681153,2023-02-09,2023,2,9,Juice,3.0,3.0,9.0,9.0,0.0,Cash,Takeaway
TXN_4255503,2023-11-19,2023,11,19,Coffee,3.0,2.0,6.0,6.0,0.0,Digital Wallet,Takeaway
TXN_2385697,2023-09-10,2023,9,10,Coffee,1.0,2.0,2.0,2.0,0.0,Cash,Takeaway
TXN_9151321,2023-01-05,2023,1,5,Sandwich,4.0,4.0,16.0,16.0,0.0,Cash,In-store
TXN_7369807,2023-02-22,2023,2,22,Coffee,4.0,2.0,8.0,8.0,0.0,Não informado,In-store
TXN_1602799,2023-03-23,2023,3,23,Cake,4.0,3.0,12.0,12.0,0.0,Digital Wallet,Takeaway
TXN_3336502,2023-05-04,2023,5,4,Sandwich,3.0,4.0,12.0,12.0,0.0,Credit Card,Não informado
TXN_9579181,2023-05-24,2023,5,24,Sandwich,1.0,4.0,4.0,4.0,0.0,Digital Wallet,In-store
TXN_1388606,2023-08-31,2023,8,31,Cake,3.0,3.0,9.0,9.0,0.0,Digital Wallet,Takeaway
TXN_2336857,2023-08-02,2023,8,2,Cake,3.0,3.0,9.0,9.0,0.0,Cash,In-store
TXN_9526867,2023-10-21,2023,10,21,Cookie,2.0,1.0,2.0,2.0,0.0,Digital Wallet,Takeaway
TXN_4427348,2023-12-22,2023,12,22,Cake,5.0,3.0,15.0,15.0,0.0,Cash,Não informado
TXN_5901180,2023-12-20,2023,12,20,Cookie,3.0,1.0,3.0,3.0,0.0,Digital Wallet,Não informado
TXN_3224921,2023-04-06,2023,4,6,Sandwich,5.0,4.0,20.0,20.0,0.0,Não informado,In-store
TXN_5792655,2023-12-21,2023,12,21,Juice,1.0,3.0,3.0,3.0,0.0,Digital Wallet,Takeaway
TXN_5566652,2023-09-16,2023,9,16,Juice,5.0,3.0,15.0,15.0,0.0,Credit Card,Não informado
TXN_7782538,2023-08-15,2023,8,15,Juice,2.0,3.0,6.0,6.0,0.0,Digital Wallet,Takeaway
TXN_7478389,2023-10-13,2023,10,13,Cookie,5.0,1.0,5.0,5.0,0.0,Digital Wallet,Não informado
TXN_6108428,2023-05-08,2023,5,8,Cake,3.0,3.0,9.0,9.0,0.0,Digital Wallet,Não informado
TXN_3615483,2023-09-08,2023,9,8,Sandwich,2.0,4.0,8.0,8.0,0.0,Digital Wallet,Não informado
TXN_6404763,2023-11-13,2023,11,13,Sandwich,5.0,4.0,20.0,20.0,0.0,Digital Wallet,Takeaway
TXN_2269497,2023-08-14,2023,8,14,Coffee,5.0,2.0,10.0,10.0,0.0,Não informado,Não informado
TXN_5153686,2023-04-05,2023,4,5,Coffee,5.0,2.0,10.0,10.0,0.0,Não informado,Takeaway
TXN_4915908,2023-06-06,2023,6,6,Sandwich,5.0,4.0,20.0,20.0,0.0,Credit Card,In-store
TXN_7146613,2023-08-01,2023,8,1,Smoothie,1.0,4.0,4.0,4.0,0.0,Cash,Não informado
TXN_8219519,2023-11-29,2023,11,29,Tea,5.0,1.5,7.5,7.5,0.0,Não informado,Não informado
TXN_7867311,2023-07-17,2023,7,17,Smoothie,2.0,4.0,8.0,8.0,0.0,Não informado,Não informado
TXN_4203585,2023-09-03,2023,9,3,Cake,2.0,3.0,6.0,6.0,0.0,Não informado,Não informado
TXN_7222483,2023-05-02,2023,5,2,Sandwich,5.0,4.0,20.0,20.0,0.0,Não informado,Takeaway
TXN_4472156,2023-11-03,2023,11,3,Cookie,1.0,1.0,1.0,1.0,0.0,Não informado,In-store
TXN_7043825,2023-02-07,2023,2,7,Juice,2.0,3.0,6.0,6.0,0.0,Cash,Takeaway
TXN_2539318,2023-01-15,2023,1,15,Sandwich,4.0,4.0,16.0,16.0,0.0,Digital Wallet,Não informado
TXN_5788769,2023-07-19,2023,7,19,Juice,1.0,3.0,3.0,3.0,0.0,Cash,In-store
TXN_2424930,2023-01-20,2023,1,20,Tea,5.0,1.5,7.5,7.5,0.0,Digital Wallet,Não informado
TXN_5856820,2023-07-18,2023,7,18,Tea,2.0,1.5,3.0,3.0,0.0,Credit Card,Takeaway
TXN_3753993,2023-04-01,2023,4,1,Sandwich,5.0,4.0,20.0,20.0,0.0,Credit Card,Não informado
TXN_9354616,2023-01-27,2023,1,27,Tea,4.0,1.5,6.0,6.0,0.0,Digital Wallet,Takeaway
TXN_3749365,2023-01-19,2023,1,19,Cookie,3.0,1.0,3.0,3.0,0.0,Cash,Não informado
TXN_6900785,2023-09-25,2023,9,25,Juice,1.0,3.0,3.0,3.0,0.0,Não informado,Takeaway
TXN_5775113,2023-10-23,2023,10,23,Salad,1.0,5.0,5.0,5.0,0.0,Digital Wallet,Não informado
TXN_5268203,2023-03-04,2023,3,4,Cake,1.0,3.0,3.0,3.0,0.0,Credit Card,Takeaway
TXN_3483570,2023-03-21,2023,3,21,Sandwich,2.0,4.0,8.0,8.0,0.0,Não informado,Takeaway
TXN_5226635,2023-02-01,2023,2,1,Cookie,4.0,1.0,4.0,4.0,0.0,Credit Card,Takeaway
TXN_5469063,2023-02-24,2023,2,24,Coffee,2.0,2.0,4.0,4.0,0.0,Não informado,Takeaway
TXN_9278992,2023-12-15,2023,12,15,Smoothie,4.0,4.0,16.0,16.0,0.0,Cash,Takeaway
TXN_4369292,2023-10-09,2023,10,9,Cake,1.0,3.0,3.0,3.0,0.0,Credit Card,Takeaway
TXN_6011884,2023-12-25,2023,12,25,Tea,5.0,1.5,7.5,7.5,0.0,Não informado,Não informado
TXN_3912727,2023-04-13,2023,4,13,Tea,5.0,1.5,7.5,7.5,0.0,Digital Wallet,Takeaway
TXN_1951569,2023-02-27,2023,2,27,Salad,2.0,5.0,10.0,10.0,0.0,Digital Wallet,Não informado
TXN_6983139,2023-12-18,2023,12,18,Salad,2.0,5.0,10.0,10.0,0.0,Credit Card,Takeaway
TXN_6787560,2023-07-13,2023,7,13,Cake,3.0,3.0,9.0,9.0,0.0,Não informado,Não informado
TXN_5977414,2023-08-06,2023,8,6,Cake,2.0,3.0,6.0,6.0,0.0,Credit Card,In-store
TXN_5485384,2023-03-04,2023,3,4,Sandwich,5.0,4.0,20.0,20.0,0.0,Não informado,Não informado
TXN_9285663,2023-11-18,2023,11,18,Cookie,4.0,1.0,4.0,4.0,0.0,Não informado,Não informado
TXN_9074075,2023-08-14,2023,8,14,Juice,5.0,3.0,15.0,15.0,0.0,Credit Card,Não informado
TXN_8050034,2023-07-29,2023,7,29,Cookie,4.0,1.0,4.0,4.0,0.0,Não informado,In-store
TXN_5121322,2023-12-17,2023,12,17,Sandwich,3.0,4.0,12.0,12.0,0.0,Não informado,In-store
TXN_3091582,2023-11-28,2023,11,28,Sandwich,5.0,4.0,20.0,20.0,0.0,Não informado,Não informado
TXN_8550184,2023-04-05,2023,4,5,Juice,3.0,3.0,9.0,9.0,0.0,Digital Wallet,Takeaway
TXN_2773491,2023-11-14,2023,11,14,Salad,5.0,5.0,25.0,25.0,0.0,Cash,Não informado
TXN_3712466,2023-04-10,2023,4,10,Cake,5.0,3.0,,15.0,,Digital Wallet,Não informado
TXN_4901854,2023-04-23,2023,4,23,Cookie,5.0,1.0,5.0,5.0,0.0,Não informado,Não informado
TXN_6962242,2023-06-30,2023,6,30,Juice,1.0,3.0,3.0,3.0,0.0,Digital Wallet,Takeaway
TXN_5780931,2023-10-06,2023,10,6,Tea,4.0,1.5,6.0,6.0,0.0,Digital Wallet,Não informado
TXN_4563679,2023-09-11,2023,9,11,Coffee,4.0,2.0,8.0,8.0,0.0,Não informado,In-store
TXN_6290642,2023-12-23,2023,12,23,Coffee,4.0,2.0,,8.0,,Não informado,Takeaway
TXN_6177865,2023-01-30,2023,1,30,Juice,5.0,3.0,15.0,15.0,0.0,Digital Wallet,Não informado
TXN_8115752,2023-06-27,2023,6,27,Smoothie,2.0,4.0,8.0,8.0,0.0,Digital Wallet,Não informado
TXN_9253398,2023-12-14,2023,12,14,Sandwich,2.0,4.0,8.0,8.0,0.0,Não informado,Takeaway
TXN_3116227,2023-05-30,2023,5,30,Cake,1.0,3.0,3.0,3.0,0.0,Digital Wallet,Não informado
TXN_2494138,2023-01-10,2023,1,10,Cookie,3.0,1.0,3.0,3.0,0.0,Cash,Não informado
TXN_4889269,2023-02-19,2023,2,19,Cake,2.0,3.0,,6.0,,Cash,Não informado
TXN_6105240,2023-11-27,2023,11,27,Juice,5.0,3.0,,15.0,,Não informado,In-store
TXN_8808162,2023-05-07,2023,5,7,Smoothie,4.0,4.0,16.0,16.0,0.0,Digital Wallet,Não informado
TXN_4548466,2023-11-30,2023,11,30,Tea,4.0,1.5,6.0,6.0,0.0,Credit Card,Takeaway
TXN_9835676,2023-03-30,2023,3,30,Cookie,2.0,1.0,2.0,2.0,0.0,Digital Wallet,Não informado
TXN_9728454,2023-01-03,2023,1,3,Juice,4.0,3.0,,12.0,,Digital Wallet,Takeaway
TXN_5907854,2023-11-11,2023,11,11,Juice,3.0,3.0,9.0,9.0,0.0,Não informado,In-store
TXN_8685846,2023-12-27,2023,12,27,Tea,5.0,1.5,7.5,7.5,0.0,Credit Card,Não informado
TXN_1726774,2023-11-16,2023,11,16,Salad,3.0,5.0,15.0,15.0,0.0,Não informado,Não informado
TXN_2594430,2023-05-18,2023,5,18,Coffee,1.0,2.0,2.0,2.0,0.0,Não informado,Não informado
TXN_6714931,2023-07-02,2023,7,2,Juice,3.0,3.0,9.0,9.0,0.0,Não informado,Não informado
TXN_5944206,2023-05-12,2023,5,12,Cookie,5.0,1.0,5.0,5.0,0.0,Digital Wallet,Takeaway
TXN_9212178,2023-11-18,2023,11,18,Juice,1.0,3.0,3.0,3.0,0.0,Credit Card,Takeaway
TXN_2915856,2023-06-19,2023,6,19,Tea,1.0,1.5,1.5,1.5,0.0,Não informado,In-store
TXN_4376214,2023-04-26,2023,4,26,Salad,5.0,5.0,25.0,25.0,0.0,Não informado,Não informado
TXN_9201212,2023-06-08,2023,6,8,Smoothie,4.0,4.0,16.0,16.0,0.0,Digital Wallet,Takeaway
TXN_7055260,2023-06-20,2023,6,20,Sandwich,4.0,4.0,16.0,16.0,0.0,Digital Wallet,In-store
TXN_4773465,2023-11-28,2023,11,28,Coffee,5.0,2.0,,10.0,,Digital Wallet,Takeaway
TXN_9087344,2023-07-29,2023,7,29,Tea,5.0,1.5,,7.5,,Cash,Não informado
TXN_1757340,2023-12-29,2023,12,29,Cake,2.0,3.0,6.0,6.0,0.0,Credit Card,In-store
TXN_9975321,2023-03-25,2023,3,25,Salad,2.0,5.0,10.0,10.0,0.0,Digital Wallet,Não informado
TXN_1681216,2023-03-23,2023,3,23,Cake,3.0,3.0,9.0,9.0,0.0,Não informado,Não informado
TXN_3835043,2023-12-29,2023,12,29,Juice,2.0,3.0,6.0,6.0,0.0,Cash,Não informado
TXN_8366002,2023-12-26,2023,12,26,Sandwich,2.0,4.0,8.0,8.0,0.0,Credit Card,Não informado
TXN_9390740,2023-12-06,2023,12,6,Cake,2.0,3.0,6.0,6.0,0.0,Cash,In-store
TXN_4928254,2023-12-22,2023,12,22,Cake,1.0,3.0,3.0,3.0,0.0,Credit Card,Não informado
TXN_9117434,2023-07-18,2023,7,18,Cake,1.0,3.0,3.0,3.0,0.0,Não informado,In-store
TXN_7531745,2023-06-23,2023,6,23,Cake,2.0,3.0,6.0,6.0,0.0,Cash,Não informado
TXN_1082421,2023-12-19,2023,12,19,Salad,1.0,5.0,5.0,5.0,0.0,Digital Wallet,In-store
TXN_2148444,2023-11-27,2023,11,27,Juice,2.0,3.0,6.0,6.0,0.0,Cash,Não informado
TXN_9277146,2023-07-11,2023,7,11,Cake,5.0,3.0,15.0,15.0,0.0,Credit Card,Não informado
TXN_9333347,2023-09-10,2023,9,10,Smoothie,5.0,4.0,20.0,20.0,0.0,Cash,Não informado
TXN_9127105,2023-03-04,2023,3,4,Juice,3.0,3.0,9.0,9.0,0.0,Cash,Não informado
TXN_1417724,2023-06-07,2023,6,7,Sandwich,2.0,4.0,8.0,8.0,0.0,Digital Wallet,Não informado
TXN_6451377,2023-03-19,2023,3,19,Salad,5.0,5.0,25.0,25.0,0.0,Credit Card,Takeaway
TXN_2142961,2023-09-21,2023,9,21,Coffee,5.0,2.0,10.0,10.0,0.0,Credit Card,Takeaway
TXN_5927884,2023-12-21,2023,12,21,Coffee,4.0,2.0,8.0,8.0,0.0,Não informado,Não informado
TXN_8588335,2023-09-04,2023,9,4,Salad,4.0,5.0,20.0,20.0,0.0,Credit Card,Não informado
TXN_6738350,2023-11-02,2023,11,2,Juice,2.0,3.0,6.0,6.0,0.0,Digital Wallet,Não informado
TXN_5575561,2023-02-13,2023,2,13,Tea,4.0,1.5,6.0,6.0,0.0,Digital Wallet,Takeaway
TXN_1007347,2023-08-28,2023,8,28,Salad,4.0,5.0,20.0,20.0,0.0,Digital Wallet,In-store
TXN_8933459,2023-12-31,2023,12,31,Juice,1.0,3.0,3.0,3.0,0.0,Não informado,Não informado
TXN_7692628,2023-05-01,2023,5,1,Tea,2.0,1.5,3.0,3.0,0.0,Cash,Não informado
TXN_6731518,2023-12-04,2023,12,4,Cookie,1.0,1.0,1.0,1.0,0.0,Digital Wallet,Takeaway
TXN_3455702,2023-03-23,2023,3,23,Salad,1.0,5.0,5.0,5.0,0.0,Cash,Takeaway
TXN_7794561,2023-05-18,2023,5,18,Juice,4.0,3.0,12.0,12.0,0.0,Credit Card,In-store
TXN_8908193,2023-04-02,2023,4,2,Smoothie,5.0,4.0,20.0,20.0,0.0,Cash,Não informado
TXN_7688625,2023-12-15,2023,12,15,Coffee,1.0,2.0,2.0,2.0,0.0,Credit Card,In-store
TXN_7012065,2023-08-05,2023,8,5,Coffee,3.0,2.0,6.0,6.0,0.0,Não informado,Não informado
TXN_8831924,2023-07-12,2023,7,12,Coffee,3.0,2.0,6.0,6.0,0.0,Digital Wallet,In-store
TXN_2865104,2023-03-12,2023,3,12,Cake,5.0,3.0,15.0,15.0,0.0,Não informado,In-store
TXN_1360998,2023-07-30,2023,7,30,Cookie,2.0,1.0,2.0,2.0,0.0,Cash,Takeaway
TXN_4125921,2023-01-26,2023,1,26,Juice,5.0,3.0,15.0,15.0,0.0,Credit Card,Não informado
TXN_8149585,2023-02-21,2023,2,21,Juice,1.0,3.0,3.0,3.0,0.0,Credit Card,Não informado
TXN_9047278,2023-06-20,2023,6,20,Tea,4.0,1.5,6.0,6.0,0.0,Credit Card,Takeaway
TXN_8666003,2023-06-09,2023,6,9,Smoothie,4.0,4.0,16.0,16.0,0.0,Não informado,Takeaway
TXN_7606512,2023-12-03,2023,12,3,Cookie,5.0,1.0,5.0,5.0,0.0,Cash,Não informado
TXN_1819615,2023-06-03,2023,6,3,Coffee,4.0,2.0,8.0,8.0,0.0,Não informado,Não informado
TXN_1931404,2023-10-01,2023,10,1,Cake,5.0,3.0,15.0,15.0,0.0,Não informado,In-store
TXN_4516901,2023-09-05,2023,9,5,Tea,2.0,1.5,3.0,3.0,0.0,Credit Card,In-store
TXN_6817795,2023-09-12,2023,9,12,Tea,1.0,1.5,1.5,1.5,0.0,Cash,Takeaway
TXN_9762385,2023-05-19,2023,5,19,Tea,3.0,1.5,4.5,4.5,0.0,Não informado,Não informado
TXN_6809170,2023-08-10,2023,8,10,Smoothie,4.0,4.0,16.0,16.0,0.0,Cash,Takeaway
TXN_7365744,2023-08-20,2023,8,20,Cookie,4.0,1.0,4.0,4.0,0.0,Cash,In-store
TXN_9847116,2023-07-28,2023,7,28,Salad,3.0,5.0,15.0,15.0,0.0,Cash,Takeaway
TXN_8356338,2023-08-06,2023,8,6,Salad,5.0,5.0,25.0,25.0,0.0,Credit Card,In-store
TXN_4413506,2023-10-29,2023,10,29,Juice,4.0,3.0,12.0,12.0,0.0,Digital Wallet,In-store
TXN_9534685,2023-04-27,2023,4,27,Salad,1.0,5.0,5.0,5.0,0.0,Não informado,Takeaway
TXN_4893692,2023-01-02,2023,1,2,Salad,2.0,5.0,10.0,10.0,0.0,Não informado,Não informado
TXN_5680629,2023-04-30,2023,4,30,Cake,2.0,3.0,6.0,6.0,0.0,Não informado,Takeaway
TXN_2494194,2023-02-11,2023,2,11,Salad,5.0,5.0,25.0,25.0,0.0,Digital Wallet,Não informado
TXN_4737392,2023-02-17,2023,2,17,Sandwich,2.0,4.0,8.0,8.0,0.0,Cash,In-store
TXN_9538738,2023-09-25,2023,9,25,Coffee,4.0,2.0,8.0,8.0,0.0,Cash,In-store
TXN_1854102,2023-07-18,2023,7,18,Coffee,2.0,2.0,4.0,4.0,0.0,Digital Wallet,Takeaway
TXN_3109692,2023-06-21,2023,6,21,Juice,4.0,3.0,,12.0,,Credit Card,In-store
TXN_5395229,2023-11-29,2023,11,29,Coffee,5.0,2.0,10.0,10.0,0.0,Cash,Não informado
TXN_8918902,2023-05-22,2023,5,22,Coffee,5.0,2.0,10.0,10.0,0.0,Não informado,Não informado
TXN_8837375,2023-11-21,2023,11,21,Sandwich,2.0,4.0,8.0,8.0,0.0,Digital Wallet,Takeaway
TXN_3952218,2023-04-07,2023,4,7,Salad,5.0,5.0,,25.0,,Não informado,Não informado
TXN_3225552,2023-05-16,2023,5,16,Salad,1.0,5.0,5.0,5.0,0.0,Não informado,In-store
TXN_7950226,2023-10-13,2023,10,13,Tea,1.0,1.5,1.5,1.5,0.0,Digital Wallet,In-store
TXN_9086541,2023-02-15,2023,2,15,Salad,3.0,5.0,15.0,15.0,0.0,Cash,In-store
TXN_1817596,2023-11-04,2023,11,4,Tea,2.0,1.5,3.0,3.0,0.0,Não informado,In-store
TXN_7644786,2023-01-20,2023,1,20,Cookie,3.0,1.0,,3.0,,Credit Card,Takeaway
TXN_8017969,2023-03-26,2023,3,26,Juice,1.0,3.0,3.0,3.0,0.0,Cash,Takeaway
TXN_6667388,2023-08-14,2023,8,14,Cake,3.0,3.0,9.0,9.0,0.0,Cash,In-store
TXN_3488611,2023-02-13,2023,2,13,Tea,1.0,1.5,,1.5,,Cash,Não informado
TXN_3109334,2023-04-06,2023,4,6,Smoothie,3.0,4.0,12.0,12.0,0.0,Não informado,In-store
TXN_9425645,2023-03-19,2023,3,19,Cake,3.0,3.0,9.0,9.0,0.0,Credit Card,Takeaway
TXN_2461238,2023-01-29,2023,1,29,Coffee,1.0,2.0,2.0,2.0,0.0,Não informado,Takeaway
TXN_4692976,2023-11-06,2023,11,6,Juice,1.0,3.0,3.0,3.0,0.0,Digital Wallet,Não informado
TXN_6747376,2023-11-20,2023,11,20,Smoothie,3.0,4.0,12.0,12.0,0.0,Digital Wallet,In-store
TXN_3689335,2023-12-11,2023,12,11,Juice,1.0,3.0,3.0,3.0,0.0,Não informado,Takeaway
TXN_9662568,2023-10-30,2023,10,30,Tea,5.0,1.5,7.5,7.5,0.0,Cash,Não informado
TXN_5470087,2023-10-11,2023,10,11,Salad,2.0,5.0,10.0,10.0,0.0,Não informado,Takeaway
TXN_3717372,2023-02-15,2023,2,15,Juice,2.0,3.0,6.0,6.0,0.0,Credit Card,Não informado
TXN_6727985,2023-06-16,2023,6,16,Salad,5.0,5.0,,25.0,,Credit Card,In-store
TXN_1755661,2023-07-14,2023,7,14,Salad,5.0,5.0,25.0,25.0,0.0,Não informado,In-store
TXN_5692316,2023-06-22,2023,6,22,Smoothie,1.0,4.0,4.0,4.0,0.0,Digital Wallet,Não informado
TXN_2062269,2023-09-08,2023,9,8,Juice,4.0,3.0,12.0,12.0,0.0,Digital Wallet,Takeaway
TXN_2160316,2023-10-24,2023,10,24,Sandwich,1.0,4.0,4.0,4.0,0.0,Não informado,In-store
TXN_4220743,2023-10-22,2023,10,22,Sandwich,4.0,4.0,16.0,16.0,0.0,Não informado,In-store
TXN_2726843,2023-05-31,2023,5,31,Sandwich,1.0,4.0,4.0,4.0,0.0,Não informado,In-store
TXN_9969283,2023-10-26,2023,10,26,Sandwich,3.0,4.0,12.0,12.0,0.0,Digital Wallet,Não informado
TXN_8313892,2023-11-29,2023,11,29,Salad,3.0,5.0,15.0,15.0,0.0,Credit Card,Takeaway
TXN_3131761,2023-10-18,2023,10,18,Smoothie,1.0,4.0,4.0,4.0,0.0,Não informado,Takeaway
TXN_1856112,2023-06-08,2023,6,8,Salad,3.0,5.0,15.0,15.0,0.0,Credit Card,Não informado
TXN_4532651,2023-09-13,2023,9,13,Coffee,2.0,2.0,4.0,4.0,0.0,Não informado,In-store
TXN_4083736,2023-08-21,2023,8,21,Coffee,1.0,2.0,2.0,2.0,0.0,Não informado,In-store
TXN_4493176,2023-10-14,2023,10,14,Tea,3.0,1.5,4.5,4.5,0.0,Não informado,Não informado
TXN_6712994,2023-10-02,2023,10,2,Coffee,3.0,2.0,6.0,6.0,0.0,Cash,Takeaway
TXN_1840566,2023-01-05,2023,1,5,Coffee,4.0,2.0,8.0,8.0,0.0,Não informado,Não informado
TXN_6257776,2023-10-28,2023,10,28,Juice,5.0,3.0,15.0,15.0,0.0,Cash,In-store
TXN_9039165,2023-03-10,2023,3,10,Sandwich,4.0,4.0,16.0,16.0,0.0,Não informado,Takeaway
TXN_3869150,2023-03-26,2023,3,26,Cookie,3.0,1.0,3.0,3.0,0.0,Cash,Não informado
TXN_2018236,2023-04-19,2023,4,19,Coffee,5.0,2.0,10.0,10.0,0.0,Cash,Não informado
TXN_6073195,2023-09-13,2023,9,13,Sandwich,3.0,4.0,12.0,12.0,0.0,Credit Card,Takeaway
TXN_4178872,2023-01-25,2023,1,25,Tea,1.0,1.5,1.5,1.5,0.0,Credit Card,Não informado
TXN_8836650,2023-05-22,2023,5,22,Smoothie,5.0,4.0,20.0,20.0,0.0,Não informado,Não informado
TXN_5882584,2023-09-16,2023,9,16,Cake,5.0,3.0,15.0,15.0,0.0,Não informado,In-store
TXN_4291132,2023-08-07,2023,8,7,Cake,2.0,3.0,6.0,6.0,0.0,Credit Card,Takeaway
TXN_1622123,2023-01-05,2023,1,5,Cookie,2.0,1.0,2.0,2.0,0.0,Cash,Takeaway
TXN_2878078,2023-12-15,2023,12,15,Cake,2.0,3.0,6.0,6.0,0.0,Digital Wallet,Takeaway
TXN_7134579,2023-06-06,2023,6,6,Cookie,5.0,1.0,5.0,5.0,0.0,Digital Wallet,Takeaway
TXN_6921057,2023-07-10,2023,7,10,Sandwich,4.0,4.0,16.0,16.0,0.0,Digital Wallet,Takeaway
TXN_2335088,2023-10-27,2023,10,27,Salad,4.0,5.0,20.0,20.0,0.0,Cash,In-store
TXN_9778859,2023-06-05,2023,6,5,Cookie,3.0,1.0,3.0,3.0,0.0,Cash,Takeaway
TXN_3850274,2023-09-08,2023,9,8,Juice,5.0,3.0,15.0,15.0,0.0,Não informado,Não informado
TXN_4428448,2023-02-04,2023,2,4,Cookie,4.0,1.0,4.0,4.0,0.0,Não informado,Não informado
TXN_6386662,2023-12-04,2023,12,4,Salad,5.0,5.0,25.0,25.0,0.0,Credit Card,Takeaway
TXN_5491825,2023-06-09,2023,6,9,Cake,4.0,3.0,12.0,12.0,0.0,Cash,In-store
TXN_5330930,2023-07-12,2023,7,12,Cake,1.0,3.0,3.0,3.0,0.0,Não informado,In-store
TXN_5580933,2023-10-19,2023,10,19,Smoothie,3.0,4.0,,12.0,,Cash,Takeaway
TXN_3326110,2023-08-13,2023,8,13,Coffee,2.0,2.0,4.0,4.0,0.0,Credit Card,Takeaway
TXN_5455079,2023-11-30,2023,11,30,Salad,2.0,5.0,10.0,10.0,0.0,Cash,In-store
TXN_5526475,2023-05-06,2023,5,6,Tea,4.0,1.5,6.0,6.0,0.0,Cash,In-store
TXN_3800253,2023-01-15,2023,1,15,Cake,2.0,3.0,6.0,6.0,0.0,Cash,Takeaway
TXN_9169782,2023-09-18,2023,9,18,Juice,5.0,3.0,15.0,15.0,0.0,Credit Card,Não informado
TXN_4134478,2023-06-25,2023,6,25,Juice,2.0,3.0,6.0,6.0,0.0,Credit Card,Takeaway
TXN_4997327,2023-03-19,2023,3,19,Coffee,2.0,2.0,4.0,4.0,0.0,Não informado,In-store
TXN_4049949,2023-11-06,2023,11,6,Cookie,1.0,1.0,1.0,1.0,0.0,Não informado,Takeaway
TXN_7296498,2023-05-19,2023,5,19,Salad,5.0,5.0,25.0,25.0,0.0,Credit Card,Takeaway
TXN_4706042,2023-12-01,2023,12,1,Salad,5.0,5.0,25.0,25.0,0.0,Não informado,In-store
TXN_2488987,2023-06-12,2023,6,12,Tea,5.0,1.5,7.5,7.5,0.0,Cash,In-store
TXN_6708156,2023-11-26,2023,11,26,Tea,5.0,1.5,7.5,7.5,0.0,Credit Card,Não informado
TXN_7616002,2023-11-08,2023,11,8,Tea,2.0,1.5,3.0,3.0,0.0,Não informado,In-store
TXN_1865735,2023-09-22,2023,9,22,Smoothie,2.0,4.0,8.0,8.0,0.0,Digital Wallet,In-store
TXN_5396450,2023-12-09,2023,12,9,Juice,3.0,3.0,9.0,9.0,0.0,Digital Wallet,Não informado
TXN_5881757,2023-08-15,2023,8,15,Sandwich,3.0,4.0,12.0,12.0,0.0,Credit Card,Não informado
TXN_5342589,2023-04-06,2023,4,6,Tea,2.0,1.5,3.0,3.0,0.0,Digital Wallet,Não informado
TXN_1987212,2023-04-07,2023,4,7,Smoothie,5.0,4.0,,20.0,,Credit Card,Takeaway
TXN_5303275,2023-09-18,2023,9,18,Cookie,4.0,1.0,4.0,4.0,0.0,Cash,Takeaway
TXN_9193760,2023-01-20,2023,1,20,Salad,5.0,5.0,25.0,25.0,0.0,Não informado,Não informado
TXN_8541074,2023-11-08,2023,11,8,Salad,4.0,5.0,20.0,20.0,0.0,Não informado,In-store
TXN_1075183,2023-01-09,2023,1,9,Tea,2.0,1.5,3.0,3.0,0.0,Credit Card,Não informado
TXN_9316158,2023-10-31,2023,10,31,Sandwich,5.0,4.0,20.0,20.0,0.0,Cash,In-store
TXN_8207244,2023-05-04,2023,5,4,Tea,5.0,1.5,7.5,7.5,0.0,Cash,Takeaway
TXN_2814866,2023-07-29,2023,7,29,Smoothie,1.0,4.0,4.0,4.0,0.0,Digital Wallet,In-store
TXN_8454044,2023-05-27,2023,5,27,Coffee,5.0,2.0,10.0,10.0,0.0,Credit Card,Não informado
TXN_2560137,2023-10-13,2023,10,13,Cake,1.0,3.0,3.0,3.0,0.0,Cash,Takeaway
TXN_7350571,2023-02-19,2023,2,19,Smoothie,1.0,4.0,4.0,4.0,0.0,Credit Card,In-store
TXN_3915802,2023-12-16,2023,12,16,Coffee,3.0,2.0,6.0,6.0,0.0,Cash,Takeaway
TXN_5019143,2023-02-21,2023,2,21,Coffee,5.0,2.0,10.0,10.0,0.0,Cash,Não informado
TXN_1785371,2023-01-16,2023,1,16,Coffee,1.0,2.0,2.0,2.0,0.0,Não informado,Takeaway
TXN_6441650,2023-09-06,2023,9,6,Cake,5.0,3.0,15.0,15.0,0.0,Não informado,Takeaway
TXN_2493262,2023-01-03,2023,1,3,Cookie,2.0,1.0,2.0,2.0,0.0,Credit Card,Takeaway
TXN_6038791,2023-03-06,2023,3,6,Juice,2.0,3.0,6.0,6.0,0.0,Digital Wallet,In-store
TXN_1335337,2023-09-06,2023,9,6,Tea,3.0,1.5,4.5,4.5,0.0,Credit Card,In-store
TXN_2275914,2023-10-24,2023,10,24,Sandwich,2.0,4.0,8.0,8.0,0.0,Não informado,Takeaway
TXN_6258276,2023-01-29,2023,1,29,Sandwich,5.0,4.0,20.0,20.0,0.0,Credit Card,Não informado
TXN_2340312,2023-07-30,2023,7,30,Cake,4.0,3.0,12.0,12.0,0.0,Não informado,Takeaway
TXN_6066433,2023-06-17,2023,6,17,Tea,2.0,1.5,,3.0,,Cash,Não informado
TXN_1872922,2023-07-16,2023,7,16,Sandwich,5.0,4.0,20.0,20.0,0.0,Não informado,In-store
TXN_7730388,2023-09-09,2023,9,9,Cookie,5.0,1.0,5.0,5.0,0.0,Digital Wallet,In-store
TXN_3147198,2023-02-04,2023,2,4,Smoothie,2.0,4.0,8.0,8.0,0.0,Digital Wallet,Não informado
TXN_6363897,2023-11-26,2023,11,26,Salad,5.0,5.0,25.0,25.0,0.0,Credit Card,Takeaway
TXN_1893222,2023-12-20,2023,12,20,Smoothie,5.0,4.0,20.0,20.0,0.0,Credit Card,In-store
TXN_9262803,2023-10-04,2023,10,4,Juice,5.0,3.0,15.0,15.0,0.0,Digital Wallet,Não informado
TXN_6577035,2023-05-20,2023,5,20,Smoothie,2.0,4.0,8.0,8.0,0.0,Não informado,In-store
TXN_9970966,2023-09-09,2023,9,9,Coffee,5.0,2.0,10.0,10.0,0.0,Não informado,In-store
TXN_5624179,2023-10-26,2023,10,26,Cookie,1.0,1.0,1.0,1.0,0.0,Cash,Takeaway
TXN_3450160,2023-10-23,2023,10,23,Cake,4.0,3.0,12.0,12.0,0.0,Credit Card,In-store
TXN_4075432,2023-09-12,2023,9,12,Sandwich,5.0,4.0,20.0,20.0,0.0,Cash,In-store
TXN_2023802,2023-02-28,2023,2,28,Cake,2.0,3.0,6.0,6.0,0.0,Cash,In-store
TXN_5130399,2023-10-21,2023,10,21,Cookie,3.0,1.0,,3.0,,Não informado,Não informado
TXN_6745832,2023-10-02,2023,10,2,Coffee,2.0,2.0,4.0,4.0,0.0,Credit Card,Não informado
TXN_7560989,2023-06-16,2023,6,16,Sandwich,3.0,4.0,12.0,12.0,0.0,Digital Wallet,Não informado
TXN_3115258,2023-12-06,2023,12,6,Salad,1.0,5.0,5.0,5.0,0.0,Não informado,Takeaway
TXN_8182245,2023-10-24,2023,10,24,Sandwich,5.0,4.0,20.0,20.0,0.0,Digital Wallet,Takeaway
TXN_3970335,2023-09-01,2023,9,1,Juice,5.0,3.0,15.0,15.0,0.0,Digital Wallet,Takeaway
TXN_7100596,2023-09-14,2023,9,14,Smoothie,5.0,4.0,20.0,20.0,0.0,Credit Card,In-store
TXN_1481116,2023-02-26,2023,2,26,Tea,2.0,1.5,3.0,3.0,0.0,Digital Wallet,In-store
TXN_9454212,2023-11-19,2023,11,19,Juice,5.0,3.0,15.0,15.0,0.0,Cash,In-store
TXN_3648327,2023-08-17,2023,8,17,Cake,1.0,3.0,3.0,3.0,0.0,Digital Wallet,Takeaway
TXN_6188394,2023-10-05,2023,10,5,Juice,5.0,3.0,15.0,15.0,0.0,Credit Card,In-store
TXN_2553803,2023-12-29,2023,12,29,Juice,1.0,3.0,3.0,3.0,0.0,Cash,In-store
TXN_5700545,2023-05-25,2023,5,25,Salad,2.0,5.0,10.0,10.0,0.0,Credit Card,Não informado
TXN_8018479,2023-09-15,2023,9,15,Tea,1.0,1.5,1.5,1.5,0.0,Digital Wallet,Takeaway
TXN_9465300,2023-09-01,2023,9,1,Tea,2.0,1.5,3.0,3.0,0.0,Credit Card,Não informado
TXN_3046108,2023-01-15,2023,1,15,Tea,5.0,1.5,7.5,7.5,0.0,Digital Wallet,Takeaway
TXN_5998419,2023-09-26,2023,9,26,Juice,4.0,3.0,12.0,12.0,0.0,Não informado,Takeaway
TXN_4454198,2023-08-22,2023,8,22,Tea,1.0,1.5,1.5,1.5,0.0,Digital Wallet,In-store
TXN_5855756,2023-08-29,2023,8,29,Sandwich,1.0,4.0,4.0,4.0,0.0,Credit Card,In-store
TXN_6758675,2023-11-05,2023,11,5,Juice,1.0,3.0,3.0,3.0,0.0,Credit Card,In-store
TXN_9530003,2023-08-24,2023,8,24,Salad,1.0,5.0,5.0,5.0,0.0,Digital Wallet,Não informado
TXN_2347596,2023-12-27,2023,12,27,Juice,4.0,3.0,12.0,12.0,0.0,Credit Card,Não informado
TXN_6215303,2023-08-20,2023,8,20,Salad,4.0,5.0,20.0,20.0,0.0,Não informado,Takeaway
TXN_5524352,2023-01-05,2023,1,5,Sandwich,1.0,4.0,4.0,4.0,0.0,Não informado,Não informado
TXN_6668414,2023-12-29,2023,12,29,Cake,1.0,3.0,,3.0,,Não informado,In-store
TXN_1525046,2023-12-02,2023,12,2,Smoothie,2.0,4.0,8.0,8.0,0.0,Cash,Não informado
TXN_9867948,2023-10-07,2023,10,7,Smoothie,2.0,4.0,8.0,8.0,0.0,Digital Wallet,Não informado
TXN_9663990,2023-01-06,2023,1,6,Juice,1.0,3.0,3.0,3.0,0.0,Não informado,Não informado
TXN_7681072,2023-07-07,2023,7,7,Cookie,1.0,1.0,1.0,1.0,0.0,Credit Card,Takeaway
TXN_8789986,2023-09-21,2023,9,21,Cake,2.0,3.0,6.0,6.0,0.0,Cash,Takeaway
TXN_8382825,2023-01-20,2023,1,20,Coffee,5.0,2.0,10.0,10.0,0.0,Cash,In-store
TXN_4486700,2023-02-08,2023,2,8,Cake,2.0,3.0,6.0,6.0,0.0,Digital Wallet,Takeaway
TXN_2668108,2023-09-23,2023,9,23,Cookie,5.0,1.0,5.0,5.0,0.0,Cash,Não informado
TXN_5085328,2023-02-03,2023,2,3,Coffee,4.0,2.0,8.0,8.0,0.0,Digital Wallet,Takeaway
TXN_6023823,2023-04-20,2023,4,20,Cookie,2.0,1.0,2.0,2.0,0.0,Digital Wallet,Não informado
TXN_6541659,2023-01-29,2023,1,29,Sandwich,3.0,4.0,12.0,12.0,0.0,Não informado,Takeaway
TXN_3203928,2023-12-04,2023,12,4,Coffee,3.0,2.0,6.0,6.0,0.0,Não informado,In-store
TXN_3443235,2023-10-11,2023,10,11,Sandwich,5.0,4.0,20.0,20.0,0.0,Não informado,Não informado
TXN_6191769,2023-05-17,2023,5,17,Salad,1.0,5.0,5.0,5.0,0.0,Credit Card,Takeaway
TXN_6110386,2023-03-17,2023,3,17,Smoothie,1.0,4.0,4.0,4.0,0.0,Cash,In-store
TXN_7355635,2023-12-21,2023,12,21,Juice,3.0,3.0,9.0,9.0,0.0,Não informado,In-store
TXN_9169536,2023-06-10,2023,6,10,Cake,5.0,3.0,,15.0,,Cash,In-store
TXN_8257774,2023-03-04,2023,3,4,Cookie,5.0,1.0,5.0,5.0,0.0,Cash,Takeaway
TXN_8767676,2023-11-30,2023,11,30,Smoothie,1.0,4.0,4.0,4.0,0.0,Não informado,Não informado
TXN_1225638,2023-05-28,2023,5,28,Cake,4.0,3.0,12.0,12.0,0.0,Cash,Takeaway
TXN_5508620,2023-08-26,2023,8,26,Sandwich,2.0,4.0,8.0,8.0,0.0,Cash,In-store
TXN_7864080,2023-11-12,2023,11,12,Tea,5.0,1.5,7.5,7.5,0.0,Credit Card,Takeaway
TXN_6066883,2023-12-21,2023,12,21,Cake,2.0,3.0,6.0,6.0,0.0,Credit Card,Não informado
TXN_6034785,2023-06-17,2023,6,17,Coffee,3.0,2.0,6.0,6.0,0.0,Digital Wallet,Não informado
TXN_7818024,2023-08-16,2023,8,16,Cake,3.0,3.0,9.0,9.0,0.0,Não informado,Não informado
TXN_2463115,2023-09-12,2023,9,12,Sandwich,5.0,4.0,20.0,20.0,0.0,Credit Card,Takeaway
TXN_9948425,2023-11-21,2023,11,21,Cake,3.0,3.0,9.0,9.0,0.0,Não informado,Takeaway
TXN_2006923,2023-05-31,2023,5,31,Salad,5.0,5.0,25.0,25.0,0.0,Digital Wallet,Não informado
TXN_6762172,2023-01-19,2023,1,19,Coffee,5.0,2.0,10.0,10.0,0.0,Cash,Takeaway
TXN_6638051,2023-11-05,2023,11,5,Smoothie,2.0,4.0,8.0,8.0,0.0,Cash,Não informado
TXN_8867300,2023-05-06,2023,5,6,Smoothie,4.0,4.0,16.0,16.0,0.0,Não informado,In-store
TXN_6987950,2023-05-04,2023,5,4,Cake,4.0,3.0,12.0,12.0,0.0,Credit Card,Não informado
TXN_9967728,2023-01-30,2023,1,30,Coffee,4.0,2.0,8.0,8.0,0.0,Não informado,Não informado
TXN_5591967,2023-04-08,2023,4,8,Sandwich,1.0,4.0,4.0,4.0,0.0,Credit Card,Takeaway
TXN_5861158,2023-11-21,2023,11,21,Sandwich,3.0,4.0,12.0,12.0,0.0,Credit Card,Takeaway
TXN_7501002,2023-08-23,2023,8,23,Coffee,1.0,2.0,2.0,2.0,0.0,Digital Wallet,Não informado
TXN_2848654,2023-03-15,2023,3,15,Smoothie,5.0,4.0,20.0,20.0,0.0,Digital Wallet,In-store
TXN_3034652,2023-11-04,2023,11,4,Juice,5.0,3.0,15.0,15.0,0.0,Credit Card,In-store
TXN_2710779,2023-09-30,2023,9,30,Sandwich,5.0,4.0,,20.0,,Digital Wallet,In-store
TXN_6330369,2023-01-25,2023,1,25,Juice,1.0,3.0,3.0,3.0,0.0,Não informado,Não informado
TXN_7852032,2023-03-19,2023,3,19,Sandwich,1.0,4.0,4.0,4.0,0.0,Cash,Não informado
TXN_7189368,2023-01-22,2023,1,22,Sandwich,2.0,4.0,8.0,8.0,0.0,Credit Card,Não informado
TXN_6607568,2023-03-24,2023,3,24,Coffee,2.0,2.0,4.0,4.0,0.0,Cash,In-store
TXN_9837568,2023-04-17,2023,4,17,Salad,5.0,5.0,25.0,25.0,0.0,Cash,In-store
TXN_9603263,2023-05-02,2023,5,2,Cookie,5.0,1.0,5.0,5.0,0.0,Cash,Não informado
TXN_9425610,2023-01-08,2023,1,8,Sandwich,3.0,4.0,12.0,12.0,0.0,Cash,In-store
TXN_8092496,2023-03-11,2023,3,11,Juice,4.0,3.0,12.0,12.0,0.0,Não informado,In-store
TXN_9749333,2023-02-27,2023,2,27,Cookie,5.0,1.0,5.0,5.0,0.0,Cash,In-store
TXN_2771364,2023-01-23,2023,1,23,Coffee,1.0,2.0,2.0,2.0,0.0,Digital Wallet,Não informado
TXN_7376092,2023-11-07,2023,11,7,Cookie,4.0,1.0,4.0,4.0,0.0,Cash,In-store
TXN_8278982,2023-09-06,2023,9,6,Smoothie,5.0,4.0,20.0,20.0,0.0,Credit Card,Takeaway
TXN_7686476,2023-01-03,2023,1,3,Coffee,3.0,2.0,6.0,6.0,0.0,Digital Wallet,Takeaway
TXN_1926278,2023-07-29,2023,7,29,Cookie,1.0,1.0,1.0,1.0,0.0,Credit Card,Não informado
TXN_3981000,2023-05-24,2023,5,24,Tea,1.0,1.5,1.5,1.5,0.0,Digital Wallet,In-store
TXN_6167259,2023-04-14,2023,4,14,Juice,2.0,3.0,6.0,6.0,0.0,Digital Wallet,Não informado
TXN_1572930,2023-07-17,2023,7,17,Coffee,3.0,2.0,6.0,6.0,0.0,Não informado,In-store
TXN_2788797,2023-03-23,2023,3,23,Tea,2.0,1.5,3.0,3.0,0.0,Não informado,Não informado
TXN_4255767,2023-05-25,2023,5,25,Juice,1.0,3.0,3.0,3.0,0.0,Não informado,Não informado
TXN_7367474,2023-01-01,2023,1,1,Juice,5.0,3.0,15.0,15.0,0.0,Digital Wallet,Takeaway
TXN_7551097,2023-06-12,2023,6,12,Cake,2.0,3.0,6.0,6.0,0.0,Digital Wallet,Não informado
TXN_1546695,2023-03-06,2023,3,6,Coffee,5.0,2.0,,10.0,,Não informado,Takeaway
TXN_4567455,2023-02-01,2023,2,1,Coffee,3.0,2.0,6.0,6.0,0.0,Não informado,In-store
TXN_7958487,2023-01-20,2023,1,20,Cookie,5.0,1.0,5.0,5.0,0.0,Não informado,Não informado
TXN_2864420,2023-07-12,2023,7,12,Sandwich,1.0,4.0,4.0,4.0,0.0,Não informado,Não informado
TXN_1498343,2023-03-31,2023,3,31,Salad,2.0,5.0,10.0,10.0,0.0,Credit Card,Takeaway
TXN_3107619,2023-05-31,2023,5,31,Cookie,2.0,1.0,2.0,2.0,0.0,Digital Wallet,Takeaway
TXN_7380217,2023-09-10,2023,9,10,Tea,1.0,1.5,1.5,1.5,0.0,Digital Wallet,Não informado
TXN_3195132,2023-08-26,2023,8,26,Salad,4.0,5.0,,20.0,,Credit Card,Não informado
TXN_7411993,2023-02-11,2023,2,11,Cake,2.0,3.0,6.0,6.0,0.0,Digital Wallet,In-store
TXN_8791641,2023-01-25,2023,1,25,Tea,5.0,1.5,7.5,7.5,0.0,Não informado,In-store
TXN_4679593,2023-01-10,2023,1,10,Juice,1.0,3.0,3.0,3.0,0.0,Cash,In-store
TXN_1907250,2023-11-15,2023,11,15,Cookie,1.0,1.0,1.0,1.0,0.0,Credit Card,Não informado
TXN_1630051,2023-03-17,2023,3,17,Smoothie,5.0,4.0,20.0,20.0,0.0,Digital Wallet,Takeaway
TXN_2566258,2023-06-08,2023,6,8,Cookie,4.0,1.0,4.0,4.0,0.0,Cash,Takeaway
TXN_5785600,2023-12-10,2023,12,10,Salad,5.0,5.0,,25.0,,Cash,In-store
TXN_4864206,2023-03-18,2023,3,18,Cookie,5.0,1.0,5.0,5.0,0.0,Cash,In-store
TXN_4360040,2023-11-15,2023,11,15,Salad,1.0,5.0,5.0,5.0,0.0,Credit Card,Não informado
TXN_9490163,2023-02-23,2023,2,23,Salad,4.0,5.0,20.0,20.0,0.0,Credit Card,Não informado
TXN_9927061,2023-10-17,2023,10,17,Cookie,2.0,1.0,2.0,2.0,0.0,Não informado,Não informado
TXN_5113993,2023-02-10,2023,2,10,Coffee,1.0,2.0,2.0,2.0,0.0,Credit Card,Takeaway
TXN_2192787,2023-01-01,2023,1,1,Sandwich,5.0,4.0,20.0,20.0,0.0,Cash,In-store
TXN_2127588,2023-07-17,2023,7,17,Cake,4.0,3.0,12.0,12.0,0.0,Cash,In-store
TXN_8108748,2023-06-19,2023,6,19,Sandwich,1.0,4.0,4.0,4.0,0.0,Cash,Não informado
TXN_5538713,2023-09-20,2023,9,20,Cookie,2.0,1.0,2.0,2.0,0.0,Digital Wallet,Takeaway
TXN_2565449,2023-10-04,2023,10,4,Smoothie,3.0,4.0,12.0,12.0,0.0,Credit Card,In-store
TXN_7264039,2023-09-19,2023,9,19,Cake,5.0,3.0,15.0,15.0,0.0,Cash,Não informado
TXN_9224501,2023-12-08,2023,12,8,Salad,5.0,5.0,25.0,25.0,0.0,Credit Card,In-store
TXN_5767393,2023-09-11,2023,9,11,Smoothie,3.0,4.0,12.0,12.0,0.0,Digital Wallet,In-store
TXN_2628024,2023-05-02,2023,5,2,Smoothie,1.0,4.0,4.0,4.0,0.0,Não informado,In-store
TXN_4638629,2023-02-10,2023,2,10,Smoothie,4.0,4.0,,16.0,,Credit Card,Não informado
TXN_9287133,2023-04-20,2023,4,20,Cake,5.0,3.0,15.0,15.0,0.0,Digital Wallet,In-store
TXN_6223786,2023-07-05,2023,7,5,Cake,5.0,3.0,15.0,15.0,0.0,Cash,Não informado
TXN_5460750,2023-07-31,2023,7,31,Juice,3.0,3.0,9.0,9.0,0.0,Credit Card,Não informado
TXN_2543138,2023-05-20,2023,5,20,Sandwich,1.0,4.0,4.0,4.0,0.0,Credit Card,Não informado
TXN_7134064,2023-04-04,2023,4,4,Smoothie,5.0,4.0,20.0,20.0,0.0,Credit Card,Takeaway
TXN_9201988,2023-05-14,2023,5,14,Coffee,3.0,2.0,6.0,6.0,0.0,Não informado,Não informado
TXN_5486063,2023-05-21,2023,5,21,Smoothie,3.0,4.0,12.0,12.0,0.0,Cash,In-store
TXN_2285849,2023-09-10,2023,9,10,Tea,2.0,1.5,3.0,3.0,0.0,Credit Card,Takeaway
TXN_9577271,2023-09-30,2023,9,30,Sandwich,5.0,4.0,20.0,20.0,0.0,Cash,In-store
TXN_6568536,2023-12-29,2023,12,29,Cake,1.0,3.0,3.0,3.0,0.0,Cash,Não informado
TXN_6802372,2023-07-20,2023,7,20,Juice,3.0,3.0,9.0,9.0,0.0,Não informado,In-store
TXN_2624121,2023-01-28,2023,1,28,Tea,5.0,1.5,7.5,7.5,0.0,Digital Wallet,In-store
TXN_7868879,2023-05-02,2023,5,2,Sandwich,4.0,4.0,16.0,16.0,0.0,Cash,Takeaway
TXN_1439390,2023-02-14,2023,2,14,Juice,4.0,3.0,12.0,12.0,0.0,Não informado,In-store
TXN_9373436,2023-04-06,2023,4,6,Salad,4.0,5.0,20.0,20.0,0.0,Digital Wallet,Não informado
TXN_6243519,2023-03-03,2023,3,3,Coffee,3.0,2.0,6.0,6.0,0.0,Cash,Takeaway
TXN_8668901,2023-06-30,2023,6,30,Juice,2.0,3.0,6.0,6.0,0.0,Credit Card,Takeaway
TXN_4903004,2023-12-03,2023,12,3,Tea,4.0,1.5,6.0,6.0,0.0,Digital Wallet,In-store
TXN_2195218,2023-09-10,2023,9,10,Cake,4.0,3.0,12.0,12.0,0.0,Digital Wallet,In-store
TXN_9678108,2023-10-10,2023,10,10,Salad,3.0,5.0,15.0,15.0,0.0,Não informado,Takeaway
TXN_3206876,2023-11-07,2023,11,7,Salad,4.0,5.0,20.0,20.0,0.0,Não informado,In-store
TXN_7362525,2023-06-09,2023,6,9,Cake,5.0,3.0,15.0,15.0,0.0,Cash,Takeaway
TXN_2161341,2023-03-12,2023,3,12,Salad,5.0,5.0,25.0,25.0,0.0,Digital Wallet,Não informado
TXN_8753888,2023-12-25,2023,12,25,Cookie,4.0,1.0,4.0,4.0,0.0,Credit Card,Takeaway
TXN_3265596,2023-12-28,2023,12,28,Tea,1.0,1.5,1.5,1.5,0.0,Cash,Não informado
TXN_2815691,2023-02-06,2023,2,6,Juice,5.0,3.0,15.0,15.0,0.0,Digital Wallet,Não informado
TXN_8956534,2023-06-05,2023,6,5,Coffee,5.0,2.0,10.0,10.0,0.0,Cash,Takeaway
TXN_7957208,2023-04-14,2023,4,14,Tea,1.0,1.5,1.5,1.5,0.0,Digital Wallet,Takeaway
TXN_6851213,2023-05-19,2023,5,19,Juice,1.0,3.0,3.0,3.0,0.0,Digital Wallet,Não informado
TXN_7127903,2023-11-27,2023,11,27,Coffee,5.0,2.0,10.0,10.0,0.0,Não informado,In-store
TXN_7543722,2023-08-26,2023,8,26,Cookie,3.0,1.0,3.0,3.0,0.0,Digital Wallet,Não informado
TXN_8556062,2023-08-07,2023,8,7,Sandwich,5.0,4.0,20.0,20.0,0.0,Não informado,Não informado
TXN_8429412,2023-06-23,2023,6,23,Smoothie,4.0,4.0,16.0,16.0,0.0,Não informado,Não informado
TXN_1749105,2023-10-17,2023,10,17,Sandwich,5.0,4.0,20.0,20.0,0.0,Cash,In-store
TXN_1248266,2023-10-14,2023,10,14,Salad,3.0,5.0,15.0,15.0,0.0,Credit Card,In-store
TXN_5400273,2023-05-24,2023,5,24,Smoothie,4.0,4.0,16.0,16.0,0.0,Credit Card,Não informado
TXN_2255634,2023-04-09,2023,4,9,Salad,4.0,5.0,20.0,20.0,0.0,Não informado,Não informado
TXN_3312002,2023-04-30,2023,4,30,Smoothie,4.0,4.0,16.0,16.0,0.0,Digital Wallet,Não informado
TXN_5331122,2023-09-26,2023,9,26,Salad,4.0,5.0,20.0,20.0,0.0,Credit Card,In-store
TXN_1227800,2023-02-19,2023,2,19,Juice,3.0,3.0,9.0,9.0,0.0,Cash,Takeaway
TXN_1867836,2023-03-21,2023,3,21,Juice,1.0,3.0,3.0,3.0,0.0,Credit Card,Não informado
TXN_2699583,2023-07-26,2023,7,26,Sandwich,5.0,4.0,20.0,20.0,0.0,Digital Wallet,In-store
TXN_1622577,2023-03-14,2023,3,14,Juice,1.0,3.0,3.0,3.0,0.0,Cash,Não informado
TXN_9508880,2023-10-26,2023,10,26,Coffee,4.0,2.0,8.0,8.0,0.0,Não informado,In-store
TXN_2156218,2023-07-24,2023,7,24,Smoothie,2.0,4.0,8.0,8.0,0.0,Digital Wallet,In-store
TXN_8271025,2023-03-09,2023,3,9,Juice,5.0,3.0,15.0,15.0,0.0,Credit Card,Não informado
TXN_4894699,2023-02-20,2023,2,20,Cookie,2.0,1.0,2.0,2.0,0.0,Digital Wallet,In-store
TXN_8631468,2023-10-10,2023,10,10,Cake,1.0,3.0,3.0,3.0,0.0,Credit Card,In-store
TXN_6315590,2023-10-04,2023,10,4,Tea,5.0,1.5,7.5,7.5,0.0,Não informado,In-store
TXN_7825457,2023-09-15,2023,9,15,Cake,5.0,3.0,15.0,15.0,0.0,Cash,Não informado
TXN_2378096,2023-09-22,2023,9,22,Tea,3.0,1.5,4.5,4.5,0.0,Cash,Takeaway
TXN_2627056,2023-04-22,2023,4,22,Sandwich,4.0,4.0,16.0,16.0,0.0,Digital Wallet,Não informado
TXN_5062280,2023-07-05,2023,7,5,Smoothie,4.0,4.0,16.0,16.0,0.0,Credit Card,Não informado
TXN_3620110,2023-06-01,2023,6,1,Coffee,1.0,2.0,2.0,2.0,0.0,Digital Wallet,Takeaway
TXN_7290923,2023-02-09,2023,2,9,Salad,3.0,5.0,15.0,15.0,0.0,Não informado,Não informado
TXN_1005331,2023-11-04,2023,11,4,Coffee,1.0,2.0,2.0,2.0,0.0,Digital Wallet,Takeaway
TXN_1579182,2023-02-20,2023,2,20,Juice,5.0,3.0,15.0,15.0,0.0,Cash,In-store
TXN_7311097,2023-08-05,2023,8,5,Coffee,5.0,2.0,10.0,10.0,0.0,Não informado,In-store
TXN_7477271,2023-07-12,2023,7,12,Tea,5.0,1.5,7.5,7.5,0.0,Não informado,Takeaway
TXN_6503052,2023-04-21,2023,4,21,Juice,4.0,3.0,12.0,12.0,0.0,Não informado,Não informado
TXN_6471268,2023-02-10,2023,2,10,Smoothie,5.0,4.0,20.0,20.0,0.0,Digital Wallet,Não informado
TXN_6843517,2023-01-02,2023,1,2,Sandwich,5.0,4.0,,20.0,,Credit Card,In-store
TXN_9298053,2023-06-29,2023,6,29,Juice,5.0,3.0,15.0,15.0,0.0,Cash,In-store
TXN_1446862,2023-09-26,2023,9,26,Cake,3.0,3.0,9.0,9.0,0.0,Não informado,Takeaway
TXN_4987246,2023-11-24,2023,11,24,Cookie,3.0,1.0,,3.0,,Digital Wallet,Takeaway
TXN_6271219,2023-06-07,2023,6,7,Sandwich,3.0,4.0,12.0,12.0,0.0,Cash,Não informado
TXN_2614545,2023-08-10,2023,8,10,Tea,1.0,1.5,1.5,1.5,0.0,Não informado,In-store
TXN_6236864,2023-08-17,2023,8,17,Tea,2.0,1.5,3.0,3.0,0.0,Digital Wallet,In-store
TXN_7825648,2023-05-18,2023,5,18,Coffee,1.0,2.0,2.0,2.0,0.0,Não informado,Takeaway
TXN_1853196,2023-08-28,2023,8,28,Sandwich,1.0,4.0,4.0,4.0,0.0,Credit Card,Não informado
TXN_7201361,2023-05-26,2023,5,26,Smoothie,3.0,4.0,12.0,12.0,0.0,Cash,In-store
TXN_6902481,2023-09-03,2023,9,3,Juice,3.0,3.0,9.0,9.0,0.0,Cash,Não informado
TXN_4041845,2023-12-01,2023,12,1,Juice,5.0,3.0,15.0,15.0,0.0,Não informado,Não informado
TXN_8861272,2023-03-27,2023,3,27,Coffee,1.0,2.0,2.0,2.0,0.0,Digital Wallet,Não informado
TXN_7527954,2023-12-09,2023,12,9,Cake,4.0,3.0,12.0,12.0,0.0,Não informado,Não informado
TXN_2229365,2023-09-07,2023,9,7,Sandwich,2.0,4.0,8.0,8.0,0.0,Cash,In-store
TXN_5563675,2023-01-01,2023,1,1,Tea,3.0,1.5,4.5,4.5,0.0,Digital Wallet,In-store
TXN_7907499,2023-04-18,2023,4,18,Juice,3.0,3.0,9.0,9.0,0.0,Digital Wallet,Takeaway
TXN_8360073,2023-06-15,2023,6,15,Cake,4.0,3.0,12.0,12.0,0.0,Digital Wallet,In-store
TXN_4140167,2023-06-29,2023,6,29,Coffee,2.0,2.0,4.0,4.0,0.0,Cash,Não informado
TXN_2690515,2023-09-06,2023,9,6,Sandwich,2.0,4.0,8.0,8.0,0.0,Cash,Takeaway
TXN_2080682,2023-05-02,2023,5,2,Coffee,3.0,2.0,6.0,6.0,0.0,Credit Card,In-store
TXN_8399341,2023-03-22,2023,3,22,Tea,5.0,1.5,7.5,7.5,0.0,Cash,Não informado
TXN_5661891,2023-10-28,2023,10,28,Salad,1.0,5.0,5.0,5.0,0.0,Digital Wallet,Takeaway
TXN_3164212,2023-11-14,2023,11,14,Smoothie,4.0,4.0,16.0,16.0,0.0,Não informado,In-store
TXN_6036520,2023-09-15,2023,9,15,Coffee,5.0,2.0,10.0,10.0,0.0,Cash,Não informado
TXN_1582958,2023-12-08,2023,12,8,Coffee,2.0,2.0,4.0,4.0,0.0,Cash,Não informado
TXN_9834415,2023-12-28,2023,12,28,Cookie,2.0,1.0,2.0,2.0,0.0,Credit Card,In-store
TXN_7325430,2023-04-17,2023,4,17,Coffee,2.0,2.0,4.0,4.0,0.0,Cash,Não informado
TXN_6440365,2023-05-14,2023,5,14,Smoothie,2.0,4.0,8.0,8.0,0.0,Cash,Não informado
TXN_4002629,2023-06-15,2023,6,15,Cake,5.0,3.0,15.0,15.0,0.0,Credit Card,In-store
TXN_4244830,2023-04-24,2023,4,24,Coffee,5.0,2.0,10.0,10.0,0.0,Não informado,In-store
TXN_2217038,2023-06-12,2023,6,12,Tea,5.0,1.5,7.5,7.5,0.0,Não informado,Não informado
TXN_6551087,2023-05-02,2023,5,2,Smoothie,1.0,4.0,4.0,4.0,0.0,Credit Card,Não informado
TXN_1643039,2023-02-17,2023,2,17,Cookie,3.0,1.0,3.0,3.0,0.0,Não informado,Não informado
TXN_5765576,2023-11-22,2023,11,22,Sandwich,5.0,4.0,20.0,20.0,0.0,Não informado,In-store
TXN_4155134,2023-05-07,2023,5,7,Cookie,1.0,1.0,1.0,1.0,0.0,Não informado,Takeaway
TXN_1795044,2023-08-15,2023,8,15,Coffee,2.0,2.0,4.0,4.0,0.0,Digital Wallet,Não informado
TXN_2399870,2023-04-08,2023,4,8,Salad,4.0,5.0,20.0,20.0,0.0,Não informado,Não informado
TXN_8898121,2023-03-26,2023,3,26,Tea,4.0,1.5,6.0,6.0,0.0,Digital Wallet,Não informado
TXN_4735392,2023-04-04,2023,4,4,Smoothie,3.0,4.0,12.0,12.0,0.0,Credit Card,Takeaway
TXN_3244935,2023-11-24,2023,11,24,Salad,5.0,5.0,25.0,25.0,0.0,Não informado,Takeaway
TXN_8410712,2023-10-23,2023,10,23,Juice,5.0,3.0,15.0,15.0,0.0,Digital Wallet,Takeaway
TXN_8997048,2023-12-05,2023,12,5,Juice,1.0,3.0,3.0,3.0,0.0,Não informado,In-store
TXN_6009395,2023-07-20,2023,7,20,Sandwich,4.0,4.0,16.0,16.0,0.0,Cash,In-store
TXN_3733753,2023-03-10,2023,3,10,Sandwich,1.0,4.0,4.0,4.0,0.0,Digital Wallet,Takeaway
TXN_4084548,2023-07-21,2023,7,21,Salad,2.0,5.0,10.0,10.0,0.0,Cash,In-store
TXN_7125945,2023-01-30,2023,1,30,Cake,3.0,3.0,9.0,9.0,0.0,Credit Card,In-store
TXN_8103439,2023-11-30,2023,11,30,Smoothie,1.0,4.0,4.0,4.0,0.0,Não informado,Takeaway
TXN_2623927,2023-01-27,2023,1,27,Sandwich,2.0,4.0,8.0,8.0,0.0,Não informado,Não informado
TXN_5435751,2023-05-24,2023,5,24,Sandwich,1.0,4.0,4.0,4.0,0.0,Credit Card,Takeaway
TXN_9991468,2023-11-30,2023,11,30,Juice,4.0,3.0,12.0,12.0,0.0,Credit Card,Não informado
TXN_5186460,2023-11-07,2023,11,7,Juice,3.0,3.0,9.0,9.0,0.0,Credit Card,Não informado
TXN_8936782,2023-04-01,2023,4,1,Juice,5.0,3.0,,15.0,,Não informado,In-store
TXN_6885561,2023-06-24,2023,6,24,Smoothie,3.0,4.0,12.0,12.0,0.0,Digital Wallet,Takeaway
TXN_4089089,2023-10-26,2023,10,26,Smoothie,5.0,4.0,20.0,20.0,0.0,Não informado,Não informado
TXN_6304285,2023-11-16,2023,11,16,Cake,5.0,3.0,15.0,15.0,0.0,Digital Wallet,Takeaway
TXN_7792996,2023-12-20,2023,12,20,Salad,4.0,5.0,20.0,20.0,0.0,Cash,Não informado
TXN_3653328,2023-06-27,2023,6,27,Cookie,4.0,1.0,4.0,4.0,0.0,Digital Wallet,In-store
TXN_3003876,2023-08-27,2023,8,27,Cookie,3.0,1.0,3.0,3.0,0.0,Cash,Não informado
TXN_4015634,2023-06-28,2023,6,28,Tea,2.0,1.5,3.0,3.0,0.0,Não informado,Não informado
TXN_8166394,2023-12-22,2023,12,22,Juice,4.0,3.0,12.0,12.0,0.0,Credit Card,Não informado
TXN_1270603,2023-12-03,2023,12,3,Juice,4.0,3.0,12.0,12.0,0.0,Credit Card,Takeaway
TXN_8837886,2023-04-20,2023,4,20,Smoothie,3.0,4.0,,12.0,,Não informado,Não informado
TXN_1437275,2023-07-22,2023,7,22,Coffee,3.0,2.0,6.0,6.0,0.0,Credit Card,Não informado
TXN_5791605,2023-05-17,2023,5,17,Smoothie,3.0,4.0,12.0,12.0,0.0,Não informado,Takeaway
TXN_5836079,2023-07-14,2023,7,14,Coffee,1.0,2.0,2.0,2.0,0.0,Digital Wallet,Não informado
TXN_8916613,2023-06-19,2023,6,19,Salad,4.0,5.0,20.0,20.0,0.0,Não informado,Takeaway
TXN_9251292,2023-01-20,2023,1,20,Tea,2.0,1.5,3.0,3.0,0.0,Cash,Não informado
TXN_9639025,2023-12-06,2023,12,6,Coffee,5.0,2.0,10.0,10.0,0.0,Não informado,Não informado
TXN_7770253,2023-01-06,2023,1,6,Coffee,5.0,2.0,10.0,10.0,0.0,Digital Wallet,Takeaway
TXN_5405799,2023-08-13,2023,8,13,Coffee,3.0,2.0,6.0,6.0,0.0,Cash,Não informado
TXN_1701500,2023-01-05,2023,1,5,Smoothie,1.0,4.0,4.0,4.0,0.0,Não informado,Takeaway
TXN_9695128,2023-12-21,2023,12,21,Cake,1.0,3.0,3.0,3.0,0.0,Cash,In-store
TXN_7192920,2023-02-28,2023,2,28,Smoothie,4.0,4.0,16.0,16.0,0.0,Digital Wallet,Não informado
TXN_1866816,2023-08-21,2023,8,21,Juice,3.0,3.0,9.0,9.0,0.0,Não informado,In-store
TXN_2423762,2023-08-12,2023,8,12,Coffee,1.0,2.0,2.0,2.0,0.0,Não informado,Não informado
TXN_4007506,2023-01-19,2023,1,19,Salad,1.0,5.0,5.0,5.0,0.0,Não informado,Não informado
TXN_4371760,2023-01-12,2023,1,12,Smoothie,2.0,4.0,8.0,8.0,0.0,Cash,In-store
TXN_4468830,2023-11-10,2023,11,10,Smoothie,4.0,4.0,,16.0,,Digital Wallet,In-store
TXN_1908100,2023-04-17,2023,4,17,Juice,2.0,3.0,6.0,6.0,0.0,Não informado,In-store
TXN_3892344,2023-07-28,2023,7,28,Cookie,2.0,1.0,2.0,2.0,0.0,Não informado,Não informado
TXN_3023841,2023-04-29,2023,4,29,Tea,3.0,1.5,4.5,4.5,0.0,Digital Wallet,Takeaway
TXN_8793244,2023-05-08,2023,5,8,Cake,4.0,3.0,12.0,12.0,0.0,Credit Card,Takeaway
TXN_5764993,2023-04-26,2023,4,26,Salad,3.0,5.0,,15.0,,Não informado,Takeaway
TXN_2628941,2023-12-27,2023,12,27,Smoothie,1.0,4.0,4.0,4.0,0.0,Não informado,In-store
TXN_5448602,2023-01-17,2023,1,17,Juice,3.0,3.0,9.0,9.0,0.0,Credit Card,In-store
TXN_1346517,2023-03-20,2023,3,20,Coffee,1.0,2.0,2.0,2.0,0.0,Digital Wallet,Takeaway
TXN_9277534,2023-04-25,2023,4,25,Smoothie,2.0,4.0,8.0,8.0,0.0,Credit Card,In-store
TXN_9663098,2023-06-10,2023,6,10,Juice,2.0,3.0,6.0,6.0,0.0,Cash,Não informado
TXN_6145837,2023-08-27,2023,8,27,Cake,5.0,3.0,15.0,15.0,0.0,Digital Wallet,Takeaway
TXN_3665727,2023-10-13,2023,10,13,Cookie,1.0,1.0,1.0,1.0,0.0,Não informado,In-store
TXN_5067056,2023-08-13,2023,8,13,Sandwich,1.0,4.0,4.0,4.0,0.0,Cash,In-store
TXN_8453110,2023-06-24,2023,6,24,Smoothie,3.0,4.0,12.0,12.0,0.0,Digital Wallet,Não informado
TXN_4954887,2023-06-11,2023,6,11,Cookie,3.0,1.0,3.0,3.0,0.0,Não informado,In-store
TXN_6132959,2023-07-01,2023,7,1,Salad,5.0,5.0,25.0,25.0,0.0,Digital Wallet,Não informado
TXN_8626161,2023-11-23,2023,11,23,Smoothie,3.0,4.0,12.0,12.0,0.0,Digital Wallet,In-store
TXN_7099050,2023-01-18,2023,1,18,Salad,3.0,5.0,15.0,15.0,0.0,Credit Card,Takeaway
TXN_8938663,2023-09-09,2023,9,9,Coffee,1.0,2.0,2.0,2.0,0.0,Digital Wallet,Não informado
TXN_5039624,2023-04-27,2023,4,27,Cookie,4.0,1.0,4.0,4.0,0.0,Não informado,Takeaway
TXN_9565465,2023-12-26,2023,12,26,Tea,3.0,1.5,4.5,4.5,0.0,Credit Card,In-store
TXN_6301600,2023-02-28,2023,2,28,Juice,4.0,3.0,12.0,12.0,0.0,Digital Wallet,In-store
TXN_4784128,2023-08-27,2023,8,27,Sandwich,3.0,4.0,12.0,12.0,0.0,Cash,Takeaway
TXN_5807634,2023-05-23,2023,5,23,Sandwich,5.0,4.0,20.0,20.0,0.0,Digital Wallet,Não informado
TXN_5560205,2023-12-22,2023,12,22,Coffee,3.0,2.0,6.0,6.0,0.0,Cash,In-store
TXN_1833277,2023-10-19,2023,10,19,Tea,2.0,1.5,3.0,3.0,0.0,Não informado,Takeaway
TXN_6119798,2023-09-19,2023,9,19,Salad,1.0,5.0,5.0,5.0,0.0,Credit Card,In-store
TXN_9793353,2023-08-21,2023,8,21,Coffee,3.0,2.0,6.0,6.0,0.0,Credit Card,Takeaway
TXN_5017895,2023-09-25,2023,9,25,Salad,4.0,5.0,20.0,20.0,0.0,Cash,Não informado
TXN_4547995,2023-11-30,2023,11,30,Cake,3.0,3.0,9.0,9.0,0.0,Digital Wallet,Não informado
TXN_7032256,2023-03-13,2023,3,13,Sandwich,5.0,4.0,20.0,20.0,0.0,Credit Card,Não informado
TXN_2578309,2023-05-05,2023,5,5,Smoothie,3.0,4.0,12.0,12.0,0.0,Não informado,Não informado
TXN_2064360,2023-08-30,2023,8,30,Coffee,4.0,2.0,8.0,8.0,0.0,Digital Wallet,In-store
TXN_5508573,2023-12-17,2023,12,17,Cake,1.0,3.0,3.0,3.0,0.0,Não informado,Takeaway
TXN_2564219,2023-07-18,2023,7,18,Salad,1.0,5.0,5.0,5.0,0.0,Digital Wallet,Takeaway
TXN_1203954,2023-08-12,2023,8,12,Sandwich,1.0,4.0,4.0,4.0,0.0,Digital Wallet,Não informado
TXN_4488222,2023-03-13,2023,3,13,Tea,3.0,1.5,4.5,4.5,0.0,Digital Wallet,Takeaway
TXN_3103967,2023-11-12,2023,11,12,Juice,2.0,3.0,6.0,6.0,0.0,Credit Card,Não informado
TXN_9853577,2023-04-30,2023,4,30,Sandwich,2.0,4.0,8.0,8.0,0.0,Credit Card,In-store
TXN_4349597,2023-08-21,2023,8,21,Juice,4.0,3.0,12.0,12.0,0.0,Credit Card,Não informado
TXN_3353214,2023-08-12,2023,8,12,Smoothie,5.0,4.0,20.0,20.0,0.0,Credit Card,Não informado
TXN_8788437,2023-11-19,2023,11,19,Coffee,1.0,2.0,2.0,2.0,0.0,Não informado,Não informado
TXN_1672443,2023-10-03,2023,10,3,Coffee,1.0,2.0,2.0,2.0,0.0,Credit Card,Takeaway
TXN_6277500,2023-01-09,2023,1,9,Coffee,4.0,2.0,8.0,8.0,0.0,Credit Card,Takeaway
TXN_6671827,2023-08-09,2023,8,9,Salad,1.0,5.0,5.0,5.0,0.0,Credit Card,Takeaway
TXN_4647042,2023-04-25,2023,4,25,Sandwich,5.0,4.0,20.0,20.0,0.0,Não informado,Takeaway
TXN_1183212,2023-06-30,2023,6,30,Juice,4.0,3.0,12.0,12.0,0.0,Não informado,In-store
TXN_8426712,2023-05-22,2023,5,22,Cookie,3.0,1.0,3.0,3.0,0.0,Não informado,In-store
TXN_5894676,2023-06-17,2023,6,17,Smoothie,5.0,4.0,20.0,20.0,0.0,Credit Card,Takeaway
TXN_1411744,2023-09-17,2023,9,17,Smoothie,4.0,4.0,16.0,16.0,0.0,Credit Card,Takeaway
TXN_6610554,2023-10-28,2023,10,28,Coffee,5.0,2.0,10.0,10.0,0.0,Digital Wallet,Não informado
TXN_6169248,2023-08-12,2023,8,12,Juice,5.0,3.0,15.0,15.0,0.0,Credit Card,Não informado
TXN_1581997,2023-08-26,2023,8,26,Salad,4.0,5.0,20.0,20.0,0.0,Digital Wallet,Não informado
TXN_4868913,2023-06-30,2023,6,30,Cake,4.0,3.0,12.0,12.0,0.0,Cash,Não informado
TXN_8277553,2023-09-26,2023,9,26,Tea,3.0,1.5,4.5,4.5,0.0,Cash,Não informado
TXN_4030197,2023-03-05,2023,3,5,Salad,3.0,5.0,15.0,15.0,0.0,Credit Card,Takeaway
TXN_3912836,2023-11-23,2023,11,23,Salad,1.0,5.0,5.0,5.0,0.0,Credit Card,In-store
TXN_3833729,2023-11-13,2023,11,13,Smoothie,4.0,4.0,16.0,16.0,0.0,Digital Wallet,In-store
TXN_7054393,2023-05-30,2023,5,30,Coffee,2.0,2.0,4.0,4.0,0.0,Digital Wallet,In-store
TXN_1395083,2023-07-08,2023,7,8,Juice,1.0,3.0,3.0,3.0,0.0,Cash,In-store
TXN_8784653,2023-09-12,2023,9,12,Smoothie,1.0,4.0,4.0,4.0,0.0,Cash,In-store
TXN_3943666,2023-03-15,2023,3,15,Juice,4.0,3.0,12.0,12.0,0.0,Não informado,Takeaway
TXN_8308672,2023-01-01,2023,1,1,Salad,2.0,5.0,10.0,10.0,0.0,Digital Wallet,Takeaway
TXN_3190959,2023-12-16,2023,12,16,Tea,2.0,1.5,3.0,3.0,0.0,Credit Card,Takeaway
TXN_6199016,2023-02-14,2023,2,14,Juice,1.0,3.0,3.0,3.0,0.0,Digital Wallet,Não informado
TXN_8900751,2023-01-30,2023,1,30,Sandwich,1.0,4.0,,4.0,,Não informado,Takeaway
TXN_6542877,2023-12-06,2023,12,6,Juice,1.0,3.0,3.0,3.0,0.0,Não informado,In-store
TXN_6345733,2023-11-26,2023,11,26,Coffee,1.0,2.0,2.0,2.0,0.0,Não informado,In-store
TXN_5834491,2023-08-13,2023,8,13,Tea,3.0,1.5,4.5,4.5,0.0,Não informado,Não informado
TXN_1667192,2023-07-17,2023,7,17,Cake,4.0,3.0,12.0,12.0,0.0,Não informado,Takeaway
TXN_1454730,2023-07-21,2023,7,21,Coffee,5.0,2.0,10.0,10.0,0.0,Não informado,Takeaway
TXN_3243832,2023-08-10,2023,8,10,Cake,2.0,3.0,6.0,6.0,0.0,Não informado,Não informado
TXN_7501717,2023-08-03,2023,8,3,Sandwich,1.0,4.0,4.0,4.0,0.0,Credit Card,Não informado
TXN_6117497,2023-02-13,2023,2,13,Coffee,2.0,2.0,4.0,4.0,0.0,Digital Wallet,In-store
TXN_3818464,2023-03-02,2023,3,2,Cake,2.0,3.0,6.0,6.0,0.0,Cash,In-store
TXN_4215488,2023-10-07,2023,10,7,Salad,5.0,5.0,25.0,25.0,0.0,Não informado,In-store
TXN_7075261,2023-07-29,2023,7,29,Juice,1.0,3.0,3.0,3.0,0.0,Não informado,Não informado
TXN_2694724,2023-06-26,2023,6,26,Sandwich,2.0,4.0,8.0,8.0,0.0,Digital Wallet,Não informado
TXN_8285304,2023-07-09,2023,7,9,Cookie,1.0,1.0,1.0,1.0,0.0,Cash,Não informado
TXN_7415686,2023-04-13,2023,4,13,Sandwich,3.0,4.0,12.0,12.0,0.0,Credit Card,In-store
TXN_8877644,2023-09-01,2023,9,1,Cookie,2.0,1.0,2.0,2.0,0.0,Não informado,Takeaway
TXN_7231548,2023-11-06,2023,11,6,Smoothie,3.0,4.0,12.0,12.0,0.0,Credit Card,In-store
TXN_2879361,2023-11-22,2023,11,22,Juice,3.0,3.0,9.0,9.0,0.0,Não informado,Takeaway
TXN_5956755,2023-03-05,2023,3,5,Sandwich,5.0,4.0,20.0,20.0,0.0,Digital Wallet,Takeaway
TXN_6124342,2023-09-14,2023,9,14,Cake,3.0,3.0,9.0,9.0,0.0,Não informado,Takeaway
TXN_3824443,2023-10-08,2023,10,8,Smoothie,3.0,4.0,12.0,12.0,0.0,Não informado,In-store
TXN_6778177,2023-10-12,2023,10,12,Cookie,4.0,1.0,4.0,4.0,0.0,Não informado,Takeaway
TXN_2634410,2023-07-15,2023,7,15,Smoothie,3.0,4.0,12.0,12.0,0.0,Não informado,Não informado
TXN_6975750,2023-01-08,2023,1,8,Juice,5.0,3.0,15.0,15.0,0.0,Não informado,Não informado
TXN_3484190,2023-12-27,2023,12,27,Coffee,5.0,2.0,10.0,10.0,0.0,Digital Wallet,Não informado
TXN_5429861,2023-03-20,2023,3,20,Cake,1.0,3.0,3.0,3.0,0.0,Digital Wallet,Não informado
TXN_9813943,2023-04-06,2023,4,6,Salad,2.0,5.0,10.0,10.0,0.0,Cash,Não informado
TXN_2364171,2023-05-18,2023,5,18,Juice,4.0,3.0,12.0,12.0,0.0,Cash,Não informado
TXN_8002886,2023-05-28,2023,5,28,Coffee,5.0,2.0,10.0,10.0,0.0,Digital Wallet,Takeaway
TXN_7694491,2023-09-01,2023,9,1,Salad,3.0,5.0,15.0,15.0,0.0,Cash,In-store
TXN_7517996,2023-10-22,2023,10,22,Cake,2.0,3.0,6.0,6.0,0.0,Cash,Não informado
TXN_1655827,2023-09-06,2023,9,6,Cake,1.0,3.0,3.0,3.0,0.0,Não informado,In-store
TXN_6047026,2023-03-24,2023,3,24,Smoothie,2.0,4.0,8.0,8.0,0.0,Não informado,Não informado
TXN_2764962,2023-08-13,2023,8,13,Tea,2.0,1.5,3.0,3.0,0.0,Credit Card,Takeaway
TXN_5198827,2023-02-15,2023,2,15,Tea,5.0,1.5,7.5,7.5,0.0,Não informado,Não informado
TXN_8023817,2023-05-08,2023,5,8,Juice,4.0,3.0,12.0,12.0,0.0,Não informado,Takeaway
TXN_9783452,2023-04-11,2023,4,11,Juice,3.0,3.0,9.0,9.0,0.0,Cash,Não informado
TXN_4171507,2023-10-26,2023,10,26,Tea,1.0,1.5,1.5,1.5,0.0,Não informado,In-store
TXN_1491299,2023-02-27,2023,2,27,Juice,2.0,3.0,6.0,6.0,0.0,Credit Card,In-store
TXN_4187327,2023-04-01,2023,4,1,Tea,2.0,1.5,3.0,3.0,0.0,Não informado,Takeaway
TXN_3277379,2023-01-06,2023,1,6,Salad,2.0,5.0,10.0,10.0,0.0,Credit Card,Takeaway
TXN_2568101,2023-08-03,2023,8,3,Salad,5.0,5.0,25.0,25.0,0.0,Cash,Takeaway
TXN_3247340,2023-12-25,2023,12,25,Tea,3.0,1.5,4.5,4.5,0.0,Cash,Takeaway
TXN_7797321,2023-11-26,2023,11,26,Sandwich,5.0,4.0,20.0,20.0,0.0,Não informado,Não informado
TXN_9019429,2023-05-11,2023,5,11,Smoothie,2.0,4.0,8.0,8.0,0.0,Digital Wallet,Não informado
TXN_9744862,2023-09-19,2023,9,19,Juice,4.0,3.0,,12.0,,Cash,In-store
TXN_4543880,2023-07-18,2023,7,18,Salad,3.0,5.0,15.0,15.0,0.0,Cash,Não informado
TXN_4064245,2023-02-20,2023,2,20,Juice,3.0,3.0,9.0,9.0,0.0,Credit Card,Takeaway
TXN_8777692,2023-12-06,2023,12,6,Coffee,4.0,2.0,8.0,8.0,0.0,Credit Card,In-store
TXN_9126502,2023-09-22,2023,9,22,Smoothie,5.0,4.0,20.0,20.0,0.0,Credit Card,Não informado
TXN_6626427,2023-02-13,2023,2,13,Cookie,4.0,1.0,4.0,4.0,0.0,Digital Wallet,In-store
TXN_4507755,2023-05-10,2023,5,10,Cake,2.0,3.0,6.0,6.0,0.0,Digital Wallet,Não informado
TXN_3928766,2023-01-14,2023,1,14,Juice,5.0,3.0,15.0,15.0,0.0,Não informado,Takeaway
TXN_9104535,2023-04-13,2023,4,13,Cake,4.0,3.0,,12.0,,Não informado,Não informado
TXN_4824773,2023-06-06,2023,6,6,Salad,5.0,5.0,25.0,25.0,0.0,Cash,Takeaway
TXN_6627338,2023-12-03,2023,12,3,Juice,5.0,3.0,15.0,15.0,0.0,Não informado,Takeaway
TXN_3555821,2023-07-12,2023,7,12,Sandwich,3.0,4.0,12.0,12.0,0.0,Não informado,In-store
TXN_1372991,2023-11-17,2023,11,17,Coffee,4.0,2.0,8.0,8.0,0.0,Não informado,In-store
TXN_3040823,2023-10-06,2023,10,6,Smoothie,1.0,4.0,4.0,4.0,0.0,Não informado,In-store
TXN_4563646,2023-10-10,2023,10,10,Juice,5.0,3.0,15.0,15.0,0.0,Cash,Takeaway
TXN_9617421,2023-08-21,2023,8,21,Tea,1.0,1.5,,1.5,,Não informado,In-store
TXN_1738607,2023-01-17,2023,1,17,Juice,2.0,3.0,6.0,6.0,0.0,Credit Card,In-store
TXN_3832513,2023-02-13,2023,2,13,Salad,1.0,5.0,5.0,5.0,0.0,Não informado,Takeaway
TXN_4128086,2023-05-29,2023,5,29,Tea,4.0,1.5,6.0,6.0,0.0,Não informado,Não informado
TXN_3927733,2023-01-20,2023,1,20,Salad,5.0,5.0,25.0,25.0,0.0,Credit Card,Takeaway
TXN_2518917,2023-05-21,2023,5,21,Cookie,1.0,1.0,1.0,1.0,0.0,Não informado,In-store
TXN_9489176,2023-01-10,2023,1,10,Juice,5.0,3.0,15.0,15.0,0.0,Digital Wallet,In-store
TXN_3061266,2023-12-06,2023,12,6,Cookie,4.0,1.0,4.0,4.0,0.0,Credit Card,In-store
TXN_2036482,2023-06-04,2023,6,4,Cake,1.0,3.0,3.0,3.0,0.0,Cash,Não informado
TXN_7217284,2023-12-29,2023,12,29,Salad,3.0,5.0,15.0,15.0,0.0,Cash,In-store
TXN_1386024,2023-05-21,2023,5,21,Cake,4.0,3.0,12.0,12.0,0.0,Credit Card,Não informado
TXN_8397155,2023-08-16,2023,8,16,Salad,4.0,5.0,20.0,20.0,0.0,Credit Card,Takeaway
TXN_4301188,2023-12-23,2023,12,23,Smoothie,4.0,4.0,16.0,16.0,0.0,Credit Card,In-store
TXN_4522012,2023-04-13,2023,4,13,Coffee,2.0,2.0,,4.0,,Não informado,In-store
TXN_4650044,2023-06-21,2023,6,21,Cookie,4.0,1.0,4.0,4.0,0.0,Cash,Não informado
TXN_5721215,2023-05-17,2023,5,17,Tea,2.0,1.5,3.0,3.0,0.0,Não informado,Takeaway
TXN_7865220,2023-06-28,2023,6,28,Smoothie,1.0,4.0,4.0,4.0,0.0,Credit Card,Takeaway
TXN_1869147,2023-11-21,2023,11,21,Smoothie,4.0,4.0,16.0,16.0,0.0,Digital Wallet,Não informado
TXN_3377885,2023-05-08,2023,5,8,Sandwich,3.0,4.0,12.0,12.0,0.0,Cash,Não informado
TXN_9270865,2023-11-06,2023,11,6,Smoothie,2.0,4.0,8.0,8.0,0.0,Credit Card,Takeaway
TXN_7373126,2023-11-18,2023,11,18,Smoothie,2.0,4.0,8.0,8.0,0.0,Credit Card,Não informado
TXN_8097899,2023-09-05,2023,9,5,Coffee,4.0,2.0,8.0,8.0,0.0,Digital Wallet,Não informado
TXN_1248436,2023-08-14,2023,8,14,Cake,4.0,3.0,12.0,12.0,0.0,Credit Card,Takeaway
TXN_9063887,2023-07-15,2023,7,15,Cake,5.0,3.0,15.0,15.0,0.0,Não informado,Takeaway
TXN_6064282,2023-10-18,2023,10,18,Smoothie,4.0,4.0,16.0,16.0,0.0,Credit Card,Não informado
TXN_5413274,2023-02-10,2023,2,10,Smoothie,5.0,4.0,20.0,20.0,0.0,Credit Card,In-store
TXN_5902629,2023-01-26,2023,1,26,Cookie,3.0,1.0,3.0,3.0,0.0,Cash,Takeaway
TXN_2461859,2023-09-23,2023,9,23,Sandwich,2.0,4.0,8.0,8.0,0.0,Digital Wallet,Não informado
TXN_6629689,2023-05-29,2023,5,29,Sandwich,2.0,4.0,8.0,8.0,0.0,Credit Card,In-store
TXN_2806206,2023-01-25,2023,1,25,Sandwich,3.0,4.0,12.0,12.0,0.0,Cash,Não informado
TXN_8900579,2023-11-01,2023,11,1,Sandwich,3.0,4.0,12.0,12.0,0.0,Credit Card,Não informado
TXN_2982163,2023-03-22,2023,3,22,Coffee,4.0,2.0,,8.0,,Não informado,Não informado
TXN_3225132,2023-06-26,2023,6,26,Sandwich,3.0,4.0,12.0,12.0,0.0,Credit Card,Não informado
TXN_6522252,2023-01-14,2023,1,14,Tea,2.0,1.5,3.0,3.0,0.0,Digital Wallet,Não informado
TXN_5855981,2023-11-09,2023,11,9,Juice,2.0,3.0,6.0,6.0,0.0,Cash,Não informado
TXN_4802389,2023-12-14,2023,12,14,Cake,2.0,3.0,6.0,6.0,0.0,Não informado,Não informado
TXN_7516790,2023-01-08,2023,1,8,Cake,2.0,3.0,6.0,6.0,0.0,Não informado,Não informado
TXN_2345373,2023-02-20,2023,2,20,Tea,3.0,1.5,4.5,4.5,0.0,Credit Card,Takeaway
TXN_9402270,2023-02-09,2023,2,9,Coffee,3.0,2.0,6.0,6.0,0.0,Não informado,In-store
TXN_9306229,2023-09-08,2023,9,8,Smoothie,2.0,4.0,8.0,8.0,0.0,Não informado,Não informado
TXN_5379179,2023-07-08,2023,7,8,Cookie,2.0,1.0,2.0,2.0,0.0,Digital Wallet,Não informado
TXN_1996318,2023-09-04,2023,9,4,Cake,5.0,3.0,,15.0,,Digital Wallet,Não informado
TXN_2135613,2023-04-06,2023,4,6,Smoothie,3.0,4.0,12.0,12.0,0.0,Digital Wallet,Não informado
TXN_1461246,2023-06-01,2023,6,1,Smoothie,1.0,4.0,4.0,4.0,0.0,Não informado,Não informado
TXN_2452624,2023-11-10,2023,11,10,Juice,1.0,3.0,3.0,3.0,0.0,Cash,Não informado
TXN_1108663,2023-08-16,2023,8,16,Juice,3.0,3.0,9.0,9.0,0.0,Cash,Takeaway
TXN_5319247,2023-03-02,2023,3,2,Sandwich,5.0,4.0,20.0,20.0,0.0,Não informado,In-store
TXN_3599473,2023-08-29,2023,8,29,Coffee,2.0,2.0,,4.0,,Cash,Não informado
TXN_5591145,2023-08-22,2023,8,22,Sandwich,3.0,4.0,12.0,12.0,0.0,Não informado,Takeaway
TXN_9587015,2023-06-25,2023,6,25,Salad,3.0,5.0,15.0,15.0,0.0,Digital Wallet,In-store
TXN_7997641,2023-12-20,2023,12,20,Smoothie,2.0,4.0,8.0,8.0,0.0,Não informado,In-store
TXN_6845472,2023-12-11,2023,12,11,Smoothie,5.0,4.0,20.0,20.0,0.0,Digital Wallet,Não informado
TXN_2861396,2023-01-04,2023,1,4,Salad,5.0,5.0,25.0,25.0,0.0,Credit Card,Não informado
TXN_6915899,2023-05-29,2023,5,29,Salad,3.0,5.0,15.0,15.0,0.0,Credit Card,In-store
TXN_5198524,2023-06-14,2023,6,14,Cake,1.0,3.0,3.0,3.0,0.0,Credit Card,In-store
TXN_3432879,2023-02-05,2023,2,5,Cake,5.0,3.0,15.0,15.0,0.0,Credit Card,Não informado
TXN_6786340,2023-04-18,2023,4,18,Coffee,5.0,2.0,10.0,10.0,0.0,Digital Wallet,Takeaway
TXN_8689246,2023-05-16,2023,5,16,Sandwich,5.0,4.0,20.0,20.0,0.0,Credit Card,In-store
TXN_4536553,2023-08-17,2023,8,17,Tea,2.0,1.5,3.0,3.0,0.0,Cash,Não informado
TXN_9036067,2023-10-06,2023,10,6,Cookie,5.0,1.0,5.0,5.0,0.0,Credit Card,Não informado
TXN_4201578,2023-01-23,2023,1,23,Salad,5.0,5.0,25.0,25.0,0.0,Não informado,In-store
TXN_1249069,2023-01-22,2023,1,22,Coffee,2.0,2.0,4.0,4.0,0.0,Não informado,Não informado
TXN_4068183,2023-08-01,2023,8,1,Smoothie,4.0,4.0,16.0,16.0,0.0,Digital Wallet,Não informado
TXN_8936663,2023-11-12,2023,11,12,Cookie,4.0,1.0,4.0,4.0,0.0,Credit Card,Não informado
TXN_7771434,2023-03-26,2023,3,26,Coffee,4.0,2.0,8.0,8.0,0.0,Credit Card,Não informado
TXN_6087494,2023-07-05,2023,7,5,Juice,5.0,3.0,15.0,15.0,0.0,Credit Card,Não informado
TXN_2252121,2023-02-01,2023,2,1,Smoothie,3.0,4.0,12.0,12.0,0.0,Não informado,Não informado
TXN_5358805,2023-01-01,2023,1,1,Coffee,5.0,2.0,10.0,10.0,0.0,Digital Wallet,Não informado
TXN_2490759,2023-11-19,2023,11,19,Smoothie,3.0,4.0,12.0,12.0,0.0,Cash,Não informado
TXN_6691781,2023-09-07,2023,9,7,Coffee,4.0,2.0,8.0,8.0,0.0,Credit Card,Não informado
TXN_1730850,2023-12-15,2023,12,15,Juice,2.0,3.0,6.0,6.0,0.0,Cash,Takeaway
TXN_7051359,2023-10-30,2023,10,30,Coffee,5.0,2.0,10.0,10.0,0.0,Não informado,Não informado
TXN_2202863,2023-07-28,2023,7,28,Salad,5.0,5.0,25.0,25.0,0.0,Não informado,Não informado
TXN_7145672,2023-10-11,2023,10,11,Sandwich,1.0,4.0,4.0,4.0,0.0,Credit Card,Não informado
TXN_5974123,2023-06-25,2023,6,25,Sandwich,2.0,4.0,8.0,8.0,0.0,Digital Wallet,Não informado
TXN_9833245,2023-04-30,2023,4,30,Cookie,1.0,1.0,1.0,1.0,0.0,Digital Wallet,Takeaway
TXN_6337312,2023-01-11,2023,1,11,Salad,1.0,5.0,5.0,5.0,0.0,Não informado,In-store
TXN_5239202,2023-09-14,2023,9,14,Cake,1.0,3.0,3.0,3.0,0.0,Não informado,Não informado
TXN_1512184,2023-01-28,2023,1,28,Coffee,3.0,2.0,6.0,6.0,0.0,Não informado,Takeaway
TXN_6811368,2023-02-18,2023,2,18,Coffee,4.0,2.0,8.0,8.0,0.0,Não informado,Takeaway
TXN_3873656,2023-09-30,2023,9,30,Coffee,3.0,2.0,6.0,6.0,0.0,Não informado,Takeaway
TXN_8792638,2023-07-02,2023,7,2,Tea,3.0,1.5,4.5,4.5,0.0,Credit Card,Takeaway
TXN_3493951,2023-08-20,2023,8,20,Smoothie,5.0,4.0,20.0,20.0,0.0,Cash,Takeaway
TXN_7763592,2023-02-17,2023,2,17,Smoothie,1.0,4.0,4.0,4.0,0.0,Não informado,In-store
TXN_1860406,2023-06-17,2023,6,17,Coffee,2.0,2.0,4.0,4.0,0.0,Não informado,Takeaway
TXN_1663257,2023-04-23,2023,4,23,Juice,3.0,3.0,9.0,9.0,0.0,Credit Card,Não informado
TXN_2743696,2023-04-28,2023,4,28,Cookie,1.0,1.0,1.0,1.0,0.0,Não informado,Não informado
TXN_7640700,2023-01-15,2023,1,15,Juice,2.0,3.0,6.0,6.0,0.0,Não informado,Não informado
TXN_3227186,2023-05-05,2023,5,5,Salad,2.0,5.0,10.0,10.0,0.0,Digital Wallet,Não informado
TXN_7917193,2023-05-18,2023,5,18,Cookie,3.0,1.0,3.0,3.0,0.0,Cash,Não informado
TXN_2490435,2023-03-13,2023,3,13,Cookie,1.0,1.0,1.0,1.0,0.0,Não informado,Não informado
TXN_4698656,2023-12-07,2023,12,7,Smoothie,4.0,4.0,16.0,16.0,0.0,Não informado,Não informado
TXN_3507334,2023-05-05,2023,5,5,Juice,4.0,3.0,12.0,12.0,0.0,Não informado,Não informado
TXN_1299959,2023-06-23,2023,6,23,Smoothie,5.0,4.0,20.0,20.0,0.0,Cash,Não informado
TXN_3680047,2023-07-16,2023,7,16,Salad,5.0,5.0,25.0,25.0,0.0,Não informado,Não informado
TXN_4801832,2023-08-05,2023,8,5,Salad,2.0,5.0,10.0,10.0,0.0,Não informado,Takeaway
TXN_3425783,2023-06-15,2023,6,15,Juice,2.0,3.0,6.0,6.0,0.0,Não informado,Não informado
TXN_8878830,2023-10-11,2023,10,11,Coffee,4.0,2.0,8.0,8.0,0.0,Credit Card,Takeaway
TXN_8295101,2023-10-23,2023,10,23,Tea,4.0,1.5,6.0,6.0,0.0,Não informado,Não informado
TXN_3303114,2023-06-18,2023,6,18,Salad,4.0,5.0,20.0,20.0,0.0,Credit Card,In-store
TXN_2106437,2023-08-01,2023,8,1,Tea,1.0,1.5,1.5,1.5,0.0,Cash,Takeaway
TXN_2291713,2023-08-06,2023,8,6,Salad,4.0,5.0,20.0,20.0,0.0,Cash,In-store
TXN_7552449,2023-05-26,2023,5,26,Cake,3.0,3.0,9.0,9.0,0.0,Cash,Não informado
TXN_9021000,2023-01-20,2023,1,20,Coffee,3.0,2.0,6.0,6.0,0.0,Não informado,Não informado
TXN_4205369,2023-07-16,2023,7,16,Salad,5.0,5.0,25.0,25.0,0.0,Não informado,Takeaway
TXN_4551806,2023-01-09,2023,1,9,Tea,1.0,1.5,1.5,1.5,0.0,Não informado,Não informado
TXN_5313211,2023-05-04,2023,5,4,Smoothie,5.0,4.0,20.0,20.0,0.0,Credit Card,Não informado
TXN_2282283,2023-02-23,2023,2,23,Cookie,2.0,1.0,2.0,2.0,0.0,Digital Wallet,Não informado
TXN_3193321,2023-08-15,2023,8,15,Smoothie,3.0,4.0,12.0,12.0,0.0,Não informado,Takeaway
TXN_7211769,2023-09-11,2023,9,11,Juice,1.0,3.0,3.0,3.0,0.0,Credit Card,Não informado
TXN_1653570,2023-10-10,2023,10,10,Coffee,5.0,2.0,10.0,10.0,0.0,Não informado,Takeaway
TXN_3722720,2023-06-27,2023,6,27,Salad,2.0,5.0,10.0,10.0,0.0,Não informado,In-store
TXN_7624646,2023-03-24,2023,3,24,Smoothie,2.0,4.0,8.0,8.0,0.0,Não informado,Não informado
TXN_6725579,2023-02-21,2023,2,21,Tea,2.0,1.5,3.0,3.0,0.0,Credit Card,Takeaway
TXN_4015101,2023-01-18,2023,1,18,Sandwich,1.0,4.0,4.0,4.0,0.0,Credit Card,Não informado
TXN_6845225,2023-02-21,2023,2,21,Tea,4.0,1.5,6.0,6.0,0.0,Credit Card,Takeaway
TXN_5214219,2023-03-22,2023,3,22,Salad,4.0,5.0,20.0,20.0,0.0,Credit Card,Não informado
TXN_3388054,2023-11-13,2023,11,13,Coffee,5.0,2.0,10.0,10.0,0.0,Cash,Não informado
TXN_5817991,2023-05-24,2023,5,24,Smoothie,4.0,4.0,16.0,16.0,0.0,Cash,Não informado
TXN_9798525,2023-11-05,2023,11,5,Coffee,2.0,2.0,4.0,4.0,0.0,Digital Wallet,Takeaway
TXN_7644000,2023-02-07,2023,2,7,Cake,2.0,3.0,6.0,6.0,0.0,Não informado,Takeaway
TXN_1482123,2023-06-17,2023,6,17,Coffee,1.0,2.0,2.0,2.0,0.0,Cash,In-store
TXN_5622313,2023-01-07,2023,1,7,Salad,2.0,5.0,10.0,10.0,0.0,Credit Card,In-store
TXN_3446033,2023-02-15,2023,2,15,Cookie,3.0,1.0,3.0,3.0,0.0,Credit Card,Não informado
TXN_6249754,2023-10-21,2023,10,21,Smoothie,1.0,4.0,4.0,4.0,0.0,Credit Card,Takeaway
TXN_9729280,2023-11-06,2023,11,6,Tea,3.0,1.5,4.5,4.5,0.0,Credit Card,In-store
TXN_9551638,2023-06-25,2023,6,25,Salad,3.0,5.0,15.0,15.0,0.0,Cash,Não informado
TXN_1045022,2023-10-13,2023,10,13,Sandwich,4.0,4.0,16.0,16.0,0.0,Credit Card,Takeaway
TXN_4598397,2023-09-13,2023,9,13,Coffee,4.0,2.0,8.0,8.0,0.0,Cash,Takeaway
TXN_9186913,2023-10-16,2023,10,16,Cookie,2.0,1.0,2.0,2.0,0.0,Credit Card,Takeaway
TXN_9507002,2023-05-08,2023,5,8,Smoothie,1.0,4.0,4.0,4.0,0.0,Cash,Takeaway
TXN_4423218,2023-05-29,2023,5,29,Cookie,3.0,1.0,3.0,3.0,0.0,Cash,In-store
TXN_4851339,2023-02-01,2023,2,1,Sandwich,1.0,4.0,4.0,4.0,0.0,Digital Wallet,Takeaway
TXN_3274105,2023-07-28,2023,7,28,Cookie,5.0,1.0,5.0,5.0,0.0,Credit Card,Takeaway
TXN_2810280,2023-06-25,2023,6,25,Smoothie,1.0,4.0,4.0,4.0,0.0,Digital Wallet,Takeaway
TXN_9901424,2023-05-30,2023,5,30,Cookie,3.0,1.0,3.0,3.0,0.0,Digital Wallet,Não informado
TXN_3880417,2023-06-27,2023,6,27,Cookie,1.0,1.0,1.0,1.0,0.0,Não informado,In-store
TXN_3756680,2023-08-30,2023,8,30,Tea,2.0,1.5,3.0,3.0,0.0,Credit Card,Não informado
TXN_8611913,2023-07-16,2023,7,16,Tea,5.0,1.5,7.5,7.5,0.0,Digital Wallet,In-store
TXN_9904091,2023-05-20,2023,5,20,Salad,4.0,5.0,20.0,20.0,0.0,Não informado,Não informado
TXN_5908857,2023-06-04,2023,6,4,Smoothie,5.0,4.0,20.0,20.0,0.0,Não informado,In-store
TXN_4411172,2023-07-09,2023,7,9,Smoothie,4.0,4.0,16.0,16.0,0.0,Cash,Não informado
TXN_6841805,2023-02-14,2023,2,14,Cake,2.0,3.0,6.0,6.0,0.0,Não informado,Não informado
TXN_7800236,2023-07-19,2023,7,19,Salad,3.0,5.0,15.0,15.0,0.0,Digital Wallet,Não informado
TXN_9947479,2023-09-27,2023,9,27,Smoothie,5.0,4.0,20.0,20.0,0.0,Cash,Takeaway
TXN_6403859,2023-03-06,2023,3,6,Sandwich,5.0,4.0,20.0,20.0,0.0,Credit Card,In-store
TXN_6828371,2023-10-20,2023,10,20,Smoothie,4.0,4.0,16.0,16.0,0.0,Não informado,Não informado
TXN_8335965,2023-03-21,2023,3,21,Tea,5.0,1.5,7.5,7.5,0.0,Credit Card,Não informado
TXN_9703722,2023-01-11,2023,1,11,Sandwich,5.0,4.0,20.0,20.0,0.0,Digital Wallet,Takeaway
TXN_6259001,2023-01-30,2023,1,30,Tea,4.0,1.5,,6.0,,Digital Wallet,In-store
TXN_6119081,2023-09-27,2023,9,27,Coffee,2.0,2.0,4.0,4.0,0.0,Cash,In-store
TXN_4811887,2023-02-11,2023,2,11,Cake,2.0,3.0,6.0,6.0,0.0,Cash,In-store
TXN_9587814,2023-01-25,2023,1,25,Juice,3.0,3.0,9.0,9.0,0.0,Cash,In-store
TXN_7682605,2023-10-19,2023,10,19,Tea,5.0,1.5,7.5,7.5,0.0,Digital Wallet,Não informado
TXN_2611393,2023-04-25,2023,4,25,Smoothie,3.0,4.0,12.0,12.0,0.0,Não informado,Não informado
TXN_2122597,2023-05-11,2023,5,11,Cake,3.0,3.0,9.0,9.0,0.0,Credit Card,Não informado
TXN_3267783,2023-10-30,2023,10,30,Cake,3.0,3.0,9.0,9.0,0.0,Não informado,In-store
TXN_7852397,2023-08-10,2023,8,10,Tea,3.0,1.5,4.5,4.5,0.0,Cash,In-store
TXN_8459594,2023-11-07,2023,11,7,Sandwich,1.0,4.0,4.0,4.0,0.0,Credit Card,Não informado
TXN_9190969,2023-10-06,2023,10,6,Coffee,1.0,2.0,2.0,2.0,0.0,Não informado,In-store
TXN_2982995,2023-04-06,2023,4,6,Salad,1.0,5.0,5.0,5.0,0.0,Credit Card,Takeaway
TXN_6490609,2023-03-03,2023,3,3,Salad,4.0,5.0,,20.0,,Não informado,In-store
TXN_9938260,2023-03-03,2023,3,3,Smoothie,4.0,4.0,16.0,16.0,0.0,Não informado,In-store
TXN_5486398,2023-05-13,2023,5,13,Cookie,4.0,1.0,4.0,4.0,0.0,Cash,Não informado
TXN_5875661,2023-08-12,2023,8,12,Sandwich,3.0,4.0,,12.0,,Credit Card,Não informado
TXN_2555823,2023-06-21,2023,6,21,Cake,4.0,3.0,12.0,12.0,0.0,Digital Wallet,Não informado
TXN_4223265,2023-06-06,2023,6,6,Cake,5.0,3.0,15.0,15.0,0.0,Digital Wallet,In-store
TXN_3390072,2023-05-03,2023,5,3,Tea,1.0,1.5,1.5,1.5,0.0,Credit Card,Não informado
TXN_6491662,2023-10-06,2023,10,6,Coffee,2.0,2.0,4.0,4.0,0.0,Digital Wallet,Takeaway
TXN_9500986,2023-05-10,2023,5,10,Cookie,2.0,1.0,2.0,2.0,0.0,Digital Wallet,Takeaway
TXN_4892303,2023-07-16,2023,7,16,Sandwich,4.0,4.0,16.0,16.0,0.0,Não informado,Não informado
TXN_5985451,2023-07-24,2023,7,24,Sandwich,2.0,4.0,8.0,8.0,0.0,Não informado,Não informado
TXN_6092344,2023-12-04,2023,12,4,Cookie,5.0,1.0,5.0,5.0,0.0,Credit Card,Takeaway
TXN_1218016,2023-11-26,2023,11,26,Tea,3.0,1.5,4.5,4.5,0.0,Digital Wallet,Não informado
TXN_1221777,2023-01-29,2023,1,29,Coffee,3.0,2.0,6.0,6.0,0.0,Não informado,In-store
TXN_3691087,2023-07-11,2023,7,11,Cookie,4.0,1.0,4.0,4.0,0.0,Não informado,Não informado
TXN_6336973,2023-03-21,2023,3,21,Coffee,4.0,2.0,8.0,8.0,0.0,Digital Wallet,Takeaway
TXN_5609260,2023-05-02,2023,5,2,Cookie,5.0,1.0,5.0,5.0,0.0,Digital Wallet,In-store
TXN_4242676,2023-11-26,2023,11,26,Coffee,5.0,2.0,,10.0,,Credit Card,Takeaway
TXN_6835777,2023-05-11,2023,5,11,Juice,5.0,3.0,15.0,15.0,0.0,Digital Wallet,Não informado
TXN_5496581,2023-08-11,2023,8,11,Juice,1.0,3.0,3.0,3.0,0.0,Credit Card,Não informado
TXN_2897468,2023-10-10,2023,10,10,Salad,2.0,5.0,10.0,10.0,0.0,Cash,Não informado
TXN_3260087,2023-04-20,2023,4,20,Salad,5.0,5.0,25.0,25.0,0.0,Não informado,Não informado
TXN_2047672,2023-01-25,2023,1,25,Sandwich,1.0,4.0,4.0,4.0,0.0,Credit Card,In-store
TXN_6893490,2023-03-17,2023,3,17,Coffee,3.0,2.0,6.0,6.0,0.0,Credit Card,Takeaway
TXN_3743336,2023-02-21,2023,2,21,Salad,2.0,5.0,10.0,10.0,0.0,Digital Wallet,Não informado
TXN_6851654,2023-01-25,2023,1,25,Salad,1.0,5.0,5.0,5.0,0.0,Digital Wallet,Takeaway
TXN_8510511,2023-10-06,2023,10,6,Coffee,4.0,2.0,8.0,8.0,0.0,Não informado,Não informado
TXN_2092306,2023-04-01,2023,4,1,Juice,4.0,3.0,,12.0,,Não informado,In-store
TXN_7345190,2023-02-20,2023,2,20,Smoothie,4.0,4.0,16.0,16.0,0.0,Digital Wallet,Não informado
TXN_6647319,2023-10-23,2023,10,23,Juice,5.0,3.0,15.0,15.0,0.0,Credit Card,Não informado
TXN_5889912,2023-09-26,2023,9,26,Salad,1.0,5.0,5.0,5.0,0.0,Cash,In-store
TXN_4483304,2023-11-08,2023,11,8,Smoothie,4.0,4.0,,16.0,,Credit Card,Takeaway
TXN_3720223,2023-10-22,2023,10,22,Cake,4.0,3.0,12.0,12.0,0.0,Cash,Takeaway
TXN_4506778,2023-04-21,2023,4,21,Cake,3.0,3.0,9.0,9.0,0.0,Digital Wallet,Não informado
TXN_8226226,2023-07-30,2023,7,30,Sandwich,1.0,4.0,4.0,4.0,0.0,Não informado,In-store
TXN_9723120,2023-01-26,2023,1,26,Tea,5.0,1.5,7.5,7.5,0.0,Credit Card,Não informado
TXN_2726676,2023-08-10,2023,8,10,Coffee,3.0,2.0,6.0,6.0,0.0,Digital Wallet,In-store
TXN_3327212,2023-12-20,2023,12,20,Tea,2.0,1.5,3.0,3.0,0.0,Credit Card,Não informado
TXN_3558795,2023-05-30,2023,5,30,Smoothie,1.0,4.0,4.0,4.0,0.0,Cash,In-store
TXN_9989242,2023-09-12,2023,9,12,Sandwich,4.0,4.0,16.0,16.0,0.0,Não informado,Não informado
TXN_2711627,2023-11-09,2023,11,9,Smoothie,5.0,4.0,20.0,20.0,0.0,Cash,Não informado
TXN_2804828,2023-02-25,2023,2,25,Cake,3.0,3.0,9.0,9.0,0.0,Cash,Não informado
TXN_3869958,2023-01-11,2023,1,11,Cake,1.0,3.0,3.0,3.0,0.0,Digital Wallet,Não informado
TXN_9684465,2023-02-15,2023,2,15,Cake,5.0,3.0,15.0,15.0,0.0,Não informado,Takeaway
TXN_6476304,2023-03-17,2023,3,17,Sandwich,2.0,4.0,8.0,8.0,0.0,Credit Card,Não informado
TXN_3893927,2023-09-14,2023,9,14,Salad,4.0,5.0,20.0,20.0,0.0,Não informado,In-store
TXN_5947976,2023-05-21,2023,5,21,Coffee,3.0,2.0,6.0,6.0,0.0,Não informado,In-store
TXN_4139983,2023-10-16,2023,10,16,Tea,5.0,1.5,7.5,7.5,0.0,Cash,Takeaway
TXN_4571222,2023-03-21,2023,3,21,Cookie,2.0,1.0,2.0,2.0,0.0,Credit Card,Não informado
TXN_6484542,2023-05-18,2023,5,18,Salad,5.0,5.0,25.0,25.0,0.0,Credit Card,Não informado
TXN_5183630,2023-02-15,2023,2,15,Coffee,4.0,2.0,8.0,8.0,0.0,Não informado,In-store
TXN_5562799,2023-10-25,2023,10,25,Cookie,5.0,1.0,5.0,5.0,0.0,Não informado,Não informado
TXN_6404625,2023-04-24,2023,4,24,Cake,5.0,3.0,15.0,15.0,0.0,Credit Card,Não informado
TXN_5327102,2023-07-16,2023,7,16,Cookie,2.0,1.0,2.0,2.0,0.0,Não informado,Não informado
TXN_6540284,2023-04-24,2023,4,24,Juice,1.0,3.0,3.0,3.0,0.0,Não informado,Não informado
TXN_3670939,2023-07-13,2023,7,13,Tea,3.0,1.5,4.5,4.5,0.0,Cash,Não informado
TXN_2935871,2023-07-07,2023,7,7,Cookie,4.0,1.0,4.0,4.0,0.0,Cash,Takeaway
TXN_1610204,2023-02-19,2023,2,19,Cake,1.0,3.0,3.0,3.0,0.0,Não informado,Takeaway
TXN_1863866,2023-10-03,2023,10,3,Smoothie,1.0,4.0,4.0,4.0,0.0,Cash,Não informado
TXN_4630854,2023-02-10,2023,2,10,Tea,1.0,1.5,1.5,1.5,0.0,Digital Wallet,Não informado
TXN_6183842,2023-09-15,2023,9,15,Tea,3.0,1.5,4.5,4.5,0.0,Não informado,Não informado
TXN_5355693,2023-12-03,2023,12,3,Smoothie,1.0,4.0,4.0,4.0,0.0,Não informado,Não informado
TXN_8284910,2023-07-19,2023,7,19,Smoothie,1.0,4.0,4.0,4.0,0.0,Cash,In-store
TXN_4408913,2023-08-24,2023,8,24,Salad,2.0,5.0,10.0,10.0,0.0,Cash,Não informado
TXN_2123573,2023-01-09,2023,1,9,Coffee,5.0,2.0,10.0,10.0,0.0,Digital Wallet,Takeaway
TXN_8036176,2023-06-20,2023,6,20,Cookie,4.0,1.0,4.0,4.0,0.0,Credit Card,Takeaway
TXN_2490185,2023-12-18,2023,12,18,Salad,4.0,5.0,20.0,20.0,0.0,Credit Card,In-store
TXN_6295420,2023-09-27,2023,9,27,Juice,1.0,3.0,3.0,3.0,0.0,Digital Wallet,Takeaway
TXN_1542042,2023-07-26,2023,7,26,Cake,4.0,3.0,12.0,12.0,0.0,Credit Card,Takeaway
TXN_7716125,2023-05-17,2023,5,17,Cookie,2.0,1.0,2.0,2.0,0.0,Digital Wallet,Não informado
TXN_6579109,2023-02-22,2023,2,22,Juice,1.0,3.0,3.0,3.0,0.0,Credit Card,Takeaway
TXN_5577030,2023-02-15,2023,2,15,Cookie,4.0,1.0,4.0,4.0,0.0,Digital Wallet,Takeaway
TXN_3910230,2023-01-05,2023,1,5,Sandwich,5.0,4.0,20.0,20.0,0.0,Cash,Takeaway
TXN_8031804,2023-07-01,2023,7,1,Coffee,4.0,2.0,8.0,8.0,0.0,Credit Card,Não informado
TXN_6755107,2023-11-14,2023,11,14,Smoothie,2.0,4.0,8.0,8.0,0.0,Digital Wallet,Não informado
TXN_5153899,2023-03-01,2023,3,1,Tea,3.0,1.5,4.5,4.5,0.0,Não informado,Takeaway
TXN_5632156,2023-08-02,2023,8,2,Sandwich,4.0,4.0,16.0,16.0,0.0,Digital Wallet,Não informado
TXN_9861782,2023-07-15,2023,7,15,Sandwich,4.0,4.0,16.0,16.0,0.0,Credit Card,In-store
TXN_8861275,2023-10-31,2023,10,31,Smoothie,2.0,4.0,8.0,8.0,0.0,Não informado,In-store
TXN_8961155,2023-09-06,2023,9,6,Cake,5.0,3.0,,15.0,,Cash,Takeaway
TXN_6112765,2023-07-21,2023,7,21,Coffee,2.0,2.0,4.0,4.0,0.0,Credit Card,Takeaway
TXN_7090563,2023-08-17,2023,8,17,Smoothie,3.0,4.0,12.0,12.0,0.0,Não informado,In-store
TXN_9737090,2023-06-01,2023,6,1,Sandwich,3.0,4.0,12.0,12.0,0.0,Não informado,In-store
TXN_2847831,2023-02-19,2023,2,19,Coffee,1.0,2.0,2.0,2.0,0.0,Cash,In-store
TXN_3385167,2023-04-26,2023,4,26,Tea,3.0,1.5,4.5,4.5,0.0,Cash,In-store
TXN_1938071,2023-12-25,2023,12,25,Sandwich,4.0,4.0,16.0,16.0,0.0,Credit Card,In-store
TXN_8774692,2023-07-12,2023,7,12,Tea,5.0,1.5,7.5,7.5,0.0,Digital Wallet,Não informado
TXN_4887268,2023-10-16,2023,10,16,Salad,1.0,5.0,5.0,5.0,0.0,Credit Card,In-store
TXN_9506372,2023-11-06,2023,11,6,Cake,4.0,3.0,12.0,12.0,0.0,Não informado,Não informado
TXN_6651961,2023-02-08,2023,2,8,Salad,4.0,5.0,20.0,20.0,0.0,Credit Card,In-store
TXN_2537138,2023-10-24,2023,10,24,Cake,3.0,3.0,9.0,9.0,0.0,Não informado,Não informado
TXN_2015313,2023-10-18,2023,10,18,Salad,5.0,5.0,25.0,25.0,0.0,Cash,Não informado
TXN_5604797,2023-10-13,2023,10,13,Coffee,1.0,2.0,2.0,2.0,0.0,Cash,In-store
TXN_6303383,2023-09-22,2023,9,22,Cake,4.0,3.0,12.0,12.0,0.0,Digital Wallet,In-store
TXN_5403707,2023-03-20,2023,3,20,Smoothie,3.0,4.0,12.0,12.0,0.0,Cash,In-store
TXN_4084052,2023-06-30,2023,6,30,Juice,2.0,3.0,6.0,6.0,0.0,Digital Wallet,In-store
TXN_7113656,2023-01-22,2023,1,22,Juice,2.0,3.0,6.0,6.0,0.0,Credit Card,Takeaway
TXN_6039235,2023-06-25,2023,6,25,Juice,2.0,3.0,6.0,6.0,0.0,Digital Wallet,Não informado
TXN_6621756,2023-11-14,2023,11,14,Cookie,1.0,1.0,1.0,1.0,0.0,Não informado,Não informado
TXN_3923847,2023-09-12,2023,9,12,Cake,2.0,3.0,6.0,6.0,0.0,Credit Card,Não informado
TXN_3226989,2023-04-17,2023,4,17,Salad,1.0,5.0,5.0,5.0,0.0,Credit Card,Takeaway
TXN_1523567,2023-11-22,2023,11,22,Salad,3.0,5.0,,15.0,,Digital Wallet,Takeaway
TXN_8751289,2023-09-10,2023,9,10,Tea,2.0,1.5,3.0,3.0,0.0,Cash,In-store
TXN_9996195,2023-03-16,2023,3,16,Juice,5.0,3.0,15.0,15.0,0.0,Digital Wallet,In-store
TXN_2151688,2023-09-29,2023,9,29,Cake,5.0,3.0,15.0,15.0,0.0,Não informado,Não informado
TXN_4243591,2023-10-11,2023,10,11,Cake,4.0,3.0,12.0,12.0,0.0,Credit Card,In-store
TXN_4138399,2023-07-03,2023,7,3,Cookie,5.0,1.0,5.0,5.0,0.0,Credit Card,Takeaway
TXN_1724233,2023-02-01,2023,2,1,Cookie,5.0,1.0,5.0,5.0,0.0,Digital Wallet,Takeaway
TXN_1564506,2023-02-01,2023,2,1,Smoothie,5.0,4.0,20.0,20.0,0.0,Digital Wallet,In-store
TXN_3520982,2023-10-26,2023,10,26,Salad,5.0,5.0,25.0,25.0,0.0,Não informado,Não informado
TXN_8936591,2023-03-22,2023,3,22,Cookie,5.0,1.0,5.0,5.0,0.0,Não informado,In-store
TXN_7622389,2023-02-26,2023,2,26,Tea,4.0,1.5,6.0,6.0,0.0,Digital Wallet,In-store
TXN_2204457,2023-01-06,2023,1,6,Coffee,4.0,2.0,8.0,8.0,0.0,Cash,Takeaway
TXN_1319834,2023-03-31,2023,3,31,Cookie,1.0,1.0,1.0,1.0,0.0,Não informado,Não informado
TXN_7503593,2023-04-19,2023,4,19,Cookie,5.0,1.0,5.0,5.0,0.0,Digital Wallet,Takeaway
TXN_4076463,2023-06-25,2023,6,25,Cookie,3.0,1.0,3.0,3.0,0.0,Digital Wallet,Não informado
TXN_1901704,2023-11-17,2023,11,17,Salad,5.0,5.0,25.0,25.0,0.0,Cash,Não informado
TXN_5589433,2023-03-13,2023,3,13,Cake,2.0,3.0,6.0,6.0,0.0,Cash,In-store
TXN_4386732,2023-08-01,2023,8,1,Smoothie,4.0,4.0,16.0,16.0,0.0,Cash,Não informado
TXN_8043642,2023-06-12,2023,6,12,Salad,4.0,5.0,20.0,20.0,0.0,Cash,In-store
TXN_1223805,2023-07-04,2023,7,4,Juice,3.0,3.0,9.0,9.0,0.0,Não informado,In-store
TXN_9551491,2023-07-13,2023,7,13,Salad,1.0,5.0,5.0,5.0,0.0,Não informado,Não informado
TXN_3033987,2023-03-13,2023,3,13,Cake,4.0,3.0,12.0,12.0,0.0,Cash,Não informado
TXN_2732570,2023-06-23,2023,6,23,Cookie,3.0,1.0,3.0,3.0,0.0,Digital Wallet,Não informado
TXN_9104781,2023-07-03,2023,7,3,Sandwich,2.0,4.0,8.0,8.0,0.0,Não informado,Não informado
TXN_7876775,2023-02-09,2023,2,9,Coffee,5.0,2.0,10.0,10.0,0.0,Não informado,Takeaway
TXN_7566250,2023-06-04,2023,6,4,Salad,3.0,5.0,15.0,15.0,0.0,Não informado,Takeaway
TXN_3365018,2023-02-06,2023,2,6,Juice,5.0,3.0,15.0,15.0,0.0,Cash,Takeaway
TXN_1487762,2023-02-07,2023,2,7,Tea,3.0,1.5,4.5,4.5,0.0,Não informado,Não informado
TXN_4592205,2023-12-30,2023,12,30,Cookie,3.0,1.0,3.0,3.0,0.0,Credit Card,In-store
TXN_6660755,2023-05-16,2023,5,16,Cookie,2.0,1.0,2.0,2.0,0.0,Credit Card,In-store
TXN_3290872,2023-06-13,2023,6,13,Cake,2.0,3.0,6.0,6.0,0.0,Credit Card,In-store
TXN_8800818,2023-09-28,2023,9,28,Cake,2.0,3.0,,6.0,,Digital Wallet,Não informado
TXN_5707386,2023-06-28,2023,6,28,Tea,5.0,1.5,7.5,7.5,0.0,Não informado,Takeaway
TXN_1145592,2023-09-11,2023,9,11,Juice,1.0,3.0,3.0,3.0,0.0,Credit Card,Takeaway
TXN_2670487,2023-10-20,2023,10,20,Coffee,3.0,2.0,6.0,6.0,0.0,Digital Wallet,Não informado
TXN_9485101,2023-11-01,2023,11,1,Cookie,2.0,1.0,2.0,2.0,0.0,Cash,Takeaway
TXN_9667219,2023-10-09,2023,10,9,Juice,4.0,3.0,12.0,12.0,0.0,Cash,In-store
TXN_3119835,2023-03-01,2023,3,1,Tea,2.0,1.5,3.0,3.0,0.0,Digital Wallet,In-store
TXN_7014091,2023-11-26,2023,11,26,Coffee,5.0,2.0,10.0,10.0,0.0,Cash,In-store
TXN_7107807,2023-11-01,2023,11,1,Cookie,1.0,1.0,1.0,1.0,0.0,Digital Wallet,Não informado
TXN_5698925,2023-04-08,2023,4,8,Juice,2.0,3.0,6.0,6.0,0.0,Não informado,In-store
TXN_6662213,2023-01-18,2023,1,18,Sandwich,4.0,4.0,16.0,16.0,0.0,Digital Wallet,Não informado
TXN_1336900,2023-01-16,2023,1,16,Coffee,5.0,2.0,10.0,10.0,0.0,Credit Card,Não informado
TXN_2250785,2023-03-19,2023,3,19,Cake,1.0,3.0,3.0,3.0,0.0,Cash,Não informado
TXN_8122340,2023-06-09,2023,6,9,Coffee,4.0,2.0,,8.0,,Credit Card,Não informado
TXN_9911498,2023-03-27,2023,3,27,Coffee,4.0,2.0,8.0,8.0,0.0,Cash,In-store
TXN_3741325,2023-07-04,2023,7,4,Sandwich,5.0,4.0,20.0,20.0,0.0,Digital Wallet,Não informado
TXN_8658970,2023-09-03,2023,9,3,Salad,3.0,5.0,15.0,15.0,0.0,Credit Card,Não informado
TXN_2887971,2023-06-26,2023,6,26,Smoothie,2.0,4.0,8.0,8.0,0.0,Digital Wallet,Não informado
TXN_9865855,2023-04-18,2023,4,18,Coffee,3.0,2.0,6.0,6.0,0.0,Digital Wallet,Takeaway
TXN_8913492,2023-12-25,2023,12,25,Sandwich,4.0,4.0,16.0,16.0,0.0,Credit Card,In-store
TXN_5625086,2023-06-17,2023,6,17,Sandwich,1.0,4.0,4.0,4.0,0.0,Credit Card,In-store
TXN_5767429,2023-03-19,2023,3,19,Cake,2.0,3.0,6.0,6.0,0.0,Não informado,Não informado
TXN_4435352,2023-05-03,2023,5,3,Salad,2.0,5.0,10.0,10.0,0.0,Credit Card,Não informado
TXN_1009421,2023-02-21,2023,2,21,Cookie,4.0,1.0,4.0,4.0,0.0,Cash,Takeaway
TXN_5369243,2023-11-16,2023,11,16,Smoothie,4.0,4.0,16.0,16.0,0.0,Cash,Takeaway
TXN_1827212,2023-12-22,2023,12,22,Sandwich,5.0,4.0,20.0,20.0,0.0,Não informado,Não informado
TXN_4809548,2023-11-04,2023,11,4,Smoothie,3.0,4.0,12.0,12.0,0.0,Não informado,Takeaway
TXN_2224935,2023-04-15,2023,4,15,Coffee,1.0,2.0,2.0,2.0,0.0,Digital Wallet,Não informado
TXN_9522045,2023-05-30,2023,5,30,Coffee,3.0,2.0,6.0,6.0,0.0,Não informado,Não informado
TXN_6128966,2023-12-18,2023,12,18,Sandwich,3.0,4.0,12.0,12.0,0.0,Não informado,Não informado
TXN_5475746,2023-08-20,2023,8,20,Cake,3.0,3.0,9.0,9.0,0.0,Credit Card,In-store
TXN_6071339,2023-10-17,2023,10,17,Coffee,5.0,2.0,10.0,10.0,0.0,Cash,Takeaway
TXN_9540864,2023-08-07,2023,8,7,Cookie,2.0,1.0,2.0,2.0,0.0,Digital Wallet,Takeaway
TXN_6389404,2023-11-20,2023,11,20,Juice,5.0,3.0,15.0,15.0,0.0,Digital Wallet,In-store
TXN_8199524,2023-12-01,2023,12,1,Cake,5.0,3.0,15.0,15.0,0.0,Cash,Não informado
TXN_1212652,2023-01-30,2023,1,30,Juice,3.0,3.0,9.0,9.0,0.0,Credit Card,Não informado
TXN_1799247,2023-01-25,2023,1,25,Coffee,3.0,2.0,6.0,6.0,0.0,Não informado,Não informado
TXN_5745054,2023-01-26,2023,1,26,Smoothie,1.0,4.0,4.0,4.0,0.0,Credit Card,Não informado
TXN_3499226,2023-09-08,2023,9,8,Juice,1.0,3.0,3.0,3.0,0.0,Credit Card,Takeaway
TXN_3893480,2023-12-24,2023,12,24,Cookie,3.0,1.0,3.0,3.0,0.0,Não informado,Não informado
TXN_8295765,2023-04-05,2023,4,5,Cake,4.0,3.0,12.0,12.0,0.0,Não informado,Takeaway
TXN_1324760,2023-01-18,2023,1,18,Tea,4.0,1.5,6.0,6.0,0.0,Cash,In-store
TXN_8292441,2023-09-15,2023,9,15,Salad,1.0,5.0,5.0,5.0,0.0,Cash,Takeaway
TXN_6663486,2023-11-02,2023,11,2,Coffee,3.0,2.0,6.0,6.0,0.0,Não informado,Não informado
TXN_3792125,2023-08-25,2023,8,25,Salad,5.0,5.0,25.0,25.0,0.0,Credit Card,In-store
TXN_7021504,2023-05-31,2023,5,31,Cookie,2.0,1.0,2.0,2.0,0.0,Não informado,In-store
TXN_8608811,2023-01-05,2023,1,5,Cake,5.0,3.0,15.0,15.0,0.0,Credit Card,Takeaway
TXN_4368729,2023-06-11,2023,6,11,Coffee,3.0,2.0,6.0,6.0,0.0,Digital Wallet,In-store
TXN_5072156,2023-07-24,2023,7,24,Tea,3.0,1.5,4.5,4.5,0.0,Digital Wallet,Takeaway
TXN_4877933,2023-01-12,2023,1,12,Juice,5.0,3.0,15.0,15.0,0.0,Digital Wallet,In-store
TXN_8854384,2023-08-12,2023,8,12,Juice,5.0,3.0,15.0,15.0,0.0,Cash,Takeaway
TXN_3308378,2023-04-28,2023,4,28,Cookie,4.0,1.0,4.0,4.0,0.0,Digital Wallet,Não informado
TXN_4355766,2023-11-07,2023,11,7,Cookie,5.0,1.0,,5.0,,Digital Wallet,Não informado
TXN_5644235,2023-03-25,2023,3,25,Salad,4.0,5.0,20.0,20.0,0.0,Cash,In-store
TXN_5331285,2023-03-12,2023,3,12,Sandwich,3.0,4.0,12.0,12.0,0.0,Digital Wallet,Não informado
TXN_7620397,2023-12-24,2023,12,24,Cookie,4.0,1.0,4.0,4.0,0.0,Não informado,Não informado
TXN_5117595,2023-02-05,2023,2,5,Smoothie,4.0,4.0,16.0,16.0,0.0,Cash,In-store
TXN_9708144,2023-04-18,2023,4,18,Smoothie,3.0,4.0,12.0,12.0,0.0,Cash,Não informado
TXN_3589166,2023-02-02,2023,2,2,Tea,1.0,1.5,1.5,1.5,0.0,Não informado,Não informado
TXN_3943672,2023-10-21,2023,10,21,Sandwich,4.0,4.0,16.0,16.0,0.0,Credit Card,Não informado
TXN_8988279,2023-08-08,2023,8,8,Smoothie,2.0,4.0,8.0,8.0,0.0,Não informado,In-store
TXN_4269933,2023-03-28,2023,3,28,Smoothie,2.0,4.0,8.0,8.0,0.0,Não informado,Takeaway
TXN_2234460,2023-08-15,2023,8,15,Tea,2.0,1.5,3.0,3.0,0.0,Não informado,Takeaway
TXN_4356564,2023-10-05,2023,10,5,Coffee,2.0,2.0,4.0,4.0,0.0,Credit Card,Takeaway
TXN_9469735,2023-12-31,2023,12,31,Cake,1.0,3.0,3.0,3.0,0.0,Não informado,In-store
TXN_6762250,2023-06-17,2023,6,17,Cookie,2.0,1.0,2.0,2.0,0.0,Digital Wallet,Takeaway
TXN_8553273,2023-01-15,2023,1,15,Juice,5.0,3.0,15.0,15.0,0.0,Cash,In-store
TXN_8713971,2023-08-26,2023,8,26,Tea,1.0,1.5,1.5,1.5,0.0,Cash,Não informado
TXN_4076575,2023-01-18,2023,1,18,Smoothie,3.0,4.0,12.0,12.0,0.0,Não informado,Takeaway
TXN_2432379,2023-10-24,2023,10,24,Coffee,1.0,2.0,2.0,2.0,0.0,Credit Card,In-store
TXN_5908104,2023-05-12,2023,5,12,Sandwich,2.0,4.0,8.0,8.0,0.0,Credit Card,Não informado
TXN_1355212,2023-05-25,2023,5,25,Coffee,2.0,2.0,4.0,4.0,0.0,Não informado,Não informado
TXN_2155393,2023-07-12,2023,7,12,Juice,2.0,3.0,6.0,6.0,0.0,Digital Wallet,In-store
TXN_9449037,2023-04-30,2023,4,30,Coffee,4.0,2.0,8.0,8.0,0.0,Não informado,Takeaway
TXN_3114654,2023-12-01,2023,12,1,Juice,3.0,3.0,9.0,9.0,0.0,Não informado,In-store
TXN_5837801,2023-01-25,2023,1,25,Salad,1.0,5.0,,5.0,,Credit Card,In-store
TXN_1336470,2023-12-22,2023,12,22,Tea,1.0,1.5,1.5,1.5,0.0,Cash,Não informado
TXN_2544724,2023-12-28,2023,12,28,Cake,5.0,3.0,15.0,15.0,0.0,Digital Wallet,Takeaway
TXN_1035504,2023-03-30,2023,3,30,Smoothie,2.0,4.0,8.0,8.0,0.0,Digital Wallet,Takeaway
TXN_2576799,2023-03-12,2023,3,12,Juice,1.0,3.0,3.0,3.0,0.0,Cash,Não informado
TXN_4659155,2023-04-13,2023,4,13,Juice,1.0,3.0,3.0,3.0,0.0,Não informado,Não informado
TXN_9781961,2023-12-01,2023,12,1,Coffee,1.0,2.0,2.0,2.0,0.0,Credit Card,In-store
TXN_5313347,2023-12-10,2023,12,10,Cookie,2.0,1.0,2.0,2.0,0.0,Digital Wallet,Takeaway
TXN_7926510,2023-10-03,2023,10,3,Salad,4.0,5.0,20.0,20.0,0.0,Cash,Não informado
TXN_6736084,2023-04-19,2023,4,19,Juice,1.0,3.0,3.0,3.0,0.0,Não informado,Takeaway
TXN_5573731,2023-01-15,2023,1,15,Sandwich,4.0,4.0,16.0,16.0,0.0,Cash,Não informado
TXN_2760327,2023-02-16,2023,2,16,Salad,1.0,5.0,5.0,5.0,0.0,Não informado,Takeaway
TXN_5540067,2023-08-24,2023,8,24,Tea,4.0,1.5,6.0,6.0,0.0,Não informado,Não informado
TXN_7585599,2023-01-12,2023,1,12,Cake,1.0,3.0,3.0,3.0,0.0,Credit Card,Não informado
TXN_1635631,2023-07-04,2023,7,4,Cookie,4.0,1.0,4.0,4.0,0.0,Credit Card,Não informado
TXN_8907996,2023-02-19,2023,2,19,Sandwich,4.0,4.0,16.0,16.0,0.0,Cash,In-store
TXN_3206049,2023-03-27,2023,3,27,Coffee,4.0,2.0,8.0,8.0,0.0,Não informado,Não informado
TXN_4620647,2023-07-15,2023,7,15,Coffee,1.0,2.0,2.0,2.0,0.0,Digital Wallet,Não informado
TXN_5348915,2023-07-09,2023,7,9,Juice,1.0,3.0,3.0,3.0,0.0,Digital Wallet,Takeaway
TXN_6323914,2023-03-19,2023,3,19,Juice,1.0,3.0,3.0,3.0,0.0,Credit Card,In-store
TXN_7804128,2023-02-12,2023,2,12,Sandwich,5.0,4.0,20.0,20.0,0.0,Digital Wallet,In-store
TXN_2930752,2023-03-04,2023,3,4,Cake,2.0,3.0,6.0,6.0,0.0,Credit Card,Não informado
TXN_3477101,2023-05-02,2023,5,2,Cookie,4.0,1.0,4.0,4.0,0.0,Não informado,Takeaway
TXN_2210265,2023-06-14,2023,6,14,Juice,2.0,3.0,6.0,6.0,0.0,Credit Card,Takeaway
TXN_5534515,2023-02-09,2023,2,9,Smoothie,1.0,4.0,4.0,4.0,0.0,Credit Card,Takeaway
TXN_9561380,2023-08-11,2023,8,11,Sandwich,1.0,4.0,4.0,4.0,0.0,Digital Wallet,Takeaway
TXN_3038078,2023-04-06,2023,4,6,Cookie,1.0,1.0,1.0,1.0,0.0,Credit Card,Takeaway
TXN_5652473,2023-03-19,2023,3,19,Smoothie,4.0,4.0,16.0,16.0,0.0,Não informado,Não informado
TXN_5222822,2023-11-20,2023,11,20,Salad,1.0,5.0,5.0,5.0,0.0,Não informado,In-store
TXN_6238191,2023-10-27,2023,10,27,Smoothie,4.0,4.0,16.0,16.0,0.0,Não informado,In-store
TXN_1244593,2023-04-11,2023,4,11,Salad,5.0,5.0,25.0,25.0,0.0,Não informado,In-store
TXN_9749175,2023-09-07,2023,9,7,Cake,1.0,3.0,3.0,3.0,0.0,Credit Card,In-store
TXN_4502314,2023-06-02,2023,6,2,Cookie,3.0,1.0,3.0,3.0,0.0,Credit Card,Não informado
TXN_3703964,2023-09-23,2023,9,23,Sandwich,2.0,4.0,8.0,8.0,0.0,Credit Card,Takeaway
TXN_1554195,2023-10-22,2023,10,22,Smoothie,2.0,4.0,8.0,8.0,0.0,Digital Wallet,Não informado
TXN_1025152,2023-08-19,2023,8,19,Cookie,4.0,1.0,4.0,4.0,0.0,Não informado,Não informado
TXN_3429942,2023-04-24,2023,4,24,Smoothie,3.0,4.0,,12.0,,Digital Wallet,In-store
TXN_8944175,2023-11-30,2023,11,30,Salad,3.0,5.0,15.0,15.0,0.0,Digital Wallet,Não informado
TXN_4680399,2023-04-07,2023,4,7,Juice,5.0,3.0,15.0,15.0,0.0,Digital Wallet,Não informado
TXN_5328065,2023-09-18,2023,9,18,Cake,5.0,3.0,15.0,15.0,0.0,Cash,Não informado
TXN_9202496,2023-07-19,2023,7,19,Cake,5.0,3.0,15.0,15.0,0.0,Credit Card,In-store
TXN_2914953,2023-07-25,2023,7,25,Cake,2.0,3.0,6.0,6.0,0.0,Cash,In-store
TXN_6068148,2023-08-11,2023,8,11,Cake,3.0,3.0,9.0,9.0,0.0,Não informado,In-store
TXN_1216051,2023-10-28,2023,10,28,Cake,4.0,3.0,12.0,12.0,0.0,Digital Wallet,Takeaway
TXN_3943327,2023-05-20,2023,5,20,Juice,1.0,3.0,3.0,3.0,0.0,Não informado,Não informado
TXN_5268025,2023-05-19,2023,5,19,Cookie,5.0,1.0,,5.0,,Digital Wallet,In-store
TXN_9952441,2023-09-05,2023,9,5,Smoothie,1.0,4.0,,4.0,,Cash,In-store
TXN_7354271,2023-04-12,2023,4,12,Cookie,4.0,1.0,4.0,4.0,0.0,Não informado,In-store
TXN_3358494,2023-06-22,2023,6,22,Coffee,5.0,2.0,10.0,10.0,0.0,Digital Wallet,Takeaway
TXN_2966507,2023-04-25,2023,4,25,Cookie,3.0,1.0,3.0,3.0,0.0,Não informado,In-store
TXN_9752586,2023-06-14,2023,6,14,Tea,2.0,1.5,3.0,3.0,0.0,Digital Wallet,Não informado
TXN_1324968,2023-01-05,2023,1,5,Cookie,3.0,1.0,3.0,3.0,0.0,Credit Card,In-store
TXN_3985920,2023-03-29,2023,3,29,Salad,5.0,5.0,25.0,25.0,0.0,Digital Wallet,In-store
TXN_7335526,2023-06-03,2023,6,3,Sandwich,4.0,4.0,16.0,16.0,0.0,Cash,In-store
TXN_5989987,2023-08-02,2023,8,2,Smoothie,4.0,4.0,16.0,16.0,0.0,Cash,Não informado
TXN_8132632,2023-07-26,2023,7,26,Tea,3.0,1.5,4.5,4.5,0.0,Não informado,Não informado
TXN_2408294,2023-12-26,2023,12,26,Sandwich,4.0,4.0,16.0,16.0,0.0,Digital Wallet,In-store
TXN_7380756,2023-10-16,2023,10,16,Salad,1.0,5.0,5.0,5.0,0.0,Digital Wallet,Takeaway
TXN_1145888,2023-01-26,2023,1,26,Coffee,4.0,2.0,8.0,8.0,0.0,Não informado,Não informado
TXN_3845754,2023-11-25,2023,11,25,Tea,4.0,1.5,6.0,6.0,0.0,Não informado,Takeaway
TXN_1315214,2023-11-03,2023,11,3,Tea,2.0,1.5,3.0,3.0,0.0,Digital Wallet,In-store
TXN_7602467,2023-10-17,2023,10,17,Cookie,1.0,1.0,1.0,1.0,0.0,Credit Card,Takeaway
TXN_1672708,2023-04-04,2023,4,4,Salad,4.0,5.0,20.0,20.0,0.0,Não informado,Não informado
TXN_4979250,2023-11-01,2023,11,1,Tea,3.0,1.5,4.5,4.5,0.0,Cash,In-store
TXN_2809397,2023-09-13,2023,9,13,Salad,2.0,5.0,10.0,10.0,0.0,Digital Wallet,Takeaway
TXN_8752130,2023-10-23,2023,10,23,Juice,2.0,3.0,6.0,6.0,0.0,Credit Card,Takeaway
TXN_9944832,2023-12-25,2023,12,25,Coffee,3.0,2.0,6.0,6.0,0.0,Não informado,Não informado
TXN_9639317,2023-12-28,2023,12,28,Cake,3.0,3.0,9.0,9.0,0.0,Cash,Não informado
TXN_7707761,2023-03-08,2023,3,8,Tea,3.0,1.5,4.5,4.5,0.0,Credit Card,Não informado
TXN_3106811,2023-09-27,2023,9,27,Juice,3.0,3.0,9.0,9.0,0.0,Cash,Takeaway
TXN_3475342,2023-04-24,2023,4,24,Juice,3.0,3.0,9.0,9.0,0.0,Não informado,In-store
TXN_8017663,2023-05-18,2023,5,18,Coffee,2.0,2.0,4.0,4.0,0.0,Não informado,Não informado
TXN_6309965,2023-06-14,2023,6,14,Cake,5.0,3.0,15.0,15.0,0.0,Digital Wallet,Takeaway
TXN_2661443,2023-06-30,2023,6,30,Juice,2.0,3.0,6.0,6.0,0.0,Credit Card,Não informado
TXN_9207050,2023-07-21,2023,7,21,Cookie,5.0,1.0,5.0,5.0,0.0,Digital Wallet,In-store
TXN_5351656,2023-03-02,2023,3,2,Tea,1.0,1.5,1.5,1.5,0.0,Não informado,Takeaway
TXN_8905718,2023-09-07,2023,9,7,Tea,5.0,1.5,7.5,7.5,0.0,Não informado,In-store
TXN_1938148,2023-06-07,2023,6,7,Cake,2.0,3.0,6.0,6.0,0.0,Credit Card,Takeaway
TXN_2024598,2023-01-01,2023,1,1,Sandwich,1.0,4.0,4.0,4.0,0.0,Digital Wallet,In-store
TXN_7145872,2023-04-15,2023,4,15,Salad,5.0,5.0,25.0,25.0,0.0,Digital Wallet,Takeaway
TXN_8140560,2023-06-29,2023,6,29,Cake,5.0,3.0,15.0,15.0,0.0,Não informado,Takeaway
TXN_6591756,2023-03-09,2023,3,9,Cookie,5.0,1.0,5.0,5.0,0.0,Não informado,Não informado
TXN_9004306,2023-05-26,2023,5,26,Coffee,4.0,2.0,8.0,8.0,0.0,Credit Card,In-store
TXN_7092761,2023-05-11,2023,5,11,Salad,4.0,5.0,20.0,20.0,0.0,Não informado,Não informado
TXN_6360436,2023-09-13,2023,9,13,Cake,2.0,3.0,6.0,6.0,0.0,Digital Wallet,Takeaway
TXN_3295247,2023-08-25,2023,8,25,Coffee,5.0,2.0,10.0,10.0,0.0,Digital Wallet,Não informado
TXN_5822344,2023-09-27,2023,9,27,Sandwich,5.0,4.0,20.0,20.0,0.0,Cash,In-store
TXN_4266069,2023-12-25,2023,12,25,Coffee,1.0,2.0,2.0,2.0,0.0,Não informado,Não informado
TXN_9470768,2023-09-27,2023,9,27,Smoothie,5.0,4.0,20.0,20.0,0.0,Credit Card,Não informado
TXN_1540181,2023-08-17,2023,8,17,Tea,3.0,1.5,4.5,4.5,0.0,Não informado,Takeaway
TXN_6688020,2023-09-05,2023,9,5,Salad,5.0,5.0,25.0,25.0,0.0,Não informado,Não informado
TXN_4181147,2023-02-18,2023,2,18,Coffee,4.0,2.0,8.0,8.0,0.0,Não informado,Takeaway
TXN_7211792,2023-11-27,2023,11,27,Tea,3.0,1.5,4.5,4.5,0.0,Não informado,Takeaway
TXN_6568978,2023-03-12,2023,3,12,Cake,3.0,3.0,9.0,9.0,0.0,Digital Wallet,Não informado
TXN_6670607,2023-01-06,2023,1,6,Juice,5.0,3.0,,15.0,,Não informado,Takeaway
TXN_9773606,2023-12-04,2023,12,4,Tea,2.0,1.5,3.0,3.0,0.0,Cash,Takeaway
TXN_9762035,2023-08-21,2023,8,21,Smoothie,1.0,4.0,4.0,4.0,0.0,Cash,Takeaway
TXN_4493661,2023-07-08,2023,7,8,Sandwich,1.0,4.0,4.0,4.0,0.0,Cash,Não informado
TXN_5339625,2023-06-29,2023,6,29,Smoothie,5.0,4.0,20.0,20.0,0.0,Digital Wallet,Não informado
TXN_9657636,2023-07-08,2023,7,8,Cake,1.0,3.0,3.0,3.0,0.0,Cash,Takeaway
TXN_1375992,2023-03-23,2023,3,23,Coffee,5.0,2.0,10.0,10.0,0.0,Credit Card,In-store
TXN_2077318,2023-08-24,2023,8,24,Juice,2.0,3.0,6.0,6.0,0.0,Digital Wallet,In-store
TXN_8232653,2023-04-21,2023,4,21,Salad,5.0,5.0,25.0,25.0,0.0,Cash,Não informado
TXN_4624436,2023-05-22,2023,5,22,Sandwich,1.0,4.0,4.0,4.0,0.0,Não informado,Não informado
TXN_6158865,2023-11-27,2023,11,27,Cookie,1.0,1.0,1.0,1.0,0.0,Digital Wallet,Não informado
TXN_6148337,2023-09-27,2023,9,27,Cookie,2.0,1.0,2.0,2.0,0.0,Não informado,In-store
TXN_9096951,2023-06-28,2023,6,28,Smoothie,3.0,4.0,12.0,12.0,0.0,Cash,Takeaway
TXN_7080148,2023-12-30,2023,12,30,Cake,3.0,3.0,9.0,9.0,0.0,Não informado,Não informado
TXN_4275169,2023-06-27,2023,6,27,Salad,1.0,5.0,5.0,5.0,0.0,Não informado,Takeaway
TXN_9005396,2023-08-10,2023,8,10,Juice,4.0,3.0,12.0,12.0,0.0,Cash,Não informado
TXN_2466036,2023-08-31,2023,8,31,Coffee,5.0,2.0,10.0,10.0,0.0,Não informado,Takeaway
TXN_7090165,2023-08-30,2023,8,30,Sandwich,5.0,4.0,20.0,20.0,0.0,Digital Wallet,In-store
TXN_9533792,2023-09-01,2023,9,1,Cookie,3.0,1.0,3.0,3.0,0.0,Digital Wallet,In-store
TXN_4995910,2023-03-10,2023,3,10,Cake,5.0,3.0,,15.0,,Não informado,Não informado
TXN_9174916,2023-06-21,2023,6,21,Coffee,3.0,2.0,6.0,6.0,0.0,Credit Card,Não informado
TXN_8121601,2023-07-02,2023,7,2,Juice,4.0,3.0,,12.0,,Não informado,In-store
TXN_5882077,2023-03-10,2023,3,10,Sandwich,3.0,4.0,12.0,12.0,0.0,Não informado,Takeaway
TXN_3163681,2023-05-11,2023,5,11,Sandwich,2.0,4.0,8.0,8.0,0.0,Não informado,Não informado
TXN_2849719,2023-06-23,2023,6,23,Coffee,5.0,2.0,10.0,10.0,0.0,Digital Wallet,Takeaway
TXN_9623460,2023-01-17,2023,1,17,Sandwich,3.0,4.0,12.0,12.0,0.0,Digital Wallet,In-store
TXN_3359704,2023-07-23,2023,7,23,Salad,3.0,5.0,15.0,15.0,0.0,Digital Wallet,In-store
TXN_7093219,2023-06-06,2023,6,6,Smoothie,4.0,4.0,16.0,16.0,0.0,Credit Card,Não informado
TXN_2444408,2023-05-11,2023,5,11,Sandwich,2.0,4.0,8.0,8.0,0.0,Digital Wallet,In-store
TXN_2475111,2023-03-31,2023,3,31,Cookie,3.0,1.0,3.0,3.0,0.0,Não informado,Takeaway
TXN_3296152,2023-10-20,2023,10,20,Salad,3.0,5.0,15.0,15.0,0.0,Credit Card,In-store
TXN_5157855,2023-08-18,2023,8,18,Salad,1.0,5.0,5.0,5.0,0.0,Digital Wallet,Não informado
TXN_2887411,2023-01-16,2023,1,16,Smoothie,2.0,4.0,8.0,8.0,0.0,Cash,In-store
TXN_7543369,2023-11-18,2023,11,18,Tea,5.0,1.5,7.5,7.5,0.0,Digital Wallet,Takeaway
TXN_9561441,2023-11-11,2023,11,11,Tea,5.0,1.5,7.5,7.5,0.0,Cash,In-store
TXN_5595584,2023-10-19,2023,10,19,Smoothie,2.0,4.0,8.0,8.0,0.0,Não informado,In-store
TXN_1158197,2023-05-21,2023,5,21,Coffee,2.0,2.0,4.0,4.0,0.0,Não informado,Takeaway
TXN_3633955,2023-09-20,2023,9,20,Sandwich,4.0,4.0,16.0,16.0,0.0,Cash,In-store
TXN_2761949,2023-10-01,2023,10,1,Salad,3.0,5.0,15.0,15.0,0.0,Credit Card,In-store
TXN_4967355,2023-04-25,2023,4,25,Sandwich,2.0,4.0,8.0,8.0,0.0,Não informado,In-store
TXN_8062897,2023-10-02,2023,10,2,Smoothie,2.0,4.0,8.0,8.0,0.0,Digital Wallet,Takeaway
TXN_4831426,2023-02-27,2023,2,27,Juice,4.0,3.0,12.0,12.0,0.0,Credit Card,Não informado
TXN_4284492,2023-05-30,2023,5,30,Juice,3.0,3.0,9.0,9.0,0.0,Não informado,Takeaway
TXN_9942634,2023-01-17,2023,1,17,Tea,5.0,1.5,7.5,7.5,0.0,Não informado,Takeaway
TXN_7104682,2023-08-31,2023,8,31,Cookie,5.0,1.0,5.0,5.0,0.0,Não informado,Takeaway
TXN_6866209,2023-05-20,2023,5,20,Smoothie,5.0,4.0,20.0,20.0,0.0,Digital Wallet,In-store
TXN_7573801,2023-12-14,2023,12,14,Cake,2.0,3.0,6.0,6.0,0.0,Não informado,In-store
TXN_9681880,2023-03-21,2023,3,21,Coffee,3.0,2.0,6.0,6.0,0.0,Cash,In-store
TXN_2559288,2023-12-27,2023,12,27,Salad,4.0,5.0,20.0,20.0,0.0,Credit Card,Não informado
TXN_2936975,2023-10-05,2023,10,5,Tea,1.0,1.5,1.5,1.5,0.0,Digital Wallet,Takeaway
TXN_5027125,2023-07-06,2023,7,6,Salad,3.0,5.0,15.0,15.0,0.0,Cash,In-store
TXN_7433758,2023-06-09,2023,6,9,Cookie,1.0,1.0,1.0,1.0,0.0,Cash,Não informado
TXN_2092288,2023-03-30,2023,3,30,Coffee,1.0,2.0,2.0,2.0,0.0,Credit Card,Takeaway
TXN_5701303,2023-09-08,2023,9,8,Coffee,1.0,2.0,2.0,2.0,0.0,Digital Wallet,Takeaway
TXN_5161371,2023-01-17,2023,1,17,Cake,2.0,3.0,6.0,6.0,0.0,Credit Card,In-store
TXN_1132566,2023-02-27,2023,2,27,Cake,3.0,3.0,9.0,9.0,0.0,Cash,Não informado
TXN_3713527,2023-03-08,2023,3,8,Cookie,4.0,1.0,4.0,4.0,0.0,Não informado,Takeaway
TXN_1719440,2023-07-13,2023,7,13,Cookie,5.0,1.0,5.0,5.0,0.0,Digital Wallet,Takeaway
TXN_6273703,2023-12-24,2023,12,24,Tea,2.0,1.5,3.0,3.0,0.0,Credit Card,Não informado
TXN_2050017,2023-03-24,2023,3,24,Sandwich,4.0,4.0,16.0,16.0,0.0,Não informado,Takeaway
TXN_6797827,2023-06-16,2023,6,16,Sandwich,1.0,4.0,4.0,4.0,0.0,Credit Card,Não informado
TXN_6885626,2023-08-06,2023,8,6,Cake,5.0,3.0,15.0,15.0,0.0,Não informado,In-store
TXN_3729074,2023-04-15,2023,4,15,Salad,3.0,5.0,15.0,15.0,0.0,Credit Card,In-store
TXN_7418962,2023-03-07,2023,3,7,Smoothie,4.0,4.0,16.0,16.0,0.0,Cash,Não informado
TXN_7217537,2023-12-19,2023,12,19,Salad,3.0,5.0,15.0,15.0,0.0,Cash,In-store
TXN_8845592,2023-11-12,2023,11,12,Sandwich,5.0,4.0,20.0,20.0,0.0,Credit Card,In-store
TXN_2081985,2023-03-24,2023,3,24,Coffee,2.0,2.0,4.0,4.0,0.0,Digital Wallet,Não informado
TXN_5664467,2023-11-06,2023,11,6,Tea,4.0,1.5,6.0,6.0,0.0,Digital Wallet,Takeaway
TXN_2275523,2023-09-02,2023,9,2,Tea,4.0,1.5,6.0,6.0,0.0,Digital Wallet,Não informado
TXN_6451747,2023-05-23,2023,5,23,Salad,4.0,5.0,20.0,20.0,0.0,Cash,Não informado
TXN_2680626,2023-01-08,2023,1,8,Cake,3.0,3.0,9.0,9.0,0.0,Cash,In-store
TXN_8668840,2023-10-03,2023,10,3,Cake,5.0,3.0,15.0,15.0,0.0,Digital Wallet,Não informado
TXN_5390428,2023-11-25,2023,11,25,Juice,2.0,3.0,6.0,6.0,0.0,Não informado,In-store
TXN_5009367,2023-04-19,2023,4,19,Juice,3.0,3.0,9.0,9.0,0.0,Credit Card,In-store
TXN_3067854,2023-07-08,2023,7,8,Cake,1.0,3.0,3.0,3.0,0.0,Credit Card,Não informado
TXN_6401072,2023-07-28,2023,7,28,Smoothie,4.0,4.0,16.0,16.0,0.0,Cash,Takeaway
TXN_6799966,2023-03-03,2023,3,3,Tea,4.0,1.5,6.0,6.0,0.0,Digital Wallet,Não informado
TXN_8684125,2023-03-08,2023,3,8,Salad,2.0,5.0,10.0,10.0,0.0,Credit Card,In-store
TXN_1647077,2023-08-19,2023,8,19,Smoothie,2.0,4.0,8.0,8.0,0.0,Não informado,Não informado
TXN_8167808,2023-02-03,2023,2,3,Cake,3.0,3.0,9.0,9.0,0.0,Cash,In-store
TXN_3369789,2023-04-15,2023,4,15,Sandwich,5.0,4.0,20.0,20.0,0.0,Não informado,Não informado
TXN_7973461,2023-04-11,2023,4,11,Tea,3.0,1.5,4.5,4.5,0.0,Não informado,In-store
TXN_7753587,2023-03-28,2023,3,28,Cake,1.0,3.0,3.0,3.0,0.0,Credit Card,Takeaway
TXN_4490958,2023-03-30,2023,3,30,Coffee,2.0,2.0,4.0,4.0,0.0,Não informado,Não informado
TXN_8242126,2023-11-20,2023,11,20,Salad,4.0,5.0,20.0,20.0,0.0,Digital Wallet,In-store
TXN_2972659,2023-12-16,2023,12,16,Tea,3.0,1.5,4.5,4.5,0.0,Não informado,Não informado
TXN_5685028,2023-08-12,2023,8,12,Cake,5.0,3.0,15.0,15.0,0.0,Digital Wallet,Takeaway
TXN_9835620,2023-06-09,2023,6,9,Juice,2.0,3.0,,6.0,,Não informado,Não informado
TXN_9245124,2023-04-19,2023,4,19,Tea,4.0,1.5,6.0,6.0,0.0,Digital Wallet,In-store
TXN_8619762,2023-08-05,2023,8,5,Smoothie,4.0,4.0,16.0,16.0,0.0,Cash,Takeaway
TXN_5983031,2023-03-09,2023,3,9,Juice,3.0,3.0,9.0,9.0,0.0,Digital Wallet,In-store
TXN_8730549,2023-02-04,2023,2,4,Smoothie,4.0,4.0,16.0,16.0,0.0,Não informado,Takeaway
TXN_6889867,2023-03-07,2023,3,7,Sandwich,5.0,4.0,20.0,20.0,0.0,Cash,Não informado
TXN_9035484,2023-06-29,2023,6,29,Coffee,2.0,2.0,4.0,4.0,0.0,Cash,Não informado
TXN_9972525,2023-07-31,2023,7,31,Coffee,4.0,2.0,8.0,8.0,0.0,Não informado,Não informado
TXN_3315026,2023-11-06,2023,11,6,Juice,5.0,3.0,15.0,15.0,0.0,Cash,Não informado
TXN_3613385,2023-05-26,2023,5,26,Cookie,3.0,1.0,3.0,3.0,0.0,Não informado,Takeaway
TXN_9629541,2023-12-18,2023,12,18,Sandwich,5.0,4.0,20.0,20.0,0.0,Digital Wallet,Não informado
TXN_7503640,2023-11-04,2023,11,4,Salad,3.0,5.0,15.0,15.0,0.0,Digital Wallet,Não informado
TXN_8430735,2023-10-25,2023,10,25,Juice,2.0,3.0,6.0,6.0,0.0,Não informado,Não informado
TXN_5906520,2023-01-31,2023,1,31,Salad,2.0,5.0,10.0,10.0,0.0,Não informado,Não informado
TXN_8250427,2023-09-15,2023,9,15,Coffee,4.0,2.0,8.0,8.0,0.0,Credit Card,Não informado
TXN_9928337,2023-11-05,2023,11,5,Juice,1.0,3.0,3.0,3.0,0.0,Não informado,Takeaway
TXN_7008306,2023-04-11,2023,4,11,Salad,2.0,5.0,,10.0,,Não informado,Não informado
TXN_5603538,2023-02-15,2023,2,15,Juice,3.0,3.0,9.0,9.0,0.0,Cash,Não informado
TXN_7368648,2023-03-09,2023,3,9,Tea,1.0,1.5,1.5,1.5,0.0,Digital Wallet,In-store
TXN_6220542,2023-03-24,2023,3,24,Juice,3.0,3.0,9.0,9.0,0.0,Não informado,Takeaway
TXN_3299535,2023-11-16,2023,11,16,Coffee,3.0,2.0,6.0,6.0,0.0,Não informado,Takeaway
TXN_1217959,2023-07-28,2023,7,28,Juice,2.0,3.0,6.0,6.0,0.0,Digital Wallet,Takeaway
TXN_4390633,2023-10-17,2023,10,17,Tea,2.0,1.5,3.0,3.0,0.0,Não informado,Não informado
TXN_5052998,2023-10-07,2023,10,7,Juice,3.0,3.0,9.0,9.0,0.0,Credit Card,Não informado
TXN_5171332,2023-02-05,2023,2,5,Tea,5.0,1.5,7.5,7.5,0.0,Cash,Takeaway
TXN_4798484,2023-08-09,2023,8,9,Juice,3.0,3.0,9.0,9.0,0.0,Não informado,In-store
TXN_7905741,2023-02-08,2023,2,8,Cookie,5.0,1.0,5.0,5.0,0.0,Credit Card,Não informado
TXN_6369875,2023-10-04,2023,10,4,Tea,5.0,1.5,7.5,7.5,0.0,Cash,Não informado
TXN_9069297,2023-01-27,2023,1,27,Cookie,4.0,1.0,4.0,4.0,0.0,Credit Card,In-store
TXN_5017038,2023-05-25,2023,5,25,Sandwich,3.0,4.0,12.0,12.0,0.0,Não informado,Não informado
TXN_6748453,2023-05-08,2023,5,8,Sandwich,5.0,4.0,20.0,20.0,0.0,Não informado,In-store
TXN_1678985,2023-07-16,2023,7,16,Juice,2.0,3.0,6.0,6.0,0.0,Cash,In-store
TXN_6697669,2023-01-03,2023,1,3,Cake,5.0,3.0,15.0,15.0,0.0,Cash,Não informado
TXN_3131555,2023-12-04,2023,12,4,Sandwich,2.0,4.0,8.0,8.0,0.0,Cash,Takeaway
TXN_7785297,2023-12-06,2023,12,6,Cookie,3.0,1.0,3.0,3.0,0.0,Cash,Não informado
TXN_9432588,2023-07-26,2023,7,26,Coffee,5.0,2.0,10.0,10.0,0.0,Não informado,Não informado
TXN_3313000,2023-01-08,2023,1,8,Coffee,5.0,2.0,10.0,10.0,0.0,Credit Card,In-store
TXN_3120023,2023-09-30,2023,9,30,Cookie,3.0,1.0,3.0,3.0,0.0,Cash,In-store
TXN_7483257,2023-06-05,2023,6,5,Sandwich,2.0,4.0,8.0,8.0,0.0,Digital Wallet,Takeaway
TXN_3430842,2023-08-02,2023,8,2,Cookie,2.0,1.0,2.0,2.0,0.0,Cash,Takeaway
TXN_8822610,2023-08-05,2023,8,5,Cake,4.0,3.0,12.0,12.0,0.0,Não informado,Takeaway
TXN_8005089,2023-06-10,2023,6,10,Salad,4.0,5.0,20.0,20.0,0.0,Não informado,Não informado
TXN_7009420,2023-07-07,2023,7,7,Sandwich,5.0,4.0,20.0,20.0,0.0,Não informado,Takeaway
TXN_5118667,2023-12-12,2023,12,12,Coffee,4.0,2.0,8.0,8.0,0.0,Cash,In-store
TXN_6533180,2023-05-03,2023,5,3,Coffee,5.0,2.0,10.0,10.0,0.0,Não informado,Takeaway
TXN_6989438,2023-12-17,2023,12,17,Sandwich,4.0,4.0,16.0,16.0,0.0,Cash,Takeaway
TXN_7003185,2023-06-03,2023,6,3,Tea,2.0,1.5,3.0,3.0,0.0,Não informado,Não informado
TXN_1139495,2023-02-19,2023,2,19,Salad,3.0,5.0,15.0,15.0,0.0,Digital Wallet,Não informado
TXN_1256536,2023-12-16,2023,12,16,Salad,1.0,5.0,5.0,5.0,0.0,Não informado,Takeaway
TXN_6437055,2023-10-22,2023,10,22,Cake,1.0,3.0,3.0,3.0,0.0,Não informado,Não informado
TXN_4223466,2023-05-31,2023,5,31,Juice,4.0,3.0,12.0,12.0,0.0,Digital Wallet,Takeaway
TXN_6684202,2023-07-31,2023,7,31,Sandwich,1.0,4.0,4.0,4.0,0.0,Não informado,Não informado
TXN_5032114,2023-05-31,2023,5,31,Sandwich,2.0,4.0,8.0,8.0,0.0,Não informado,Não informado
TXN_3411281,2023-09-29,2023,9,29,Cake,2.0,3.0,6.0,6.0,0.0,Não informado,Não informado
TXN_6608817,2023-07-17,2023,7,17,Sandwich,5.0,4.0,20.0,20.0,0.0,Credit Card,Takeaway
TXN_4258943,2023-01-02,2023,1,2,Sandwich,2.0,4.0,,8.0,,Credit Card,In-store
TXN_9774691,2023-04-11,2023,4,11,Cake,3.0,3.0,9.0,9.0,0.0,Credit Card,Takeaway
TXN_1522430,2023-12-06,2023,12,6,Smoothie,3.0,4.0,12.0,12.0,0.0,Credit Card,Não informado
TXN_7666909,2023-08-29,2023,8,29,Juice,4.0,3.0,12.0,12.0,0.0,Credit Card,Takeaway
TXN_9365558,2023-02-12,2023,2,12,Salad,4.0,5.0,20.0,20.0,0.0,Credit Card,Takeaway
TXN_6837601,2023-02-05,2023,2,5,Salad,1.0,5.0,5.0,5.0,0.0,Digital Wallet,Takeaway
TXN_1713983,2023-05-11,2023,5,11,Salad,2.0,5.0,10.0,10.0,0.0,Cash,In-store
TXN_4674417,2023-07-03,2023,7,3,Cookie,5.0,1.0,,5.0,,Digital Wallet,Takeaway
TXN_4641838,2023-04-30,2023,4,30,Cookie,5.0,1.0,5.0,5.0,0.0,Credit Card,Não informado
TXN_9315119,2023-06-16,2023,6,16,Salad,2.0,5.0,10.0,10.0,0.0,Não informado,Takeaway
TXN_2552405,2023-06-22,2023,6,22,Juice,5.0,3.0,15.0,15.0,0.0,Credit Card,Não informado
TXN_3465980,2023-07-08,2023,7,8,Cookie,4.0,1.0,4.0,4.0,0.0,Cash,Takeaway
TXN_4220189,2023-08-16,2023,8,16,Tea,1.0,1.5,1.5,1.5,0.0,Não informado,Takeaway
TXN_7343905,2023-01-17,2023,1,17,Cake,1.0,3.0,3.0,3.0,0.0,Digital Wallet,In-store
TXN_9813938,2023-06-30,2023,6,30,Sandwich,5.0,4.0,20.0,20.0,0.0,Cash,Não informado
TXN_6129460,2023-11-19,2023,11,19,Juice,5.0,3.0,15.0,15.0,0.0,Cash,Não informado
TXN_9470590,2023-04-11,2023,4,11,Salad,1.0,5.0,5.0,5.0,0.0,Credit Card,Takeaway
TXN_7212607,2023-08-06,2023,8,6,Coffee,3.0,2.0,6.0,6.0,0.0,Digital Wallet,In-store
TXN_8384628,2023-08-22,2023,8,22,Salad,3.0,5.0,15.0,15.0,0.0,Credit Card,Takeaway
TXN_4200340,2023-07-06,2023,7,6,Cake,5.0,3.0,15.0,15.0,0.0,Cash,Takeaway
TXN_4778105,2023-10-08,2023,10,8,Juice,4.0,3.0,12.0,12.0,0.0,Digital Wallet,In-store
TXN_7804488,2023-11-28,2023,11,28,Cookie,2.0,1.0,2.0,2.0,0.0,Digital Wallet,Não informado
TXN_4674667,2023-05-24,2023,5,24,Coffee,2.0,2.0,4.0,4.0,0.0,Não informado,Takeaway
TXN_4278785,2023-04-29,2023,4,29,Salad,3.0,5.0,15.0,15.0,0.0,Cash,In-store
TXN_4462052,2023-10-12,2023,10,12,Cookie,1.0,1.0,1.0,1.0,0.0,Cash,In-store
TXN_3379368,2023-05-26,2023,5,26,Cake,5.0,3.0,15.0,15.0,0.0,Credit Card,Não informado
TXN_7651864,2023-04-29,2023,4,29,Smoothie,4.0,4.0,16.0,16.0,0.0,Digital Wallet,Não informado
TXN_7089173,2023-01-14,2023,1,14,Juice,1.0,3.0,3.0,3.0,0.0,Digital Wallet,Não informado
TXN_1906642,2023-06-06,2023,6,6,Cookie,4.0,1.0,4.0,4.0,0.0,Não informado,Takeaway
TXN_5234368,2023-06-10,2023,6,10,Coffee,3.0,2.0,6.0,6.0,0.0,Digital Wallet,Não informado
TXN_5544904,2023-04-19,2023,4,19,Salad,5.0,5.0,25.0,25.0,0.0,Não informado,Não informado
TXN_3376958,2023-10-31,2023,10,31,Salad,4.0,5.0,20.0,20.0,0.0,Não informado,In-store
TXN_5446085,2023-09-16,2023,9,16,Coffee,3.0,2.0,6.0,6.0,0.0,Digital Wallet,Não informado
TXN_9676940,2023-08-16,2023,8,16,Juice,2.0,3.0,6.0,6.0,0.0,Credit Card,Takeaway
TXN_2371941,2023-01-26,2023,1,26,Juice,2.0,3.0,6.0,6.0,0.0,Cash,Não informado
TXN_5708913,2023-04-29,2023,4,29,Cake,2.0,3.0,6.0,6.0,0.0,Cash,In-store
TXN_7451083,2023-06-24,2023,6,24,Coffee,1.0,2.0,2.0,2.0,0.0,Digital Wallet,Não informado
TXN_5132082,2023-10-08,2023,10,8,Salad,5.0,5.0,25.0,25.0,0.0,Não informado,Não informado
TXN_7323040,2023-11-09,2023,11,9,Cookie,3.0,1.0,3.0,3.0,0.0,Não informado,Takeaway
TXN_9176418,2023-03-02,2023,3,2,Smoothie,1.0,4.0,4.0,4.0,0.0,Digital Wallet,Takeaway
TXN_7612618,2023-04-12,2023,4,12,Smoothie,4.0,4.0,16.0,16.0,0.0,Credit Card,Não informado
TXN_7321789,2023-05-10,2023,5,10,Juice,3.0,3.0,9.0,9.0,0.0,Digital Wallet,Takeaway
TXN_3679126,2023-07-15,2023,7,15,Cookie,1.0,1.0,1.0,1.0,0.0,Cash,Não informado
TXN_2008137,2023-10-07,2023,10,7,Coffee,4.0,2.0,8.0,8.0,0.0,Não informado,Não informado
TXN_2622670,2023-01-28,2023,1,28,Cake,5.0,3.0,15.0,15.0,0.0,Digital Wallet,Não informado
TXN_2152670,2023-12-24,2023,12,24,Tea,3.0,1.5,4.5,4.5,0.0,Credit Card,In-store
TXN_3482117,2023-07-18,2023,7,18,Sandwich,2.0,4.0,8.0,8.0,0.0,Não informado,Não informado
TXN_4943715,2023-10-06,2023,10,6,Coffee,5.0,2.0,10.0,10.0,0.0,Digital Wallet,Não informado
TXN_2544176,2023-12-19,2023,12,19,Tea,3.0,1.5,4.5,4.5,0.0,Não informado,Takeaway
TXN_1379209,2023-02-06,2023,2,6,Tea,5.0,1.5,7.5,7.5,0.0,Não informado,In-store
TXN_8696065,2023-11-04,2023,11,4,Smoothie,3.0,4.0,12.0,12.0,0.0,Credit Card,In-store
TXN_4746320,2023-04-02,2023,4,2,Cookie,2.0,1.0,2.0,2.0,0.0,Não informado,Takeaway
TXN_1250407,2023-11-21,2023,11,21,Cookie,1.0,1.0,1.0,1.0,0.0,Credit Card,Takeaway
TXN_1617476,2023-02-10,2023,2,10,Cake,2.0,3.0,6.0,6.0,0.0,Digital Wallet,In-store
TXN_4196578,2023-06-26,2023,6,26,Tea,2.0,1.5,3.0,3.0,0.0,Credit Card,Não informado
TXN_9725461,2023-11-25,2023,11,25,Smoothie,3.0,4.0,12.0,12.0,0.0,Credit Card,In-store
TXN_2975443,2023-12-31,2023,12,31,Salad,5.0,5.0,25.0,25.0,0.0,Não informado,Takeaway
TXN_1000555,2023-10-19,2023,10,19,Tea,1.0,1.5,1.5,1.5,0.0,Credit Card,In-store
TXN_1622411,2023-07-23,2023,7,23,Salad,2.0,5.0,10.0,10.0,0.0,Não informado,Takeaway
TXN_4801617,2023-04-02,2023,4,2,Juice,5.0,3.0,15.0,15.0,0.0,Não informado,Não informado
TXN_1365285,2023-06-11,2023,6,11,Juice,5.0,3.0,15.0,15.0,0.0,Credit Card,Não informado
TXN_9315755,2023-09-26,2023,9,26,Cake,5.0,3.0,15.0,15.0,0.0,Cash,Takeaway
TXN_6853678,2023-07-23,2023,7,23,Cookie,4.0,1.0,4.0,4.0,0.0,Digital Wallet,Não informado
TXN_6530886,2023-10-21,2023,10,21,Coffee,1.0,2.0,,2.0,,Credit Card,Não informado
TXN_3530720,2023-10-18,2023,10,18,Smoothie,5.0,4.0,20.0,20.0,0.0,Digital Wallet,In-store
TXN_1410102,2023-06-23,2023,6,23,Salad,1.0,5.0,5.0,5.0,0.0,Cash,In-store
TXN_6977098,2023-06-09,2023,6,9,Juice,5.0,3.0,15.0,15.0,0.0,Credit Card,In-store
TXN_7735237,2023-01-13,2023,1,13,Cake,2.0,3.0,6.0,6.0,0.0,Digital Wallet,In-store
TXN_7510766,2023-07-24,2023,7,24,Coffee,3.0,2.0,6.0,6.0,0.0,Não informado,In-store
TXN_3352256,2023-09-08,2023,9,8,Sandwich,2.0,4.0,8.0,8.0,0.0,Não informado,Takeaway
TXN_8494538,2023-11-08,2023,11,8,Cake,4.0,3.0,12.0,12.0,0.0,Não informado,Não informado
TXN_5282529,2023-04-13,2023,4,13,Tea,5.0,1.5,7.5,7.5,0.0,Credit Card,Takeaway
TXN_9495930,2023-10-23,2023,10,23,Coffee,2.0,2.0,4.0,4.0,0.0,Digital Wallet,Takeaway
TXN_3514492,2023-02-23,2023,2,23,Juice,3.0,3.0,9.0,9.0,0.0,Digital Wallet,In-store
TXN_4227337,2023-12-15,2023,12,15,Tea,4.0,1.5,6.0,6.0,0.0,Digital Wallet,Takeaway
TXN_5790213,2023-08-30,2023,8,30,Juice,3.0,3.0,9.0,9.0,0.0,Cash,Não informado
TXN_3546261,2023-03-20,2023,3,20,Tea,3.0,1.5,4.5,4.5,0.0,Não informado,Takeaway
TXN_3334257,2023-06-10,2023,6,10,Sandwich,2.0,4.0,8.0,8.0,0.0,Cash,Não informado
TXN_5665767,2023-08-22,2023,8,22,Tea,4.0,1.5,6.0,6.0,0.0,Não informado,Não informado
TXN_4527464,2023-08-09,2023,8,9,Tea,4.0,1.5,6.0,6.0,0.0,Não informado,In-store
TXN_1011236,2023-02-08,2023,2,8,Cake,1.0,3.0,3.0,3.0,0.0,Cash,In-store
TXN_8293691,2023-06-30,2023,6,30,Coffee,4.0,2.0,8.0,8.0,0.0,Não informado,Não informado
TXN_7463011,2023-01-22,2023,1,22,Sandwich,2.0,4.0,8.0,8.0,0.0,Não informado,In-store
TXN_6872268,2023-01-07,2023,1,7,Juice,2.0,3.0,6.0,6.0,0.0,Digital Wallet,In-store
TXN_3999554,2023-09-13,2023,9,13,Coffee,1.0,2.0,,2.0,,Credit Card,Takeaway
TXN_9942247,2023-10-15,2023,10,15,Coffee,2.0,2.0,,4.0,,Cash,Takeaway
TXN_6113452,2023-09-21,2023,9,21,Sandwich,2.0,4.0,8.0,8.0,0.0,Cash,Takeaway
TXN_1752617,2023-09-05,2023,9,5,Tea,5.0,1.5,7.5,7.5,0.0,Não informado,Takeaway
TXN_1949789,2023-11-07,2023,11,7,Salad,2.0,5.0,10.0,10.0,0.0,Não informado,Takeaway
TXN_7386089,2023-07-15,2023,7,15,Sandwich,2.0,4.0,8.0,8.0,0.0,Não informado,In-store
TXN_2731270,2023-05-31,2023,5,31,Cake,1.0,3.0,3.0,3.0,0.0,Não informado,Takeaway
TXN_2548248,2023-06-28,2023,6,28,Cake,4.0,3.0,12.0,12.0,0.0,Não informado,Takeaway
TXN_3026930,2023-03-23,2023,3,23,Cake,2.0,3.0,6.0,6.0,0.0,Cash,In-store
TXN_2824366,2023-07-02,2023,7,2,Sandwich,4.0,4.0,16.0,16.0,0.0,Não informado,In-store
TXN_2801651,2023-07-10,2023,7,10,Juice,4.0,3.0,12.0,12.0,0.0,Digital Wallet,Takeaway
TXN_5005592,2023-06-05,2023,6,5,Coffee,1.0,2.0,2.0,2.0,0.0,Credit Card,In-store
TXN_8284313,2023-11-20,2023,11,20,Salad,5.0,5.0,25.0,25.0,0.0,Não informado,Não informado
TXN_8058026,2023-05-19,2023,5,19,Tea,1.0,1.5,1.5,1.5,0.0,Não informado,Takeaway
TXN_2182790,2023-05-05,2023,5,5,Tea,5.0,1.5,7.5,7.5,0.0,Credit Card,Takeaway
TXN_2145530,2023-10-08,2023,10,8,Sandwich,3.0,4.0,12.0,12.0,0.0,Digital Wallet,Não informado
TXN_4159861,2023-03-20,2023,3,20,Juice,1.0,3.0,3.0,3.0,0.0,Digital Wallet,Não informado
TXN_4600614,2023-01-27,2023,1,27,Sandwich,3.0,4.0,12.0,12.0,0.0,Digital Wallet,Takeaway
TXN_1853298,2023-01-02,2023,1,2,Cookie,5.0,1.0,5.0,5.0,0.0,Credit Card,Não informado
TXN_6600858,2023-03-27,2023,3,27,Sandwich,3.0,4.0,12.0,12.0,0.0,Cash,Não informado
TXN_3968170,2023-08-05,2023,8,5,Salad,1.0,5.0,5.0,5.0,0.0,Não informado,In-store
TXN_4628310,2023-04-20,2023,4,20,Juice,4.0,3.0,12.0,12.0,0.0,Credit Card,Takeaway
TXN_6110009,2023-12-26,2023,12,26,Juice,5.0,3.0,15.0,15.0,0.0,Não informado,Takeaway
TXN_3544792,2023-06-27,2023,6,27,Sandwich,1.0,4.0,4.0,4.0,0.0,Digital Wallet,Não informado
TXN_2353057,2023-08-04,2023,8,4,Cake,3.0,3.0,9.0,9.0,0.0,Não informado,Takeaway
TXN_6013295,2023-11-07,2023,11,7,Juice,2.0,3.0,6.0,6.0,0.0,Cash,Takeaway
TXN_3200195,2023-05-04,2023,5,4,Juice,3.0,3.0,9.0,9.0,0.0,Digital Wallet,In-store
TXN_4860027,2023-07-28,2023,7,28,Cookie,5.0,1.0,5.0,5.0,0.0,Digital Wallet,Takeaway
TXN_4708410,2023-10-08,2023,10,8,Cake,4.0,3.0,12.0,12.0,0.0,Digital Wallet,In-store
TXN_4847617,2023-08-04,2023,8,4,Sandwich,4.0,4.0,,16.0,,Credit Card,Não informado
TXN_1898329,2023-04-12,2023,4,12,Cake,5.0,3.0,15.0,15.0,0.0,Cash,In-store
TXN_2508266,2023-01-28,2023,1,28,Cookie,1.0,1.0,1.0,1.0,0.0,Não informado,Não informado
TXN_1945918,2023-09-12,2023,9,12,Juice,2.0,3.0,6.0,6.0,0.0,Não informado,Não informado
TXN_8147057,2023-08-21,2023,8,21,Juice,1.0,3.0,3.0,3.0,0.0,Digital Wallet,In-store
TXN_4935258,2023-09-14,2023,9,14,Cake,2.0,3.0,6.0,6.0,0.0,Credit Card,Não informado
TXN_5588239,2023-03-31,2023,3,31,Cookie,1.0,1.0,1.0,1.0,0.0,Digital Wallet,Takeaway
TXN_6575599,2023-10-09,2023,10,9,Coffee,5.0,2.0,10.0,10.0,0.0,Digital Wallet,Takeaway
TXN_9382156,2023-06-02,2023,6,2,Tea,5.0,1.5,7.5,7.5,0.0,Não informado,Takeaway
TXN_1229376,2023-08-14,2023,8,14,Cake,3.0,3.0,9.0,9.0,0.0,Digital Wallet,In-store
TXN_1732216,2023-08-30,2023,8,30,Coffee,3.0,2.0,6.0,6.0,0.0,Digital Wallet,Takeaway
TXN_1756717,2023-01-22,2023,1,22,Smoothie,3.0,4.0,12.0,12.0,0.0,Credit Card,Não informado
TXN_8188857,2023-12-21,2023,12,21,Cake,1.0,3.0,3.0,3.0,0.0,Não informado,Não informado
TXN_9783697,2023-07-14,2023,7,14,Sandwich,1.0,4.0,4.0,4.0,0.0,Digital Wallet,Takeaway
TXN_6991253,2023-12-13,2023,12,13,Juice,3.0,3.0,9.0,9.0,0.0,Não informado,In-store
TXN_3224756,2023-11-20,2023,11,20,Cake,2.0,3.0,6.0,6.0,0.0,Credit Card,Takeaway
TXN_9421618,2023-02-21,2023,2,21,Cake,3.0,3.0,9.0,9.0,0.0,Cash,Não informado
TXN_9054741,2023-06-24,2023,6,24,Juice,1.0,3.0,3.0,3.0,0.0,Credit Card,Takeaway
TXN_9063299,2023-06-15,2023,6,15,Cake,4.0,3.0,12.0,12.0,0.0,Digital Wallet,In-store
TXN_4318159,2023-03-30,2023,3,30,Coffee,4.0,2.0,8.0,8.0,0.0,Digital Wallet,Não informado
TXN_8127390,2023-01-19,2023,1,19,Tea,3.0,1.5,4.5,4.5,0.0,Não informado,In-store
TXN_9682798,2023-09-15,2023,9,15,Cake,3.0,3.0,,9.0,,Cash,In-store
TXN_9716971,2023-06-21,2023,6,21,Salad,4.0,5.0,20.0,20.0,0.0,Digital Wallet,Não informado
TXN_7827797,2023-06-30,2023,6,30,Salad,3.0,5.0,,15.0,,Não informado,Takeaway
TXN_4343391,2023-06-01,2023,6,1,Cookie,5.0,1.0,5.0,5.0,0.0,Cash,Takeaway
TXN_6877186,2023-12-05,2023,12,5,Cookie,2.0,1.0,2.0,2.0,0.0,Credit Card,In-store
TXN_6559173,2023-08-09,2023,8,9,Smoothie,5.0,4.0,20.0,20.0,0.0,Não informado,Não informado
TXN_9818498,2023-09-01,2023,9,1,Smoothie,3.0,4.0,12.0,12.0,0.0,Credit Card,Takeaway
TXN_2520102,2023-03-08,2023,3,8,Coffee,1.0,2.0,2.0,2.0,0.0,Digital Wallet,Não informado
TXN_9155044,2023-02-28,2023,2,28,Sandwich,3.0,4.0,12.0,12.0,0.0,Credit Card,In-store
TXN_5625110,2023-11-07,2023,11,7,Salad,3.0,5.0,15.0,15.0,0.0,Digital Wallet,Takeaway
TXN_8706498,2023-05-08,2023,5,8,Smoothie,5.0,4.0,20.0,20.0,0.0,Não informado,Não informado
TXN_1188596,2023-10-24,2023,10,24,Juice,1.0,3.0,3.0,3.0,0.0,Cash,Não informado
TXN_8085790,2023-10-27,2023,10,27,Cookie,4.0,1.0,4.0,4.0,0.0,Cash,Takeaway
TXN_3423451,2023-10-11,2023,10,11,Salad,4.0,5.0,20.0,20.0,0.0,Cash,Não informado
TXN_8010863,2023-06-30,2023,6,30,Coffee,2.0,2.0,4.0,4.0,0.0,Não informado,Não informado
TXN_6154626,2023-05-06,2023,5,6,Smoothie,5.0,4.0,20.0,20.0,0.0,Não informado,Takeaway
TXN_2886223,2023-07-24,2023,7,24,Sandwich,5.0,4.0,20.0,20.0,0.0,Credit Card,Não informado
TXN_6047742,2023-12-11,2023,12,11,Smoothie,5.0,4.0,20.0,20.0,0.0,Digital Wallet,In-store
TXN_5086795,2023-04-29,2023,4,29,Salad,1.0,5.0,5.0,5.0,0.0,Cash,In-store
TXN_1943186,2023-12-16,2023,12,16,Salad,2.0,5.0,10.0,10.0,0.0,Cash,In-store
TXN_9600016,2023-05-06,2023,5,6,Cookie,4.0,1.0,4.0,4.0,0.0,Não informado,Takeaway
TXN_4305997,2023-11-22,2023,11,22,Tea,3.0,1.5,4.5,4.5,0.0,Não informado,In-store
TXN_4364374,2023-04-20,2023,4,20,Sandwich,2.0,4.0,,8.0,,Cash,Não informado
TXN_9703331,2023-09-09,2023,9,9,Cake,2.0,3.0,6.0,6.0,0.0,Cash,Não informado
TXN_3851247,2023-11-23,2023,11,23,Cake,1.0,3.0,3.0,3.0,0.0,Credit Card,In-store
TXN_6666679,2023-08-25,2023,8,25,Juice,2.0,3.0,6.0,6.0,0.0,Digital Wallet,Não informado
TXN_5683213,2023-10-30,2023,10,30,Smoothie,2.0,4.0,8.0,8.0,0.0,Credit Card,In-store
TXN_6228999,2023-02-07,2023,2,7,Cookie,5.0,1.0,5.0,5.0,0.0,Não informado,Não informado
TXN_4226287,2023-04-29,2023,4,29,Cookie,1.0,1.0,1.0,1.0,0.0,Não informado,Não informado
TXN_2570829,2023-03-31,2023,3,31,Juice,1.0,3.0,3.0,3.0,0.0,Cash,Takeaway
TXN_7433531,2023-08-16,2023,8,16,Sandwich,2.0,4.0,8.0,8.0,0.0,Não informado,Takeaway
TXN_5190685,2023-11-12,2023,11,12,Cookie,4.0,1.0,4.0,4.0,0.0,Cash,Takeaway
TXN_4526296,2023-11-23,2023,11,23,Smoothie,5.0,4.0,20.0,20.0,0.0,Não informado,Takeaway
TXN_6513435,2023-08-16,2023,8,16,Juice,3.0,3.0,9.0,9.0,0.0,Não informado,Takeaway
TXN_8337899,2023-11-10,2023,11,10,Cookie,1.0,1.0,1.0,1.0,0.0,Digital Wallet,Não informado
TXN_2245787,2023-10-29,2023,10,29,Salad,4.0,5.0,20.0,20.0,0.0,Não informado,Takeaway
TXN_9203396,2023-01-08,2023,1,8,Coffee,5.0,2.0,10.0,10.0,0.0,Digital Wallet,In-store
TXN_9352671,2023-02-10,2023,2,10,Sandwich,2.0,4.0,,8.0,,Cash,Takeaway
TXN_6391414,2023-05-08,2023,5,8,Smoothie,4.0,4.0,16.0,16.0,0.0,Cash,In-store
TXN_2613440,2023-04-15,2023,4,15,Juice,3.0,3.0,9.0,9.0,0.0,Credit Card,In-store
TXN_5632564,2023-11-04,2023,11,4,Cookie,1.0,1.0,1.0,1.0,0.0,Credit Card,Não informado
TXN_4704439,2023-06-14,2023,6,14,Coffee,3.0,2.0,6.0,6.0,0.0,Cash,Não informado
TXN_2666340,2023-09-29,2023,9,29,Cake,2.0,3.0,6.0,6.0,0.0,Cash,Takeaway
TXN_8004162,2023-11-04,2023,11,4,Salad,5.0,5.0,25.0,25.0,0.0,Não informado,Não informado
TXN_6539480,2023-08-25,2023,8,25,Cake,5.0,3.0,15.0,15.0,0.0,Cash,Takeaway
TXN_7399898,2023-02-19,2023,2,19,Juice,3.0,3.0,9.0,9.0,0.0,Não informado,Não informado
TXN_5180728,2023-09-01,2023,9,1,Tea,2.0,1.5,3.0,3.0,0.0,Não informado,In-store
TXN_1442791,2023-03-23,2023,3,23,Tea,1.0,1.5,1.5,1.5,0.0,Não informado,Não informado
TXN_7169607,2023-04-10,2023,4,10,Cake,2.0,3.0,6.0,6.0,0.0,Credit Card,Não informado
TXN_8157817,2023-08-30,2023,8,30,Tea,2.0,1.5,3.0,3.0,0.0,Credit Card,Takeaway
TXN_9105544,2023-07-08,2023,7,8,Tea,3.0,1.5,4.5,4.5,0.0,Não informado,In-store
TXN_7620529,2023-08-08,2023,8,8,Sandwich,2.0,4.0,8.0,8.0,0.0,Cash,In-store
TXN_1491670,2023-06-28,2023,6,28,Juice,5.0,3.0,15.0,15.0,0.0,Credit Card,Takeaway
TXN_8041777,2023-11-23,2023,11,23,Cake,1.0,3.0,3.0,3.0,0.0,Cash,Não informado
TXN_2366464,2023-06-05,2023,6,5,Juice,1.0,3.0,3.0,3.0,0.0,Cash,Takeaway
TXN_7994275,2023-09-18,2023,9,18,Smoothie,3.0,4.0,12.0,12.0,0.0,Credit Card,In-store
TXN_6034920,2023-09-09,2023,9,9,Cookie,1.0,1.0,1.0,1.0,0.0,Credit Card,In-store
TXN_4673812,2023-05-01,2023,5,1,Cookie,2.0,1.0,2.0,2.0,0.0,Digital Wallet,Takeaway
TXN_4503560,2023-02-21,2023,2,21,Cake,5.0,3.0,15.0,15.0,0.0,Digital Wallet,Não informado
TXN_6543620,2023-04-08,2023,4,8,Cookie,2.0,1.0,2.0,2.0,0.0,Cash,Takeaway
TXN_5071222,2023-10-25,2023,10,25,Cookie,5.0,1.0,5.0,5.0,0.0,Digital Wallet,Não informado
TXN_1605048,2023-03-16,2023,3,16,Cake,4.0,3.0,12.0,12.0,0.0,Cash,Takeaway
TXN_2401829,2023-02-07,2023,2,7,Smoothie,5.0,4.0,20.0,20.0,0.0,Digital Wallet,Takeaway
TXN_8359674,2023-10-16,2023,10,16,Salad,3.0,5.0,15.0,15.0,0.0,Não informado,Takeaway
TXN_5438111,2023-01-06,2023,1,6,Smoothie,3.0,4.0,12.0,12.0,0.0,Cash,In-store
TXN_5793057,2023-02-25,2023,2,25,Sandwich,3.0,4.0,12.0,12.0,0.0,Credit Card,In-store
TXN_1778597,2023-09-28,2023,9,28,Cookie,3.0,1.0,,3.0,,Cash,Não informado
TXN_1660757,2023-11-08,2023,11,8,Cake,4.0,3.0,12.0,12.0,0.0,Digital Wallet,Takeaway
TXN_7540909,2023-02-20,2023,2,20,Tea,2.0,1.5,3.0,3.0,0.0,Digital Wallet,Não informado
TXN_1469462,2023-09-05,2023,9,5,Cake,1.0,3.0,3.0,3.0,0.0,Credit Card,Takeaway
TXN_4745094,2023-12-05,2023,12,5,Tea,5.0,1.5,7.5,7.5,0.0,Credit Card,Não informado
TXN_3711712,2023-08-20,2023,8,20,Salad,5.0,5.0,25.0,25.0,0.0,Digital Wallet,In-store
TXN_7909509,2023-10-10,2023,10,10,Smoothie,3.0,4.0,12.0,12.0,0.0,Não informado,Takeaway
TXN_1268480,2023-04-18,2023,4,18,Salad,5.0,5.0,25.0,25.0,0.0,Cash,In-store
TXN_6579974,2023-05-10,2023,5,10,Sandwich,5.0,4.0,20.0,20.0,0.0,Digital Wallet,Não informado
TXN_6957331,2023-01-23,2023,1,23,Juice,3.0,3.0,,9.0,,Digital Wallet,Não informado
TXN_4869107,2023-01-30,2023,1,30,Smoothie,3.0,4.0,12.0,12.0,0.0,Digital Wallet,In-store
TXN_2027203,2023-07-15,2023,7,15,Coffee,3.0,2.0,6.0,6.0,0.0,Credit Card,Não informado
TXN_6149748,2023-07-06,2023,7,6,Salad,3.0,5.0,15.0,15.0,0.0,Credit Card,Não informado
TXN_3088330,2023-12-08,2023,12,8,Tea,5.0,1.5,7.5,7.5,0.0,Digital Wallet,In-store
TXN_5001766,2023-05-24,2023,5,24,Smoothie,1.0,4.0,,4.0,,Digital Wallet,Não informado
TXN_5634960,2023-09-06,2023,9,6,Tea,2.0,1.5,3.0,3.0,0.0,Não informado,Takeaway
TXN_6280724,2023-05-02,2023,5,2,Coffee,3.0,2.0,6.0,6.0,0.0,Credit Card,Não informado
TXN_7650834,2023-10-29,2023,10,29,Salad,2.0,5.0,10.0,10.0,0.0,Cash,Takeaway
TXN_4107857,2023-01-29,2023,1,29,Tea,1.0,1.5,1.5,1.5,0.0,Credit Card,Takeaway
TXN_4635037,2023-05-17,2023,5,17,Juice,1.0,3.0,3.0,3.0,0.0,Digital Wallet,In-store
TXN_9103776,2023-05-03,2023,5,3,Tea,4.0,1.5,6.0,6.0,0.0,Credit Card,In-store
TXN_7538221,2023-03-31,2023,3,31,Cake,5.0,3.0,15.0,15.0,0.0,Credit Card,Takeaway
TXN_8807333,2023-03-18,2023,3,18,Sandwich,5.0,4.0,20.0,20.0,0.0,Digital Wallet,In-store
TXN_8006056,2023-12-19,2023,12,19,Juice,4.0,3.0,12.0,12.0,0.0,Credit Card,Takeaway
TXN_2216532,2023-12-27,2023,12,27,Tea,3.0,1.5,4.5,4.5,0.0,Cash,Não informado
TXN_6553720,2023-02-02,2023,2,2,Coffee,4.0,2.0,8.0,8.0,0.0,Não informado,In-store
TXN_5828907,2023-05-13,2023,5,13,Cookie,5.0,1.0,5.0,5.0,0.0,Digital Wallet,Não informado
TXN_6022618,2023-12-18,2023,12,18,Smoothie,1.0,4.0,4.0,4.0,0.0,Digital Wallet,In-store
TXN_1665810,2023-02-26,2023,2,26,Sandwich,5.0,4.0,20.0,20.0,0.0,Digital Wallet,In-store
TXN_1399696,2023-04-08,2023,4,8,Cake,5.0,3.0,15.0,15.0,0.0,Cash,In-store
TXN_9154381,2023-04-21,2023,4,21,Cookie,2.0,1.0,2.0,2.0,0.0,Credit Card,In-store
TXN_5333966,2023-06-11,2023,6,11,Juice,4.0,3.0,12.0,12.0,0.0,Não informado,In-store
TXN_8361813,2023-08-01,2023,8,1,Cookie,3.0,1.0,3.0,3.0,0.0,Cash,In-store
TXN_9841222,2023-04-23,2023,4,23,Sandwich,5.0,4.0,20.0,20.0,0.0,Credit Card,Não informado
TXN_4754346,2023-08-31,2023,8,31,Juice,4.0,3.0,12.0,12.0,0.0,Credit Card,In-store
TXN_5910268,2023-07-04,2023,7,4,Salad,4.0,5.0,,20.0,,Não informado,Takeaway
TXN_5227574,2023-04-10,2023,4,10,Juice,4.0,3.0,12.0,12.0,0.0,Digital Wallet,Não informado
TXN_5485774,2023-07-20,2023,7,20,Coffee,2.0,2.0,4.0,4.0,0.0,Credit Card,Não informado
TXN_2391659,2023-02-16,2023,2,16,Tea,5.0,1.5,,7.5,,Não informado,Não informado
TXN_8964493,2023-02-10,2023,2,10,Smoothie,1.0,4.0,4.0,4.0,0.0,Cash,Não informado
TXN_4939667,2023-01-23,2023,1,23,Salad,1.0,5.0,5.0,5.0,0.0,Cash,Takeaway
TXN_7126803,2023-05-24,2023,5,24,Sandwich,5.0,4.0,20.0,20.0,0.0,Digital Wallet,Takeaway
TXN_9649878,2023-12-24,2023,12,24,Cake,5.0,3.0,15.0,15.0,0.0,Cash,Não informado
TXN_5086063,2023-09-28,2023,9,28,Juice,3.0,3.0,9.0,9.0,0.0,Digital Wallet,Takeaway
TXN_5026564,2023-09-12,2023,9,12,Smoothie,3.0,4.0,12.0,12.0,0.0,Cash,Não informado
TXN_9680054,2023-03-14,2023,3,14,Cake,3.0,3.0,9.0,9.0,0.0,Não informado,In-store
TXN_7299015,2023-12-02,2023,12,2,Coffee,5.0,2.0,10.0,10.0,0.0,Não informado,Takeaway
TXN_6040824,2023-01-07,2023,1,7,Sandwich,1.0,4.0,4.0,4.0,0.0,Cash,Não informado
TXN_5889049,2023-07-14,2023,7,14,Cookie,2.0,1.0,2.0,2.0,0.0,Não informado,In-store
TXN_1177438,2023-08-21,2023,8,21,Salad,4.0,5.0,20.0,20.0,0.0,Não informado,Takeaway
TXN_6854151,2023-02-07,2023,2,7,Sandwich,3.0,4.0,12.0,12.0,0.0,Credit Card,In-store
TXN_9202272,2023-11-29,2023,11,29,Sandwich,3.0,4.0,12.0,12.0,0.0,Não informado,Não informado
TXN_8620934,2023-09-10,2023,9,10,Cookie,5.0,1.0,5.0,5.0,0.0,Não informado,In-store
TXN_8133627,2023-08-15,2023,8,15,Cake,5.0,3.0,15.0,15.0,0.0,Cash,In-store
TXN_5777224,2023-09-16,2023,9,16,Tea,3.0,1.5,4.5,4.5,0.0,Não informado,Não informado
TXN_5117140,2023-08-17,2023,8,17,Cookie,5.0,1.0,5.0,5.0,0.0,Digital Wallet,Takeaway
TXN_2513950,2023-04-03,2023,4,3,Smoothie,4.0,4.0,16.0,16.0,0.0,Não informado,In-store
TXN_7890585,2023-08-11,2023,8,11,Cake,5.0,3.0,15.0,15.0,0.0,Cash,Não informado
TXN_5177565,2023-10-24,2023,10,24,Sandwich,5.0,4.0,20.0,20.0,0.0,Não informado,Não informado
TXN_2792107,2023-07-10,2023,7,10,Cake,1.0,3.0,3.0,3.0,0.0,Não informado,Não informado
TXN_4036747,2023-05-27,2023,5,27,Smoothie,1.0,4.0,4.0,4.0,0.0,Cash,Takeaway
TXN_2955691,2023-04-04,2023,4,4,Cake,1.0,3.0,3.0,3.0,0.0,Não informado,Takeaway
TXN_9641364,2023-03-04,2023,3,4,Cookie,3.0,1.0,3.0,3.0,0.0,Não informado,In-store
TXN_9720549,2023-07-30,2023,7,30,Cookie,1.0,1.0,1.0,1.0,0.0,Credit Card,In-store
TXN_2172960,2023-07-04,2023,7,4,Smoothie,1.0,4.0,,4.0,,Digital Wallet,Não informado
TXN_5901182,2023-07-15,2023,7,15,Sandwich,5.0,4.0,20.0,20.0,0.0,Digital Wallet,In-store
TXN_1923984,2023-08-31,2023,8,31,Cake,2.0,3.0,6.0,6.0,0.0,Credit Card,Takeaway
TXN_4163149,2023-07-30,2023,7,30,Salad,1.0,5.0,,5.0,,Cash,Não informado
TXN_5996894,2023-06-12,2023,6,12,Juice,1.0,3.0,3.0,3.0,0.0,Credit Card,Não informado
TXN_2979899,2023-05-26,2023,5,26,Cake,5.0,3.0,15.0,15.0,0.0,Digital Wallet,Não informado
TXN_7762739,2023-11-05,2023,11,5,Sandwich,4.0,4.0,16.0,16.0,0.0,Não informado,In-store
TXN_6392156,2023-11-12,2023,11,12,Cookie,5.0,1.0,,5.0,,Credit Card,Takeaway
TXN_1315847,2023-06-19,2023,6,19,Cake,1.0,3.0,3.0,3.0,0.0,Digital Wallet,In-store
TXN_9367729,2023-10-10,2023,10,10,Coffee,2.0,2.0,4.0,4.0,0.0,Não informado,Takeaway
TXN_1464150,2023-02-14,2023,2,14,Coffee,5.0,2.0,10.0,10.0,0.0,Cash,Takeaway
TXN_4203560,2023-08-20,2023,8,20,Juice,1.0,3.0,3.0,3.0,0.0,Não informado,Não informado
TXN_1493452,2023-11-08,2023,11,8,Sandwich,3.0,4.0,12.0,12.0,0.0,Não informado,Não informado
TXN_4528664,2023-12-31,2023,12,31,Salad,3.0,5.0,,15.0,,Cash,In-store
TXN_1775278,2023-02-22,2023,2,22,Juice,4.0,3.0,12.0,12.0,0.0,Credit Card,Takeaway
TXN_1459078,2023-11-10,2023,11,10,Cookie,5.0,1.0,5.0,5.0,0.0,Não informado,In-store
TXN_1411473,2023-01-04,2023,1,4,Coffee,3.0,2.0,6.0,6.0,0.0,Credit Card,In-store
TXN_5132747,2023-10-28,2023,10,28,Coffee,2.0,2.0,4.0,4.0,0.0,Não informado,Não informado
TXN_7684072,2023-05-12,2023,5,12,Tea,2.0,1.5,3.0,3.0,0.0,Credit Card,Não informado
TXN_3660999,2023-02-02,2023,2,2,Cake,3.0,3.0,9.0,9.0,0.0,Digital Wallet,Não informado
TXN_3976744,2023-12-25,2023,12,25,Juice,1.0,3.0,3.0,3.0,0.0,Cash,Não informado
TXN_3397978,2023-08-01,2023,8,1,Smoothie,5.0,4.0,20.0,20.0,0.0,Digital Wallet,In-store
TXN_8568597,2023-04-03,2023,4,3,Juice,1.0,3.0,3.0,3.0,0.0,Digital Wallet,Takeaway
TXN_4152709,2023-12-03,2023,12,3,Sandwich,4.0,4.0,16.0,16.0,0.0,Não informado,Não informado
TXN_5222110,2023-01-30,2023,1,30,Coffee,2.0,2.0,4.0,4.0,0.0,Não informado,Não informado
TXN_1987716,2023-11-13,2023,11,13,Coffee,1.0,2.0,2.0,2.0,0.0,Credit Card,Não informado
TXN_3643348,2023-09-06,2023,9,6,Sandwich,4.0,4.0,16.0,16.0,0.0,Digital Wallet,In-store
TXN_6537449,2023-01-15,2023,1,15,Salad,2.0,5.0,10.0,10.0,0.0,Não informado,In-store
TXN_1244509,2023-02-21,2023,2,21,Smoothie,3.0,4.0,12.0,12.0,0.0,Credit Card,In-store
TXN_3490516,2023-04-28,2023,4,28,Coffee,5.0,2.0,10.0,10.0,0.0,Não informado,Não informado
TXN_9917989,2023-10-20,2023,10,20,Smoothie,4.0,4.0,16.0,16.0,0.0,Digital Wallet,Takeaway
TXN_4168628,2023-04-27,2023,4,27,Tea,4.0,1.5,6.0,6.0,0.0,Digital Wallet,In-store
TXN_2490026,2023-10-21,2023,10,21,Cake,5.0,3.0,15.0,15.0,0.0,Não informado,Não informado
TXN_3597656,2023-04-03,2023,4,3,Coffee,4.0,2.0,8.0,8.0,0.0,Digital Wallet,Não informado
TXN_1765281,2023-01-28,2023,1,28,Smoothie,3.0,4.0,12.0,12.0,0.0,Credit Card,In-store
TXN_4667663,2023-03-07,2023,3,7,Cake,5.0,3.0,15.0,15.0,0.0,Credit Card,Não informado
TXN_8571235,2023-03-01,2023,3,1,Cake,1.0,3.0,3.0,3.0,0.0,Cash,Takeaway
TXN_2580487,2023-01-13,2023,1,13,Cake,1.0,3.0,3.0,3.0,0.0,Não informado,Takeaway
TXN_2611683,2023-04-11,2023,4,11,Cake,3.0,3.0,9.0,9.0,0.0,Digital Wallet,In-store
TXN_4271744,2023-06-19,2023,6,19,Juice,3.0,3.0,9.0,9.0,0.0,Digital Wallet,Takeaway
TXN_2917072,2023-01-25,2023,1,25,Tea,3.0,1.5,4.5,4.5,0.0,Não informado,Takeaway
TXN_5153086,2023-06-27,2023,6,27,Tea,3.0,1.5,4.5,4.5,0.0,Cash,In-store
TXN_6004967,2023-01-13,2023,1,13,Salad,4.0,5.0,,20.0,,Credit Card,Não informado
TXN_3435509,2023-08-19,2023,8,19,Sandwich,1.0,4.0,4.0,4.0,0.0,Cash,Takeaway
TXN_2488232,2023-10-05,2023,10,5,Tea,2.0,1.5,3.0,3.0,0.0,Não informado,Não informado
TXN_8771574,2023-05-03,2023,5,3,Coffee,3.0,2.0,6.0,6.0,0.0,Digital Wallet,Takeaway
TXN_1181626,2023-02-06,2023,2,6,Cookie,4.0,1.0,4.0,4.0,0.0,Não informado,Takeaway
TXN_6177161,2023-04-01,2023,4,1,Tea,5.0,1.5,7.5,7.5,0.0,Credit Card,In-store
TXN_2500345,2023-04-16,2023,4,16,Salad,5.0,5.0,25.0,25.0,0.0,Não informado,In-store
TXN_4476151,2023-02-15,2023,2,15,Juice,4.0,3.0,12.0,12.0,0.0,Credit Card,In-store
TXN_6557174,2023-08-20,2023,8,20,Salad,4.0,5.0,20.0,20.0,0.0,Credit Card,In-store
TXN_5089516,2023-11-04,2023,11,4,Smoothie,2.0,4.0,8.0,8.0,0.0,Credit Card,In-store
TXN_5915706,2023-08-18,2023,8,18,Tea,1.0,1.5,1.5,1.5,0.0,Cash,In-store
TXN_9341159,2023-09-29,2023,9,29,Cake,5.0,3.0,15.0,15.0,0.0,Não informado,Não informado
TXN_1870303,2023-05-05,2023,5,5,Coffee,4.0,2.0,8.0,8.0,0.0,Digital Wallet,In-store
TXN_5680238,2023-12-17,2023,12,17,Juice,5.0,3.0,15.0,15.0,0.0,Não informado,Não informado
TXN_7766134,2023-01-05,2023,1,5,Tea,1.0,1.5,1.5,1.5,0.0,Credit Card,Takeaway
TXN_2617257,2023-08-20,2023,8,20,Cookie,1.0,1.0,1.0,1.0,0.0,Cash,Takeaway
TXN_8993132,2023-01-21,2023,1,21,Cake,3.0,3.0,9.0,9.0,0.0,Não informado,In-store
TXN_4268167,2023-07-06,2023,7,6,Smoothie,4.0,4.0,16.0,16.0,0.0,Não informado,Não informado
TXN_9358399,2023-06-16,2023,6,16,Tea,5.0,1.5,7.5,7.5,0.0,Credit Card,Não informado
TXN_2793054,2023-04-29,2023,4,29,Smoothie,4.0,4.0,16.0,16.0,0.0,Não informado,Takeaway
TXN_6179169,2023-10-21,2023,10,21,Sandwich,2.0,4.0,8.0,8.0,0.0,Cash,In-store
TXN_7932895,2023-04-04,2023,4,4,Smoothie,2.0,4.0,8.0,8.0,0.0,Não informado,In-store
TXN_3364751,2023-04-12,2023,4,12,Coffee,2.0,2.0,4.0,4.0,0.0,Digital Wallet,Takeaway
TXN_1097334,2023-03-21,2023,3,21,Coffee,2.0,2.0,4.0,4.0,0.0,Credit Card,Takeaway
TXN_5982786,2023-12-26,2023,12,26,Juice,4.0,3.0,,12.0,,Credit Card,In-store
TXN_3160090,2023-07-23,2023,7,23,Salad,1.0,5.0,5.0,5.0,0.0,Não informado,Takeaway
TXN_2300313,2023-06-02,2023,6,2,Coffee,4.0,2.0,8.0,8.0,0.0,Não informado,In-store
TXN_9461396,2023-05-23,2023,5,23,Smoothie,5.0,4.0,20.0,20.0,0.0,Não informado,Não informado
TXN_6887407,2023-09-15,2023,9,15,Cake,3.0,3.0,9.0,9.0,0.0,Cash,In-store
TXN_6425991,2023-08-06,2023,8,6,Salad,1.0,5.0,5.0,5.0,0.0,Credit Card,Takeaway
TXN_6040882,2023-06-06,2023,6,6,Cookie,1.0,1.0,1.0,1.0,0.0,Cash,In-store
TXN_4151440,2023-11-16,2023,11,16,Cake,5.0,3.0,15.0,15.0,0.0,Não informado,In-store
TXN_7921799,2023-09-14,2023,9,14,Cookie,1.0,1.0,1.0,1.0,0.0,Credit Card,Takeaway
TXN_2482242,2023-02-07,2023,2,7,Cookie,4.0,1.0,4.0,4.0,0.0,Não informado,Não informado
TXN_5861636,2023-05-15,2023,5,15,Coffee,4.0,2.0,8.0,8.0,0.0,Credit Card,Não informado
TXN_7272630,2023-03-24,2023,3,24,Tea,4.0,1.5,6.0,6.0,0.0,Cash,Takeaway
TXN_7157169,2023-01-29,2023,1,29,Sandwich,3.0,4.0,12.0,12.0,0.0,Não informado,Não informado
TXN_9325384,2023-04-24,2023,4,24,Juice,5.0,3.0,15.0,15.0,0.0,Não informado,In-store
TXN_2832778,2023-09-27,2023,9,27,Juice,2.0,3.0,6.0,6.0,0.0,Credit Card,Não informado
TXN_1244299,2023-07-18,2023,7,18,Sandwich,2.0,4.0,8.0,8.0,0.0,Cash,Takeaway
TXN_1694090,2023-11-30,2023,11,30,Coffee,4.0,2.0,8.0,8.0,0.0,Digital Wallet,Não informado
TXN_5965095,2023-06-16,2023,6,16,Salad,4.0,5.0,20.0,20.0,0.0,Digital Wallet,In-store
TXN_7911650,2023-03-13,2023,3,13,Juice,2.0,3.0,6.0,6.0,0.0,Cash,Takeaway
TXN_9610933,2023-05-20,2023,5,20,Tea,3.0,1.5,4.5,4.5,0.0,Cash,Não informado
TXN_4228312,2023-01-22,2023,1,22,Coffee,4.0,2.0,8.0,8.0,0.0,Digital Wallet,Não informado
TXN_6431703,2023-08-25,2023,8,25,Sandwich,1.0,4.0,,4.0,,Credit Card,Takeaway
TXN_1063524,2023-11-09,2023,11,9,Smoothie,5.0,4.0,20.0,20.0,0.0,Credit Card,Não informado
TXN_9031518,2023-01-13,2023,1,13,Sandwich,5.0,4.0,20.0,20.0,0.0,Credit Card,In-store
TXN_9643180,2023-06-10,2023,6,10,Coffee,2.0,2.0,4.0,4.0,0.0,Cash,Não informado
TXN_9070074,2023-02-03,2023,2,3,Coffee,5.0,2.0,10.0,10.0,0.0,Digital Wallet,Não informado
TXN_8715388,2023-11-04,2023,11,4,Salad,1.0,5.0,5.0,5.0,0.0,Não informado,In-store
TXN_1980303,2023-04-22,2023,4,22,Tea,3.0,1.5,,4.5,,Digital Wallet,Não informado
TXN_2652800,2023-11-30,2023,11,30,Cake,4.0,3.0,12.0,12.0,0.0,Cash,Não informado
TXN_7068406,2023-01-26,2023,1,26,Juice,2.0,3.0,6.0,6.0,0.0,Digital Wallet,Takeaway
TXN_5380220,2023-10-18,2023,10,18,Coffee,4.0,2.0,8.0,8.0,0.0,Credit Card,In-store
TXN_7842557,2023-02-09,2023,2,9,Tea,4.0,1.5,6.0,6.0,0.0,Não informado,In-store
TXN_7208533,2023-05-15,2023,5,15,Tea,1.0,1.5,1.5,1.5,0.0,Cash,In-store
TXN_6916853,2023-12-22,2023,12,22,Smoothie,5.0,4.0,20.0,20.0,0.0,Cash,Não informado
TXN_9086710,2023-10-27,2023,10,27,Salad,2.0,5.0,10.0,10.0,0.0,Não informado,In-store
TXN_1830278,2023-05-15,2023,5,15,Cookie,3.0,1.0,3.0,3.0,0.0,Credit Card,Não informado
TXN_8388122,2023-11-01,2023,11,1,Tea,4.0,1.5,6.0,6.0,0.0,Não informado,In-store
TXN_8612901,2023-03-18,2023,3,18,Juice,3.0,3.0,,9.0,,Digital Wallet,Não informado
TXN_7752958,2023-09-22,2023,9,22,Juice,2.0,3.0,6.0,6.0,0.0,Não informado,Não informado
TXN_5311814,2023-07-06,2023,7,6,Tea,4.0,1.5,6.0,6.0,0.0,Digital Wallet,Não informado
TXN_2933739,2023-09-15,2023,9,15,Cookie,1.0,1.0,1.0,1.0,0.0,Digital Wallet,Não informado
TXN_3858791,2023-06-25,2023,6,25,Cookie,5.0,1.0,5.0,5.0,0.0,Credit Card,Não informado
TXN_1737731,2023-06-29,2023,6,29,Smoothie,5.0,4.0,20.0,20.0,0.0,Digital Wallet,Não informado
TXN_6131195,2023-10-24,2023,10,24,Salad,1.0,5.0,5.0,5.0,0.0,Não informado,Não informado
TXN_2727347,2023-01-20,2023,1,20,Cake,5.0,3.0,15.0,15.0,0.0,Cash,Takeaway
TXN_7242713,2023-04-21,2023,4,21,Sandwich,1.0,4.0,4.0,4.0,0.0,Não informado,In-store
TXN_3651337,2023-10-25,2023,10,25,Smoothie,4.0,4.0,16.0,16.0,0.0,Cash,In-store
TXN_4740892,2023-11-19,2023,11,19,Cake,1.0,3.0,3.0,3.0,0.0,Digital Wallet,Takeaway
TXN_7218719,2023-10-07,2023,10,7,Cake,1.0,3.0,3.0,3.0,0.0,Cash,Não informado
TXN_3455415,2023-03-31,2023,3,31,Cookie,2.0,1.0,2.0,2.0,0.0,Credit Card,Não informado
TXN_3390882,2023-07-03,2023,7,3,Sandwich,3.0,4.0,12.0,12.0,0.0,Credit Card,In-store
TXN_3848261,2023-08-03,2023,8,3,Tea,2.0,1.5,3.0,3.0,0.0,Não informado,Takeaway
TXN_2797925,2023-10-19,2023,10,19,Cake,2.0,3.0,,6.0,,Cash,Não informado
TXN_2599005,2023-06-10,2023,6,10,Cake,2.0,3.0,6.0,6.0,0.0,Cash,Não informado
TXN_1872692,2023-08-09,2023,8,9,Salad,5.0,5.0,25.0,25.0,0.0,Cash,In-store
TXN_1372492,2023-03-28,2023,3,28,Salad,4.0,5.0,20.0,20.0,0.0,Cash,Takeaway
TXN_1003246,2023-02-15,2023,2,15,Juice,2.0,3.0,6.0,6.0,0.0,Não informado,Não informado
TXN_3197621,2023-02-10,2023,2,10,Sandwich,5.0,4.0,20.0,20.0,0.0,Não informado,In-store
TXN_4986514,2023-06-06,2023,6,6,Tea,3.0,1.5,4.5,4.5,0.0,Credit Card,In-store
TXN_1050083,2023-06-28,2023,6,28,Cake,5.0,3.0,15.0,15.0,0.0,Credit Card,Takeaway
TXN_5880567,2023-02-13,2023,2,13,Smoothie,5.0,4.0,20.0,20.0,0.0,Não informado,In-store
TXN_1068317,2023-03-16,2023,3,16,Juice,3.0,3.0,,9.0,,Digital Wallet,Takeaway
TXN_7389329,2023-01-18,2023,1,18,Coffee,4.0,2.0,8.0,8.0,0.0,Não informado,Não informado
TXN_6584150,2023-10-27,2023,10,27,Juice,5.0,3.0,15.0,15.0,0.0,Credit Card,Não informado
TXN_7754428,2023-07-27,2023,7,27,Cookie,2.0,1.0,2.0,2.0,0.0,Não informado,In-store
TXN_4156369,2023-08-07,2023,8,7,Cake,5.0,3.0,15.0,15.0,0.0,Não informado,In-store
TXN_4483226,2023-08-08,2023,8,8,Juice,1.0,3.0,3.0,3.0,0.0,Credit Card,Não informado
TXN_5297692,2023-03-21,2023,3,21,Juice,5.0,3.0,15.0,15.0,0.0,Credit Card,Não informado
TXN_8241724,2023-05-14,2023,5,14,Smoothie,1.0,4.0,4.0,4.0,0.0,Credit Card,Takeaway
TXN_4916936,2023-06-04,2023,6,4,Smoothie,1.0,4.0,4.0,4.0,0.0,Não informado,Takeaway
TXN_1425215,2023-03-13,2023,3,13,Juice,1.0,3.0,3.0,3.0,0.0,Cash,Takeaway
TXN_2363378,2023-04-23,2023,4,23,Coffee,5.0,2.0,10.0,10.0,0.0,Cash,Takeaway
TXN_8267616,2023-03-01,2023,3,1,Tea,4.0,1.5,6.0,6.0,0.0,Cash,Não informado
TXN_8999576,2023-04-09,2023,4,9,Cake,5.0,3.0,15.0,15.0,0.0,Digital Wallet,Takeaway
TXN_5513984,2023-09-13,2023,9,13,Tea,1.0,1.5,1.5,1.5,0.0,Credit Card,In-store
TXN_5600914,2023-02-16,2023,2,16,Smoothie,4.0,4.0,16.0,16.0,0.0,Credit Card,Não informado
TXN_9923860,2023-11-16,2023,11,16,Cookie,2.0,1.0,2.0,2.0,0.0,Não informado,Não informado
TXN_5346493,2023-04-08,2023,4,8,Cookie,5.0,1.0,5.0,5.0,0.0,Digital Wallet,In-store
TXN_3528599,2023-12-09,2023,12,9,Cookie,1.0,1.0,1.0,1.0,0.0,Não informado,Não informado
TXN_5738521,2023-03-14,2023,3,14,Coffee,5.0,2.0,10.0,10.0,0.0,Digital Wallet,Não informado
TXN_6219634,2023-09-11,2023,9,11,Salad,1.0,5.0,5.0,5.0,0.0,Cash,Takeaway
TXN_3539062,2023-10-04,2023,10,4,Salad,2.0,5.0,10.0,10.0,0.0,Digital Wallet,In-store
TXN_8782513,2023-10-15,2023,10,15,Sandwich,5.0,4.0,20.0,20.0,0.0,Não informado,Takeaway
TXN_2851804,2023-11-30,2023,11,30,Coffee,3.0,2.0,6.0,6.0,0.0,Não informado,Não informado
TXN_9175519,2023-10-05,2023,10,5,Cake,4.0,3.0,12.0,12.0,0.0,Não informado,Não informado
TXN_6224451,2023-03-19,2023,3,19,Sandwich,1.0,4.0,,4.0,,Credit Card,Não informado
TXN_2134911,2023-10-07,2023,10,7,Tea,5.0,1.5,7.5,7.5,0.0,Digital Wallet,In-store
TXN_4013761,2023-09-07,2023,9,7,Coffee,3.0,2.0,6.0,6.0,0.0,Não informado,Não informado
TXN_6616311,2023-09-01,2023,9,1,Coffee,4.0,2.0,8.0,8.0,0.0,Não informado,Não informado
TXN_6991430,2023-05-31,2023,5,31,Cookie,5.0,1.0,5.0,5.0,0.0,Cash,In-store
TXN_6778974,2023-09-07,2023,9,7,Smoothie,2.0,4.0,8.0,8.0,0.0,Não informado,Não informado
TXN_1818438,2023-06-18,2023,6,18,Coffee,5.0,2.0,10.0,10.0,0.0,Cash,Não informado
TXN_5486886,2023-12-23,2023,12,23,Smoothie,1.0,4.0,4.0,4.0,0.0,Não informado,Não informado
TXN_5470598,2023-03-14,2023,3,14,Cake,3.0,3.0,9.0,9.0,0.0,Digital Wallet,In-store
TXN_3186333,2023-08-19,2023,8,19,Cookie,5.0,1.0,5.0,5.0,0.0,Cash,In-store
TXN_3228558,2023-12-13,2023,12,13,Sandwich,2.0,4.0,8.0,8.0,0.0,Credit Card,Não informado
TXN_6506895,2023-08-10,2023,8,10,Cake,5.0,3.0,15.0,15.0,0.0,Credit Card,In-store
TXN_2917211,2023-11-19,2023,11,19,Smoothie,5.0,4.0,20.0,20.0,0.0,Digital Wallet,Takeaway
TXN_5882566,2023-07-09,2023,7,9,Cake,1.0,3.0,3.0,3.0,0.0,Não informado,Takeaway
TXN_2413548,2023-08-12,2023,8,12,Tea,2.0,1.5,3.0,3.0,0.0,Credit Card,Não informado
TXN_7116936,2023-05-19,2023,5,19,Coffee,5.0,2.0,10.0,10.0,0.0,Credit Card,Takeaway
TXN_7991322,2023-11-14,2023,11,14,Coffee,5.0,2.0,10.0,10.0,0.0,Digital Wallet,Não informado
TXN_4209748,2023-10-24,2023,10,24,Cookie,2.0,1.0,2.0,2.0,0.0,Digital Wallet,Takeaway
TXN_8941438,2023-07-23,2023,7,23,Juice,4.0,3.0,12.0,12.0,0.0,Digital Wallet,Não informado
TXN_7932127,2023-07-29,2023,7,29,Coffee,3.0,2.0,,6.0,,Não informado,Não informado
TXN_7097699,2023-12-16,2023,12,16,Tea,4.0,1.5,6.0,6.0,0.0,Não informado,Takeaway
TXN_7054849,2023-06-16,2023,6,16,Cake,4.0,3.0,12.0,12.0,0.0,Cash,Takeaway
TXN_7185724,2023-05-06,2023,5,6,Cake,4.0,3.0,12.0,12.0,0.0,Não informado,Takeaway
TXN_5664982,2023-12-24,2023,12,24,Tea,5.0,1.5,,7.5,,Digital Wallet,In-store
TXN_9378562,2023-09-06,2023,9,6,Juice,3.0,3.0,9.0,9.0,0.0,Não informado,Não informado
TXN_2892693,2023-03-02,2023,3,2,Cookie,4.0,1.0,4.0,4.0,0.0,Credit Card,In-store
TXN_4639918,2023-11-05,2023,11,5,Sandwich,1.0,4.0,4.0,4.0,0.0,Digital Wallet,Não informado
TXN_6037144,2023-09-02,2023,9,2,Tea,3.0,1.5,4.5,4.5,0.0,Cash,Takeaway
TXN_3494014,2023-06-09,2023,6,9,Cake,1.0,3.0,3.0,3.0,0.0,Credit Card,In-store
TXN_3656884,2023-10-08,2023,10,8,Coffee,5.0,2.0,10.0,10.0,0.0,Credit Card,Não informado
TXN_2277013,2023-07-26,2023,7,26,Smoothie,3.0,4.0,12.0,12.0,0.0,Não informado,Não informado
TXN_5423636,2023-10-18,2023,10,18,Sandwich,4.0,4.0,16.0,16.0,0.0,Cash,Não informado
TXN_8040251,2023-04-16,2023,4,16,Coffee,1.0,2.0,2.0,2.0,0.0,Digital Wallet,Não informado
TXN_1635137,2023-12-28,2023,12,28,Cake,2.0,3.0,6.0,6.0,0.0,Cash,Não informado
TXN_1503903,2023-03-20,2023,3,20,Tea,1.0,1.5,1.5,1.5,0.0,Cash,Takeaway
TXN_8606152,2023-08-05,2023,8,5,Smoothie,5.0,4.0,20.0,20.0,0.0,Credit Card,Não informado
TXN_1260517,2023-04-17,2023,4,17,Smoothie,5.0,4.0,20.0,20.0,0.0,Digital Wallet,Takeaway
TXN_6898368,2023-05-01,2023,5,1,Smoothie,3.0,4.0,12.0,12.0,0.0,Digital Wallet,Não informado
TXN_2224251,2023-04-14,2023,4,14,Juice,4.0,3.0,,12.0,,Digital Wallet,Takeaway
TXN_4567429,2023-10-11,2023,10,11,Tea,3.0,1.5,4.5,4.5,0.0,Cash,Não informado
TXN_8622404,2023-09-21,2023,9,21,Cookie,3.0,1.0,,3.0,,Não informado,Não informado
TXN_1152249,2023-05-09,2023,5,9,Smoothie,3.0,4.0,,12.0,,Não informado,In-store
TXN_2989533,2023-01-30,2023,1,30,Salad,5.0,5.0,25.0,25.0,0.0,Não informado,Takeaway
TXN_1363508,2023-08-08,2023,8,8,Salad,4.0,5.0,20.0,20.0,0.0,Cash,Não informado
TXN_7969017,2023-02-17,2023,2,17,Tea,3.0,1.5,4.5,4.5,0.0,Digital Wallet,Não informado
TXN_6987705,2023-06-04,2023,6,4,Cookie,5.0,1.0,5.0,5.0,0.0,Cash,Não informado
TXN_8490157,2023-09-06,2023,9,6,Salad,2.0,5.0,10.0,10.0,0.0,Credit Card,In-store
TXN_7878395,2023-05-26,2023,5,26,Salad,3.0,5.0,15.0,15.0,0.0,Credit Card,In-store
TXN_9216314,2023-03-07,2023,3,7,Cake,1.0,3.0,3.0,3.0,0.0,Credit Card,Não informado
TXN_4090464,2023-01-16,2023,1,16,Sandwich,5.0,4.0,20.0,20.0,0.0,Cash,Takeaway
TXN_2172301,2023-04-06,2023,4,6,Cookie,4.0,1.0,4.0,4.0,0.0,Digital Wallet,Takeaway
TXN_3730077,2023-07-08,2023,7,8,Cookie,2.0,1.0,2.0,2.0,0.0,Credit Card,Não informado
TXN_8253046,2023-12-20,2023,12,20,Cake,1.0,3.0,3.0,3.0,0.0,Não informado,In-store
TXN_2901304,2023-07-01,2023,7,1,Cookie,3.0,1.0,3.0,3.0,0.0,Não informado,Não informado
TXN_9910573,2023-01-28,2023,1,28,Salad,2.0,5.0,,10.0,,Não informado,Takeaway
TXN_3680192,2023-05-20,2023,5,20,Salad,4.0,5.0,20.0,20.0,0.0,Digital Wallet,Takeaway
TXN_9268974,2023-10-29,2023,10,29,Sandwich,2.0,4.0,8.0,8.0,0.0,Digital Wallet,Takeaway
TXN_7435796,2023-11-03,2023,11,3,Coffee,2.0,2.0,4.0,4.0,0.0,Cash,In-store
TXN_1882390,2023-05-22,2023,5,22,Cookie,1.0,1.0,1.0,1.0,0.0,Não informado,Takeaway
TXN_2465074,2023-09-29,2023,9,29,Smoothie,1.0,4.0,,4.0,,Digital Wallet,Não informado
TXN_8038871,2023-06-09,2023,6,9,Juice,5.0,3.0,15.0,15.0,0.0,Digital Wallet,Não informado
TXN_1269172,2023-08-22,2023,8,22,Sandwich,1.0,4.0,4.0,4.0,0.0,Cash,Não informado
TXN_4564556,2023-11-21,2023,11,21,Coffee,3.0,2.0,6.0,6.0,0.0,Credit Card,Não informado
TXN_7349319,2023-03-10,2023,3,10,Cookie,3.0,1.0,3.0,3.0,0.0,Digital Wallet,Não informado
TXN_7294526,2023-12-02,2023,12,2,Smoothie,5.0,4.0,20.0,20.0,0.0,Digital Wallet,Takeaway
TXN_5618976,2023-12-05,2023,12,5,Coffee,2.0,2.0,4.0,4.0,0.0,Cash,Takeaway
TXN_3964398,2023-10-20,2023,10,20,Cake,4.0,3.0,12.0,12.0,0.0,Credit Card,Takeaway
TXN_4372163,2023-03-10,2023,3,10,Sandwich,1.0,4.0,4.0,4.0,0.0,Não informado,Não informado
TXN_7242133,2023-05-20,2023,5,20,Coffee,3.0,2.0,6.0,6.0,0.0,Não informado,Não informado
TXN_7083168,2023-06-01,2023,6,1,Cookie,4.0,1.0,4.0,4.0,0.0,Não informado,Takeaway
TXN_1210183,2023-01-23,2023,1,23,Tea,3.0,1.5,4.5,4.5,0.0,Não informado,In-store
TXN_3419352,2023-10-22,2023,10,22,Salad,3.0,5.0,15.0,15.0,0.0,Digital Wallet,In-store
TXN_1900036,2023-12-20,2023,12,20,Cookie,1.0,1.0,1.0,1.0,0.0,Não informado,Não informado
TXN_7497565,2023-10-07,2023,10,7,Cookie,4.0,1.0,4.0,4.0,0.0,Não informado,Takeaway
TXN_6716918,2023-04-10,2023,4,10,Coffee,2.0,2.0,4.0,4.0,0.0,Não informado,Não informado
TXN_6654975,2023-08-11,2023,8,11,Salad,3.0,5.0,15.0,15.0,0.0,Não informado,In-store
TXN_9100063,2023-09-16,2023,9,16,Sandwich,2.0,4.0,8.0,8.0,0.0,Não informado,In-store
TXN_6202631,2023-07-29,2023,7,29,Tea,2.0,1.5,3.0,3.0,0.0,Digital Wallet,Takeaway
TXN_1868447,2023-09-30,2023,9,30,Tea,3.0,1.5,4.5,4.5,0.0,Cash,Não informado
TXN_4726531,2023-09-09,2023,9,9,Salad,5.0,5.0,25.0,25.0,0.0,Cash,Takeaway
TXN_8640655,2023-12-27,2023,12,27,Coffee,3.0,2.0,6.0,6.0,0.0,Não informado,Não informado
TXN_8377812,2023-03-27,2023,3,27,Tea,2.0,1.5,3.0,3.0,0.0,Digital Wallet,In-store
TXN_2603561,2023-04-25,2023,4,25,Coffee,3.0,2.0,6.0,6.0,0.0,Digital Wallet,Não informado
TXN_9822173,2023-05-22,2023,5,22,Cake,5.0,3.0,15.0,15.0,0.0,Digital Wallet,Não informado
TXN_2163150,2023-08-25,2023,8,25,Salad,1.0,5.0,5.0,5.0,0.0,Cash,In-store
TXN_2371464,2023-09-20,2023,9,20,Smoothie,4.0,4.0,16.0,16.0,0.0,Cash,In-store
TXN_8916290,2023-07-08,2023,7,8,Salad,5.0,5.0,25.0,25.0,0.0,Digital Wallet,Não informado
TXN_8275626,2023-09-10,2023,9,10,Coffee,2.0,2.0,4.0,4.0,0.0,Não informado,Takeaway
TXN_9803409,2023-01-24,2023,1,24,Cookie,4.0,1.0,4.0,4.0,0.0,Não informado,In-store
TXN_3094597,2023-03-11,2023,3,11,Sandwich,4.0,4.0,16.0,16.0,0.0,Não informado,Não informado
TXN_5276842,2023-06-26,2023,6,26,Coffee,2.0,2.0,4.0,4.0,0.0,Digital Wallet,Takeaway
TXN_1367003,2023-11-10,2023,11,10,Salad,5.0,5.0,25.0,25.0,0.0,Cash,In-store
TXN_5696844,2023-01-29,2023,1,29,Cookie,2.0,1.0,2.0,2.0,0.0,Não informado,In-store
TXN_6293225,2023-07-02,2023,7,2,Cake,4.0,3.0,12.0,12.0,0.0,Cash,Não informado
TXN_3466686,2023-09-03,2023,9,3,Smoothie,3.0,4.0,12.0,12.0,0.0,Digital Wallet,Takeaway
TXN_6064301,2023-07-12,2023,7,12,Cookie,1.0,1.0,1.0,1.0,0.0,Credit Card,Takeaway
TXN_5005674,2023-10-03,2023,10,3,Salad,4.0,5.0,20.0,20.0,0.0,Credit Card,In-store
TXN_1714471,2023-08-17,2023,8,17,Juice,4.0,3.0,12.0,12.0,0.0,Cash,Takeaway
TXN_6377813,2023-08-07,2023,8,7,Salad,2.0,5.0,10.0,10.0,0.0,Credit Card,Não informado
TXN_1064565,2023-03-14,2023,3,14,Juice,4.0,3.0,12.0,12.0,0.0,Digital Wallet,In-store
TXN_9104545,2023-03-19,2023,3,19,Juice,2.0,3.0,6.0,6.0,0.0,Digital Wallet,Takeaway
TXN_2108125,2023-10-06,2023,10,6,Coffee,1.0,2.0,2.0,2.0,0.0,Credit Card,In-store
TXN_7795324,2023-06-28,2023,6,28,Salad,2.0,5.0,10.0,10.0,0.0,Não informado,Não informado
TXN_1203191,2023-10-12,2023,10,12,Coffee,5.0,2.0,10.0,10.0,0.0,Não informado,In-store
TXN_8743849,2023-05-04,2023,5,4,Juice,2.0,3.0,6.0,6.0,0.0,Digital Wallet,Takeaway
TXN_8588231,2023-09-02,2023,9,2,Cake,4.0,3.0,12.0,12.0,0.0,Não informado,Takeaway
TXN_6324818,2023-06-26,2023,6,26,Salad,5.0,5.0,25.0,25.0,0.0,Não informado,Não informado
TXN_2693108,2023-11-18,2023,11,18,Cookie,3.0,1.0,,3.0,,Cash,In-store
TXN_6234070,2023-01-31,2023,1,31,Smoothie,2.0,4.0,8.0,8.0,0.0,Credit Card,Takeaway
TXN_9816901,2023-12-07,2023,12,7,Coffee,2.0,2.0,4.0,4.0,0.0,Cash,Não informado
TXN_9489495,2023-05-20,2023,5,20,Coffee,1.0,2.0,2.0,2.0,0.0,Credit Card,Não informado
TXN_7637178,2023-05-26,2023,5,26,Coffee,3.0,2.0,6.0,6.0,0.0,Digital Wallet,Takeaway
TXN_1281536,2023-03-19,2023,3,19,Smoothie,5.0,4.0,20.0,20.0,0.0,Digital Wallet,In-store
TXN_8736069,2023-07-06,2023,7,6,Tea,5.0,1.5,7.5,7.5,0.0,Cash,Takeaway
TXN_7975336,2023-12-03,2023,12,3,Tea,5.0,1.5,,7.5,,Credit Card,Takeaway
TXN_9278090,2023-12-28,2023,12,28,Cake,5.0,3.0,15.0,15.0,0.0,Credit Card,Não informado
TXN_1193809,2023-01-21,2023,1,21,Tea,3.0,1.5,4.5,4.5,0.0,Digital Wallet,Não informado
TXN_9281710,2023-08-05,2023,8,5,Juice,3.0,3.0,9.0,9.0,0.0,Credit Card,In-store
TXN_3291149,2023-12-09,2023,12,9,Coffee,5.0,2.0,10.0,10.0,0.0,Não informado,Não informado
TXN_8172182,2023-06-22,2023,6,22,Cake,2.0,3.0,6.0,6.0,0.0,Não informado,Não informado
TXN_3902135,2023-06-20,2023,6,20,Tea,4.0,1.5,6.0,6.0,0.0,Credit Card,Não informado
TXN_9007414,2023-12-08,2023,12,8,Cake,3.0,3.0,9.0,9.0,0.0,Cash,Não informado
TXN_9131337,2023-05-24,2023,5,24,Sandwich,4.0,4.0,16.0,16.0,0.0,Credit Card,Takeaway
TXN_2278015,2023-04-10,2023,4,10,Tea,2.0,1.5,3.0,3.0,0.0,Digital Wallet,In-store
TXN_1077060,2023-08-22,2023,8,22,Coffee,3.0,2.0,6.0,6.0,0.0,Não informado,Takeaway
TXN_9362728,2023-12-26,2023,12,26,Sandwich,1.0,4.0,4.0,4.0,0.0,Não informado,In-store
TXN_9281586,2023-05-20,2023,5,20,Sandwich,5.0,4.0,20.0,20.0,0.0,Não informado,Não informado
TXN_9350427,2023-01-24,2023,1,24,Juice,5.0,3.0,15.0,15.0,0.0,Não informado,Não informado
TXN_7860054,2023-02-07,2023,2,7,Tea,5.0,1.5,7.5,7.5,0.0,Credit Card,In-store
TXN_9233730,2023-05-28,2023,5,28,Tea,5.0,1.5,7.5,7.5,0.0,Credit Card,Não informado
TXN_8304399,2023-06-08,2023,6,8,Tea,2.0,1.5,3.0,3.0,0.0,Cash,In-store
TXN_1538515,2023-06-11,2023,6,11,Juice,4.0,3.0,12.0,12.0,0.0,Cash,Não informado
TXN_4565233,2023-11-16,2023,11,16,Salad,3.0,5.0,15.0,15.0,0.0,Credit Card,In-store
TXN_6898341,2023-08-21,2023,8,21,Tea,2.0,1.5,3.0,3.0,0.0,Credit Card,In-store
TXN_1016246,2023-01-19,2023,1,19,Coffee,1.0,2.0,2.0,2.0,0.0,Não informado,Não informado
TXN_9160109,2023-08-03,2023,8,3,Cake,1.0,3.0,3.0,3.0,0.0,Credit Card,Não informado
TXN_1082012,2023-01-04,2023,1,4,Smoothie,5.0,4.0,20.0,20.0,0.0,Credit Card,Não informado
TXN_7322436,2023-06-29,2023,6,29,Sandwich,3.0,4.0,12.0,12.0,0.0,Digital Wallet,In-store
TXN_1733916,2023-01-12,2023,1,12,Sandwich,4.0,4.0,16.0,16.0,0.0,Digital Wallet,In-store
TXN_6068564,2023-09-28,2023,9,28,Cake,4.0,3.0,,12.0,,Credit Card,Takeaway
TXN_4507630,2023-05-11,2023,5,11,Smoothie,2.0,4.0,8.0,8.0,0.0,Não informado,Takeaway
TXN_6309570,2023-09-26,2023,9,26,Smoothie,1.0,4.0,4.0,4.0,0.0,Digital Wallet,In-store
TXN_8192063,2023-02-06,2023,2,6,Juice,4.0,3.0,12.0,12.0,0.0,Cash,Não informado
TXN_1603563,2023-04-13,2023,4,13,Cake,4.0,3.0,12.0,12.0,0.0,Não informado,Takeaway
TXN_6346483,2023-06-08,2023,6,8,Coffee,1.0,2.0,2.0,2.0,0.0,Credit Card,Não informado
TXN_3499910,2023-09-29,2023,9,29,Cookie,4.0,1.0,4.0,4.0,0.0,Credit Card,Takeaway
TXN_5941840,2023-04-01,2023,4,1,Cookie,4.0,1.0,4.0,4.0,0.0,Não informado,Não informado
TXN_6249023,2023-11-03,2023,11,3,Juice,1.0,3.0,3.0,3.0,0.0,Credit Card,Não informado
TXN_8620426,2023-11-28,2023,11,28,Cookie,3.0,1.0,3.0,3.0,0.0,Credit Card,Takeaway
TXN_2037742,2023-11-14,2023,11,14,Cake,4.0,3.0,12.0,12.0,0.0,Digital Wallet,In-store
TXN_7013527,2023-05-18,2023,5,18,Salad,2.0,5.0,10.0,10.0,0.0,Credit Card,In-store
TXN_2798420,2023-03-17,2023,3,17,Tea,5.0,1.5,7.5,7.5,0.0,Digital Wallet,Takeaway
TXN_3926570,2023-09-04,2023,9,4,Coffee,3.0,2.0,6.0,6.0,0.0,Não informado,Não informado
TXN_5506907,2023-12-08,2023,12,8,Cookie,2.0,1.0,2.0,2.0,0.0,Cash,Takeaway
TXN_5353468,2023-11-30,2023,11,30,Tea,2.0,1.5,3.0,3.0,0.0,Credit Card,In-store
TXN_2111293,2023-05-29,2023,5,29,Smoothie,3.0,4.0,12.0,12.0,0.0,Não informado,Takeaway
TXN_2101632,2023-06-12,2023,6,12,Sandwich,4.0,4.0,16.0,16.0,0.0,Não informado,Takeaway
TXN_3355537,2023-01-09,2023,1,9,Tea,3.0,1.5,4.5,4.5,0.0,Digital Wallet,Não informado
TXN_4594866,2023-03-24,2023,3,24,Cookie,1.0,1.0,1.0,1.0,0.0,Digital Wallet,Não informado
TXN_7485712,2023-04-15,2023,4,15,Sandwich,4.0,4.0,16.0,16.0,0.0,Cash,In-store
TXN_4848431,2023-01-09,2023,1,9,Salad,5.0,5.0,25.0,25.0,0.0,Credit Card,Não informado
TXN_7352058,2023-08-24,2023,8,24,Coffee,2.0,2.0,4.0,4.0,0.0,Não informado,Takeaway
TXN_3442244,2023-05-13,2023,5,13,Cake,4.0,3.0,12.0,12.0,0.0,Não informado,Takeaway
TXN_9810868,2023-10-05,2023,10,5,Cookie,1.0,1.0,1.0,1.0,0.0,Credit Card,Takeaway
TXN_4837909,2023-11-19,2023,11,19,Cake,5.0,3.0,15.0,15.0,0.0,Não informado,Takeaway
TXN_4722816,2023-10-19,2023,10,19,Salad,4.0,5.0,20.0,20.0,0.0,Cash,In-store
TXN_1833012,2023-08-16,2023,8,16,Salad,3.0,5.0,15.0,15.0,0.0,Digital Wallet,Não informado
TXN_6933222,2023-01-22,2023,1,22,Tea,1.0,1.5,1.5,1.5,0.0,Cash,Não informado
TXN_7737862,2023-08-29,2023,8,29,Cookie,2.0,1.0,2.0,2.0,0.0,Credit Card,Não informado
TXN_7814690,2023-05-10,2023,5,10,Smoothie,1.0,4.0,4.0,4.0,0.0,Credit Card,Takeaway
TXN_6083650,2023-07-01,2023,7,1,Coffee,2.0,2.0,4.0,4.0,0.0,Digital Wallet,Takeaway
TXN_8342990,2023-04-23,2023,4,23,Tea,1.0,1.5,1.5,1.5,0.0,Digital Wallet,Takeaway
TXN_4407959,2023-01-28,2023,1,28,Tea,1.0,1.5,1.5,1.5,0.0,Digital Wallet,Takeaway
TXN_3422759,2023-02-19,2023,2,19,Salad,5.0,5.0,25.0,25.0,0.0,Credit Card,Takeaway
TXN_1074435,2023-11-25,2023,11,25,Coffee,1.0,2.0,2.0,2.0,0.0,Não informado,In-store
TXN_8164332,2023-04-22,2023,4,22,Tea,4.0,1.5,6.0,6.0,0.0,Cash,Takeaway
TXN_9715885,2023-06-16,2023,6,16,Smoothie,4.0,4.0,16.0,16.0,0.0,Não informado,In-store
TXN_1583983,2023-03-02,2023,3,2,Tea,3.0,1.5,4.5,4.5,0.0,Credit Card,Não informado
TXN_3634860,2023-05-28,2023,5,28,Juice,5.0,3.0,15.0,15.0,0.0,Credit Card,Não informado
TXN_5732357,2023-05-06,2023,5,6,Tea,5.0,1.5,7.5,7.5,0.0,Credit Card,Não informado
TXN_2567222,2023-09-09,2023,9,9,Coffee,3.0,2.0,6.0,6.0,0.0,Não informado,Takeaway
TXN_3166181,2023-05-21,2023,5,21,Cookie,3.0,1.0,3.0,3.0,0.0,Credit Card,In-store
TXN_5173881,2023-01-29,2023,1,29,Cookie,3.0,1.0,3.0,3.0,0.0,Cash,Takeaway
TXN_9612877,2023-03-07,2023,3,7,Smoothie,1.0,4.0,4.0,4.0,0.0,Cash,In-store
TXN_4841285,2023-05-04,2023,5,4,Tea,2.0,1.5,3.0,3.0,0.0,Credit Card,Não informado
TXN_4296204,2023-11-28,2023,11,28,Salad,5.0,5.0,25.0,25.0,0.0,Digital Wallet,In-store
TXN_6478978,2023-10-27,2023,10,27,Juice,3.0,3.0,9.0,9.0,0.0,Credit Card,Takeaway
TXN_2030107,2023-01-03,2023,1,3,Juice,4.0,3.0,12.0,12.0,0.0,Não informado,Takeaway
TXN_4897182,2023-11-26,2023,11,26,Cake,3.0,3.0,9.0,9.0,0.0,Cash,Takeaway
TXN_7630750,2023-03-16,2023,3,16,Juice,2.0,3.0,6.0,6.0,0.0,Digital Wallet,In-store
TXN_6380978,2023-12-31,2023,12,31,Tea,1.0,1.5,1.5,1.5,0.0,Cash,Não informado
TXN_7551023,2023-10-06,2023,10,6,Salad,5.0,5.0,25.0,25.0,0.0,Cash,Não informado
TXN_1269252,2023-07-18,2023,7,18,Cake,1.0,3.0,3.0,3.0,0.0,Digital Wallet,Takeaway
TXN_2377708,2023-01-03,2023,1,3,Cookie,1.0,1.0,1.0,1.0,0.0,Não informado,Takeaway
TXN_3193212,2023-11-23,2023,11,23,Cake,1.0,3.0,3.0,3.0,0.0,Cash,In-store
TXN_1427963,2023-10-14,2023,10,14,Coffee,1.0,2.0,2.0,2.0,0.0,Cash,Não informado
TXN_3391446,2023-01-14,2023,1,14,Tea,1.0,1.5,1.5,1.5,0.0,Não informado,Takeaway
TXN_2370338,2023-10-30,2023,10,30,Cake,4.0,3.0,12.0,12.0,0.0,Credit Card,Takeaway
TXN_8628848,2023-01-29,2023,1,29,Juice,1.0,3.0,3.0,3.0,0.0,Credit Card,In-store
TXN_4294955,2023-10-19,2023,10,19,Salad,5.0,5.0,25.0,25.0,0.0,Não informado,Não informado
TXN_6894703,2023-06-06,2023,6,6,Cookie,1.0,1.0,1.0,1.0,0.0,Digital Wallet,Não informado
TXN_9926931,2023-01-26,2023,1,26,Cookie,5.0,1.0,,5.0,,Não informado,Takeaway
TXN_9681369,2023-10-23,2023,10,23,Salad,5.0,5.0,25.0,25.0,0.0,Não informado,Não informado
TXN_9246948,2023-11-11,2023,11,11,Cake,5.0,3.0,15.0,15.0,0.0,Credit Card,Não informado
TXN_8519330,2023-03-18,2023,3,18,Cookie,4.0,1.0,4.0,4.0,0.0,Não informado,Não informado
TXN_1720329,2023-04-06,2023,4,6,Cookie,2.0,1.0,,2.0,,Cash,Não informado
TXN_9859715,2023-07-11,2023,7,11,Smoothie,5.0,4.0,20.0,20.0,0.0,Não informado,Não informado
TXN_2805332,2023-08-10,2023,8,10,Cake,4.0,3.0,12.0,12.0,0.0,Cash,Não informado
TXN_4807265,2023-11-19,2023,11,19,Sandwich,3.0,4.0,12.0,12.0,0.0,Digital Wallet,Não informado
TXN_5275315,2023-01-19,2023,1,19,Smoothie,2.0,4.0,8.0,8.0,0.0,Digital Wallet,In-store
TXN_7423281,2023-06-01,2023,6,1,Juice,1.0,3.0,3.0,3.0,0.0,Digital Wallet,Não informado
TXN_9764251,2023-06-18,2023,6,18,Cookie,4.0,1.0,4.0,4.0,0.0,Não informado,Takeaway
TXN_9272043,2023-04-20,2023,4,20,Cake,4.0,3.0,12.0,12.0,0.0,Não informado,Não informado
TXN_4455667,2023-08-13,2023,8,13,Sandwich,2.0,4.0,8.0,8.0,0.0,Credit Card,Não informado
TXN_8124663,2023-10-15,2023,10,15,Sandwich,2.0,4.0,8.0,8.0,0.0,Credit Card,Takeaway
TXN_6717074,2023-06-12,2023,6,12,Tea,3.0,1.5,4.5,4.5,0.0,Digital Wallet,Takeaway
TXN_3856021,2023-02-24,2023,2,24,Salad,1.0,5.0,5.0,5.0,0.0,Credit Card,Não informado
TXN_2902289,2023-12-16,2023,12,16,Tea,5.0,1.5,7.5,7.5,0.0,Credit Card,In-store
TXN_9456575,2023-06-10,2023,6,10,Tea,5.0,1.5,7.5,7.5,0.0,Cash,Não informado
TXN_9231214,2023-05-24,2023,5,24,Tea,4.0,1.5,6.0,6.0,0.0,Digital Wallet,Takeaway
TXN_2005789,2023-03-13,2023,3,13,Juice,3.0,3.0,9.0,9.0,0.0,Credit Card,Takeaway
TXN_4814965,2023-07-23,2023,7,23,Salad,2.0,5.0,10.0,10.0,0.0,Digital Wallet,Não informado
TXN_5656252,2023-08-04,2023,8,4,Sandwich,4.0,4.0,16.0,16.0,0.0,Não informado,Takeaway
TXN_1122700,2023-11-09,2023,11,9,Salad,5.0,5.0,,25.0,,Digital Wallet,In-store
TXN_6441337,2023-02-22,2023,2,22,Coffee,5.0,2.0,10.0,10.0,0.0,Não informado,Takeaway
TXN_9134335,2023-01-30,2023,1,30,Cake,3.0,3.0,9.0,9.0,0.0,Digital Wallet,Takeaway
TXN_7278970,2023-08-15,2023,8,15,Salad,2.0,5.0,10.0,10.0,0.0,Não informado,In-store
TXN_1075969,2023-08-13,2023,8,13,Cookie,2.0,1.0,2.0,2.0,0.0,Digital Wallet,Não informado
TXN_1972843,2023-02-20,2023,2,20,Coffee,2.0,2.0,4.0,4.0,0.0,Não informado,Não informado
TXN_9546951,2023-12-14,2023,12,14,Sandwich,4.0,4.0,16.0,16.0,0.0,Não informado,Não informado
TXN_2336946,2023-05-29,2023,5,29,Sandwich,4.0,4.0,16.0,16.0,0.0,Não informado,Não informado
TXN_4219548,2023-07-24,2023,7,24,Coffee,5.0,2.0,10.0,10.0,0.0,Não informado,Takeaway
TXN_5799196,2023-12-03,2023,12,3,Sandwich,3.0,4.0,12.0,12.0,0.0,Digital Wallet,Não informado
TXN_3337203,2023-11-16,2023,11,16,Smoothie,3.0,4.0,12.0,12.0,0.0,Não informado,Takeaway
TXN_4561006,2023-11-23,2023,11,23,Juice,3.0,3.0,9.0,9.0,0.0,Credit Card,Não informado
TXN_6652858,2023-09-13,2023,9,13,Salad,5.0,5.0,25.0,25.0,0.0,Credit Card,In-store
TXN_5932892,2023-11-19,2023,11,19,Juice,4.0,3.0,12.0,12.0,0.0,Digital Wallet,In-store
TXN_7466586,2023-04-02,2023,4,2,Salad,4.0,5.0,20.0,20.0,0.0,Digital Wallet,Takeaway
TXN_4207981,2023-03-17,2023,3,17,Smoothie,1.0,4.0,4.0,4.0,0.0,Digital Wallet,In-store
TXN_2771482,2023-02-03,2023,2,3,Salad,4.0,5.0,20.0,20.0,0.0,Credit Card,Não informado
TXN_9450903,2023-04-07,2023,4,7,Smoothie,3.0,4.0,12.0,12.0,0.0,Digital Wallet,Não informado
TXN_1165779,2023-06-30,2023,6,30,Cookie,4.0,1.0,4.0,4.0,0.0,Digital Wallet,Takeaway
TXN_4607933,2023-09-22,2023,9,22,Smoothie,2.0,4.0,8.0,8.0,0.0,Credit Card,In-store
TXN_3486178,2023-06-09,2023,6,9,Cake,5.0,3.0,15.0,15.0,0.0,Cash,Não informado
TXN_2324227,2023-06-07,2023,6,7,Cookie,1.0,1.0,1.0,1.0,0.0,Digital Wallet,In-store
TXN_2452819,2023-07-31,2023,7,31,Cookie,3.0,1.0,3.0,3.0,0.0,Credit Card,In-store
TXN_4789193,2023-02-21,2023,2,21,Juice,3.0,3.0,9.0,9.0,0.0,Não informado,Não informado
TXN_5743519,2023-05-23,2023,5,23,Smoothie,2.0,4.0,,8.0,,Cash,Não informado
TXN_6732494,2023-03-18,2023,3,18,Coffee,2.0,2.0,4.0,4.0,0.0,Credit Card,Takeaway
TXN_5458161,2023-07-19,2023,7,19,Sandwich,1.0,4.0,4.0,4.0,0.0,Digital Wallet,Takeaway
TXN_1518379,2023-08-12,2023,8,12,Juice,4.0,3.0,12.0,12.0,0.0,Não informado,In-store
TXN_9097840,2023-02-06,2023,2,6,Tea,3.0,1.5,4.5,4.5,0.0,Credit Card,Não informado
TXN_5747094,2023-05-11,2023,5,11,Juice,2.0,3.0,6.0,6.0,0.0,Digital Wallet,Takeaway
TXN_9782087,2023-07-27,2023,7,27,Sandwich,4.0,4.0,16.0,16.0,0.0,Credit Card,In-store
TXN_5824950,2023-12-06,2023,12,6,Coffee,1.0,2.0,2.0,2.0,0.0,Credit Card,In-store
TXN_6682782,2023-12-15,2023,12,15,Cookie,5.0,1.0,5.0,5.0,0.0,Cash,In-store
TXN_7210366,2023-03-25,2023,3,25,Cake,2.0,3.0,6.0,6.0,0.0,Digital Wallet,Não informado
TXN_3206293,2023-05-04,2023,5,4,Cookie,5.0,1.0,5.0,5.0,0.0,Digital Wallet,Takeaway
TXN_5827969,2023-07-03,2023,7,3,Salad,5.0,5.0,25.0,25.0,0.0,Digital Wallet,Não informado
TXN_2859077,2023-01-31,2023,1,31,Smoothie,3.0,4.0,12.0,12.0,0.0,Digital Wallet,Takeaway
TXN_3643361,2023-01-12,2023,1,12,Tea,1.0,1.5,,1.5,,Cash,Não informado
TXN_8066306,2023-01-07,2023,1,7,Cake,5.0,3.0,15.0,15.0,0.0,Digital Wallet,Takeaway
TXN_2260351,2023-10-26,2023,10,26,Coffee,3.0,2.0,6.0,6.0,0.0,Cash,Não informado
TXN_5224275,2023-12-17,2023,12,17,Cookie,4.0,1.0,4.0,4.0,0.0,Credit Card,In-store
TXN_3842567,2023-03-13,2023,3,13,Salad,1.0,5.0,5.0,5.0,0.0,Credit Card,In-store
TXN_9638367,2023-07-22,2023,7,22,Coffee,1.0,2.0,2.0,2.0,0.0,Não informado,Não informado
TXN_8742742,2023-03-07,2023,3,7,Cake,4.0,3.0,12.0,12.0,0.0,Não informado,Não informado
TXN_5687012,2023-03-12,2023,3,12,Salad,2.0,5.0,10.0,10.0,0.0,Cash,Não informado
TXN_5905025,2023-03-08,2023,3,8,Cookie,4.0,1.0,4.0,4.0,0.0,Não informado,Takeaway
TXN_6602557,2023-02-06,2023,2,6,Cake,4.0,3.0,12.0,12.0,0.0,Cash,Takeaway
TXN_8065180,2023-06-07,2023,6,7,Smoothie,5.0,4.0,20.0,20.0,0.0,Digital Wallet,Takeaway
TXN_3396099,2023-04-06,2023,4,6,Coffee,1.0,2.0,2.0,2.0,0.0,Digital Wallet,In-store
TXN_2693431,2023-05-20,2023,5,20,Salad,2.0,5.0,10.0,10.0,0.0,Digital Wallet,Não informado
TXN_7767493,2023-02-20,2023,2,20,Sandwich,5.0,4.0,20.0,20.0,0.0,Credit Card,In-store
TXN_2954575,2023-11-14,2023,11,14,Tea,2.0,1.5,3.0,3.0,0.0,Digital Wallet,Takeaway
TXN_8933027,2023-07-14,2023,7,14,Juice,5.0,3.0,15.0,15.0,0.0,Credit Card,Não informado
TXN_7272945,2023-04-13,2023,4,13,Smoothie,4.0,4.0,16.0,16.0,0.0,Não informado,Takeaway
TXN_8511110,2023-10-17,2023,10,17,Tea,3.0,1.5,4.5,4.5,0.0,Não informado,Não informado
TXN_9307650,2023-02-22,2023,2,22,Coffee,3.0,2.0,6.0,6.0,0.0,Não informado,Takeaway
TXN_1812185,2023-09-21,2023,9,21,Juice,2.0,3.0,6.0,6.0,0.0,Digital Wallet,Não informado
TXN_2134650,2023-02-11,2023,2,11,Juice,4.0,3.0,12.0,12.0,0.0,Digital Wallet,Takeaway
TXN_7899761,2023-10-08,2023,10,8,Juice,2.0,3.0,6.0,6.0,0.0,Não informado,In-store
TXN_6785552,2023-01-19,2023,1,19,Juice,5.0,3.0,15.0,15.0,0.0,Cash,Não informado
TXN_8794205,2023-10-22,2023,10,22,Cake,4.0,3.0,12.0,12.0,0.0,Credit Card,Takeaway
TXN_2464879,2023-10-11,2023,10,11,Cake,2.0,3.0,6.0,6.0,0.0,Credit Card,Não informado
TXN_8294790,2023-09-01,2023,9,1,Cookie,1.0,1.0,1.0,1.0,0.0,Digital Wallet,Takeaway
TXN_4207219,2023-09-16,2023,9,16,Cake,1.0,3.0,3.0,3.0,0.0,Cash,In-store
TXN_1921415,2023-11-03,2023,11,3,Cake,1.0,3.0,3.0,3.0,0.0,Cash,Takeaway
TXN_7122109,2023-05-19,2023,5,19,Coffee,5.0,2.0,10.0,10.0,0.0,Não informado,Takeaway
TXN_3601338,2023-03-06,2023,3,6,Cake,3.0,3.0,9.0,9.0,0.0,Credit Card,Não informado
TXN_7403839,2023-12-23,2023,12,23,Coffee,1.0,2.0,2.0,2.0,0.0,Não informado,Não informado
TXN_3709876,2023-11-04,2023,11,4,Coffee,1.0,2.0,2.0,2.0,0.0,Credit Card,Takeaway
TXN_6063689,2023-02-01,2023,2,1,Cookie,3.0,1.0,3.0,3.0,0.0,Cash,In-store
TXN_8126762,2023-06-08,2023,6,8,Coffee,5.0,2.0,10.0,10.0,0.0,Digital Wallet,Takeaway
TXN_5940531,2023-01-11,2023,1,11,Tea,1.0,1.5,1.5,1.5,0.0,Não informado,In-store
TXN_9844453,2023-01-09,2023,1,9,Tea,2.0,1.5,3.0,3.0,0.0,Não informado,Não informado
TXN_5774784,2023-10-04,2023,10,4,Cake,5.0,3.0,15.0,15.0,0.0,Não informado,In-store
TXN_6241682,2023-09-07,2023,9,7,Sandwich,3.0,4.0,12.0,12.0,0.0,Não informado,In-store
TXN_1235828,2023-02-19,2023,2,19,Tea,4.0,1.5,6.0,6.0,0.0,Cash,Takeaway
TXN_9206403,2023-12-15,2023,12,15,Cookie,1.0,1.0,1.0,1.0,0.0,Não informado,In-store
TXN_8377178,2023-02-03,2023,2,3,Coffee,5.0,2.0,10.0,10.0,0.0,Não informado,Não informado
TXN_8125141,2023-04-18,2023,4,18,Tea,3.0,1.5,4.5,4.5,0.0,Não informado,Takeaway
TXN_9565246,2023-12-28,2023,12,28,Coffee,5.0,2.0,10.0,10.0,0.0,Cash,Não informado
TXN_9914747,2023-12-05,2023,12,5,Coffee,5.0,2.0,10.0,10.0,0.0,Não informado,Não informado
TXN_6148776,2023-03-02,2023,3,2,Coffee,5.0,2.0,,10.0,,Não informado,Takeaway
TXN_4992510,2023-01-26,2023,1,26,Cookie,4.0,1.0,4.0,4.0,0.0,Cash,In-store
TXN_6472826,2023-04-11,2023,4,11,Juice,4.0,3.0,12.0,12.0,0.0,Cash,In-store
TXN_8131052,2023-09-16,2023,9,16,Cookie,1.0,1.0,1.0,1.0,0.0,Credit Card,Takeaway
TXN_8425819,2023-01-09,2023,1,9,Sandwich,1.0,4.0,4.0,4.0,0.0,Não informado,Não informado
TXN_6636395,2023-01-30,2023,1,30,Juice,4.0,3.0,12.0,12.0,0.0,Cash,In-store
TXN_2137354,2023-05-17,2023,5,17,Coffee,2.0,2.0,4.0,4.0,0.0,Não informado,Não informado
TXN_3353615,2023-07-24,2023,7,24,Coffee,4.0,2.0,8.0,8.0,0.0,Credit Card,Takeaway
TXN_2703095,2023-10-05,2023,10,5,Salad,1.0,5.0,5.0,5.0,0.0,Não informado,Não informado
TXN_7282082,2023-02-02,2023,2,2,Sandwich,4.0,4.0,16.0,16.0,0.0,Não informado,In-store
TXN_6705109,2023-08-05,2023,8,5,Cake,3.0,3.0,9.0,9.0,0.0,Cash,In-store
TXN_1857902,2023-04-26,2023,4,26,Sandwich,5.0,4.0,20.0,20.0,0.0,Não informado,Takeaway
TXN_5788053,2023-01-04,2023,1,4,Sandwich,5.0,4.0,20.0,20.0,0.0,Digital Wallet,Não informado
TXN_8650185,2023-06-13,2023,6,13,Smoothie,5.0,4.0,20.0,20.0,0.0,Cash,Não informado
TXN_1171281,2023-02-06,2023,2,6,Coffee,2.0,2.0,4.0,4.0,0.0,Digital Wallet,Não informado
TXN_9875865,2023-10-23,2023,10,23,Cookie,3.0,1.0,,3.0,,Digital Wallet,Não informado
TXN_6244602,2023-05-06,2023,5,6,Cake,5.0,3.0,15.0,15.0,0.0,Digital Wallet,Não informado
TXN_7762815,2023-07-26,2023,7,26,Smoothie,5.0,4.0,20.0,20.0,0.0,Credit Card,Não informado
TXN_8421481,2023-07-27,2023,7,27,Coffee,4.0,2.0,8.0,8.0,0.0,Digital Wallet,Takeaway
TXN_6201227,2023-01-15,2023,1,15,Salad,2.0,5.0,10.0,10.0,0.0,Cash,Takeaway
TXN_9052231,2023-08-20,2023,8,20,Sandwich,1.0,4.0,4.0,4.0,0.0,Credit Card,In-store
TXN_8228865,2023-09-19,2023,9,19,Juice,3.0,3.0,9.0,9.0,0.0,Digital Wallet,In-store
TXN_5875188,2023-07-09,2023,7,9,Salad,3.0,5.0,15.0,15.0,0.0,Digital Wallet,In-store
TXN_7997704,2023-04-28,2023,4,28,Sandwich,2.0,4.0,,8.0,,Digital Wallet,Não informado
TXN_4409875,2023-09-08,2023,9,8,Cake,3.0,3.0,9.0,9.0,0.0,Digital Wallet,Não informado
TXN_4015427,2023-08-05,2023,8,5,Cookie,5.0,1.0,5.0,5.0,0.0,Credit Card,Não informado
TXN_3358787,2023-06-10,2023,6,10,Cake,1.0,3.0,3.0,3.0,0.0,Digital Wallet,Não informado
TXN_1307239,2023-10-26,2023,10,26,Coffee,1.0,2.0,2.0,2.0,0.0,Digital Wallet,Takeaway
TXN_5138519,2023-05-22,2023,5,22,Cake,5.0,3.0,15.0,15.0,0.0,Cash,In-store
TXN_8763436,2023-04-11,2023,4,11,Juice,4.0,3.0,12.0,12.0,0.0,Cash,Não informado
TXN_4052950,2023-03-13,2023,3,13,Salad,2.0,5.0,10.0,10.0,0.0,Credit Card,Não informado
TXN_2207332,2023-01-12,2023,1,12,Coffee,1.0,2.0,2.0,2.0,0.0,Credit Card,Não informado
TXN_6710660,2023-02-08,2023,2,8,Salad,2.0,5.0,10.0,10.0,0.0,Cash,In-store
TXN_9523369,2023-08-25,2023,8,25,Coffee,3.0,2.0,6.0,6.0,0.0,Digital Wallet,Takeaway
TXN_3548756,2023-02-24,2023,2,24,Juice,3.0,3.0,9.0,9.0,0.0,Digital Wallet,Não informado
TXN_9332035,2023-11-02,2023,11,2,Cookie,2.0,1.0,2.0,2.0,0.0,Digital Wallet,Não informado
TXN_7846513,2023-10-19,2023,10,19,Sandwich,3.0,4.0,12.0,12.0,0.0,Credit Card,Não informado
TXN_6188931,2023-01-28,2023,1,28,Cake,5.0,3.0,15.0,15.0,0.0,Digital Wallet,In-store
TXN_4076392,2023-12-24,2023,12,24,Coffee,3.0,2.0,6.0,6.0,0.0,Não informado,In-store
TXN_2365394,2023-04-06,2023,4,6,Cake,2.0,3.0,6.0,6.0,0.0,Digital Wallet,In-store
TXN_7089466,2023-12-26,2023,12,26,Cookie,4.0,1.0,4.0,4.0,0.0,Não informado,Não informado
TXN_2898188,2023-04-26,2023,4,26,Salad,4.0,5.0,20.0,20.0,0.0,Digital Wallet,Takeaway
TXN_1632205,2023-02-04,2023,2,4,Cookie,4.0,1.0,4.0,4.0,0.0,Não informado,In-store
TXN_3741197,2023-10-13,2023,10,13,Cake,4.0,3.0,12.0,12.0,0.0,Credit Card,Não informado
TXN_5300938,2023-10-30,2023,10,30,Tea,5.0,1.5,7.5,7.5,0.0,Cash,Takeaway
TXN_3547013,2023-04-26,2023,4,26,Tea,3.0,1.5,4.5,4.5,0.0,Não informado,Não informado
TXN_7705748,2023-07-14,2023,7,14,Juice,3.0,3.0,9.0,9.0,0.0,Digital Wallet,Não informado
TXN_8073173,2023-07-05,2023,7,5,Tea,5.0,1.5,7.5,7.5,0.0,Cash,Não informado
TXN_1489746,2023-12-18,2023,12,18,Cookie,3.0,1.0,3.0,3.0,0.0,Digital Wallet,In-store
TXN_2864951,2023-10-09,2023,10,9,Tea,5.0,1.5,7.5,7.5,0.0,Credit Card,Takeaway
TXN_6817889,2023-10-04,2023,10,4,Tea,1.0,1.5,1.5,1.5,0.0,Não informado,Não informado
TXN_7402573,2023-02-13,2023,2,13,Sandwich,4.0,4.0,,16.0,,Não informado,Takeaway
TXN_4762520,2023-07-17,2023,7,17,Smoothie,1.0,4.0,4.0,4.0,0.0,Cash,Takeaway
TXN_6869880,2023-08-05,2023,8,5,Juice,4.0,3.0,12.0,12.0,0.0,Digital Wallet,Takeaway
TXN_3054405,2023-11-19,2023,11,19,Juice,3.0,3.0,9.0,9.0,0.0,Cash,In-store
TXN_2085992,2023-05-15,2023,5,15,Cake,1.0,3.0,3.0,3.0,0.0,Não informado,Takeaway
TXN_1443201,2023-10-03,2023,10,3,Cookie,5.0,1.0,5.0,5.0,0.0,Credit Card,In-store
TXN_9157460,2023-01-23,2023,1,23,Cake,4.0,3.0,12.0,12.0,0.0,Digital Wallet,Takeaway
TXN_2299364,2023-10-26,2023,10,26,Salad,1.0,5.0,5.0,5.0,0.0,Cash,In-store
TXN_9948645,2023-08-29,2023,8,29,Salad,1.0,5.0,5.0,5.0,0.0,Credit Card,Não informado
TXN_8244640,2023-09-24,2023,9,24,Cookie,1.0,1.0,1.0,1.0,0.0,Não informado,Takeaway
TXN_9507568,2023-10-12,2023,10,12,Smoothie,4.0,4.0,16.0,16.0,0.0,Credit Card,Não informado
TXN_7952916,2023-12-10,2023,12,10,Coffee,4.0,2.0,8.0,8.0,0.0,Não informado,Não informado
TXN_1058927,2023-07-08,2023,7,8,Sandwich,4.0,4.0,16.0,16.0,0.0,Cash,Não informado
TXN_4497327,2023-11-08,2023,11,8,Cookie,2.0,1.0,2.0,2.0,0.0,Credit Card,Não informado
TXN_6029333,2023-06-10,2023,6,10,Cake,1.0,3.0,3.0,3.0,0.0,Não informado,Não informado
TXN_9300970,2023-03-06,2023,3,6,Cake,2.0,3.0,6.0,6.0,0.0,Credit Card,Takeaway
TXN_5747642,2023-07-26,2023,7,26,Salad,2.0,5.0,10.0,10.0,0.0,Cash,Takeaway
TXN_1505875,2023-05-17,2023,5,17,Smoothie,4.0,4.0,16.0,16.0,0.0,Cash,Takeaway
TXN_5417192,2023-06-23,2023,6,23,Cookie,4.0,1.0,4.0,4.0,0.0,Cash,In-store
TXN_1522140,2023-05-28,2023,5,28,Cookie,4.0,1.0,4.0,4.0,0.0,Cash,Não informado
TXN_5357157,2023-05-21,2023,5,21,Juice,4.0,3.0,12.0,12.0,0.0,Credit Card,In-store
TXN_2000400,2023-09-29,2023,9,29,Tea,5.0,1.5,7.5,7.5,0.0,Digital Wallet,Takeaway
TXN_5612022,2023-09-27,2023,9,27,Cookie,5.0,1.0,5.0,5.0,0.0,Digital Wallet,Não informado
TXN_3105489,2023-03-14,2023,3,14,Cake,3.0,3.0,9.0,9.0,0.0,Digital Wallet,In-store
TXN_4509329,2023-10-22,2023,10,22,Tea,1.0,1.5,1.5,1.5,0.0,Não informado,Takeaway
TXN_2096922,2023-12-11,2023,12,11,Coffee,3.0,2.0,6.0,6.0,0.0,Digital Wallet,Takeaway
TXN_2563679,2023-04-09,2023,4,9,Salad,3.0,5.0,15.0,15.0,0.0,Digital Wallet,Não informado
TXN_2930503,2023-06-18,2023,6,18,Juice,3.0,3.0,9.0,9.0,0.0,Não informado,In-store
TXN_9265178,2023-03-18,2023,3,18,Sandwich,4.0,4.0,16.0,16.0,0.0,Cash,Takeaway
TXN_7126770,2023-11-09,2023,11,9,Cake,4.0,3.0,12.0,12.0,0.0,Credit Card,Takeaway
TXN_6348409,2023-07-26,2023,7,26,Salad,3.0,5.0,15.0,15.0,0.0,Credit Card,Takeaway
TXN_2538739,2023-07-29,2023,7,29,Salad,2.0,5.0,10.0,10.0,0.0,Não informado,In-store
TXN_4159135,2023-02-09,2023,2,9,Coffee,3.0,2.0,6.0,6.0,0.0,Não informado,Takeaway
TXN_4654061,2023-05-04,2023,5,4,Sandwich,2.0,4.0,8.0,8.0,0.0,Credit Card,Não informado
TXN_8160791,2023-10-24,2023,10,24,Cake,5.0,3.0,15.0,15.0,0.0,Digital Wallet,In-store
TXN_1647069,2023-04-06,2023,4,6,Sandwich,1.0,4.0,4.0,4.0,0.0,Credit Card,Takeaway
TXN_1512185,2023-06-16,2023,6,16,Coffee,4.0,2.0,8.0,8.0,0.0,Cash,Takeaway
TXN_8632653,2023-12-24,2023,12,24,Juice,2.0,3.0,6.0,6.0,0.0,Não informado,In-store
TXN_4190750,2023-04-02,2023,4,2,Juice,5.0,3.0,15.0,15.0,0.0,Não informado,Takeaway
TXN_9470260,2023-10-07,2023,10,7,Coffee,5.0,2.0,10.0,10.0,0.0,Não informado,In-store
TXN_6257213,2023-12-12,2023,12,12,Juice,5.0,3.0,15.0,15.0,0.0,Cash,Não informado
TXN_1004563,2023-10-28,2023,10,28,Tea,5.0,1.5,7.5,7.5,0.0,Credit Card,In-store
TXN_5352739,2023-07-31,2023,7,31,Sandwich,4.0,4.0,,16.0,,Não informado,Não informado
TXN_7387056,2023-10-24,2023,10,24,Juice,4.0,3.0,,12.0,,Credit Card,Não informado
TXN_1927431,2023-02-07,2023,2,7,Cookie,1.0,1.0,1.0,1.0,0.0,Credit Card,In-store
TXN_3432433,2023-02-19,2023,2,19,Cookie,5.0,1.0,5.0,5.0,0.0,Cash,In-store
TXN_1130142,2023-03-13,2023,3,13,Cookie,1.0,1.0,1.0,1.0,0.0,Credit Card,In-store
TXN_6682443,2023-09-03,2023,9,3,Cake,4.0,3.0,12.0,12.0,0.0,Digital Wallet,Não informado
TXN_3279039,2023-06-26,2023,6,26,Cake,4.0,3.0,12.0,12.0,0.0,Credit Card,In-store
TXN_1295824,2023-08-01,2023,8,1,Tea,1.0,1.5,1.5,1.5,0.0,Credit Card,Não informado
TXN_8305936,2023-08-02,2023,8,2,Juice,3.0,3.0,9.0,9.0,0.0,Digital Wallet,In-store
TXN_3808895,2023-07-13,2023,7,13,Salad,2.0,5.0,10.0,10.0,0.0,Cash,In-store
TXN_9843811,2023-03-01,2023,3,1,Juice,2.0,3.0,6.0,6.0,0.0,Credit Card,Não informado
TXN_6405258,2023-08-10,2023,8,10,Tea,2.0,1.5,3.0,3.0,0.0,Credit Card,Takeaway
TXN_1224087,2023-03-20,2023,3,20,Coffee,5.0,2.0,10.0,10.0,0.0,Digital Wallet,Takeaway
TXN_7727118,2023-11-04,2023,11,4,Smoothie,5.0,4.0,20.0,20.0,0.0,Digital Wallet,Takeaway
TXN_8456072,2023-07-11,2023,7,11,Smoothie,1.0,4.0,4.0,4.0,0.0,Não informado,In-store
TXN_8173006,2023-12-21,2023,12,21,Salad,3.0,5.0,15.0,15.0,0.0,Não informado,Takeaway
TXN_8413949,2023-10-14,2023,10,14,Juice,1.0,3.0,3.0,3.0,0.0,Credit Card,In-store
TXN_7538763,2023-11-18,2023,11,18,Smoothie,1.0,4.0,,4.0,,Não informado,Takeaway
TXN_6541110,2023-12-30,2023,12,30,Cookie,3.0,1.0,3.0,3.0,0.0,Cash,In-store
TXN_6814891,2023-06-26,2023,6,26,Coffee,1.0,2.0,2.0,2.0,0.0,Digital Wallet,Takeaway
TXN_9884180,2023-05-19,2023,5,19,Salad,1.0,5.0,5.0,5.0,0.0,Cash,Takeaway
TXN_6775024,2023-01-30,2023,1,30,Coffee,2.0,2.0,4.0,4.0,0.0,Cash,In-store
TXN_8540553,2023-07-13,2023,7,13,Cake,1.0,3.0,3.0,3.0,0.0,Não informado,In-store
TXN_6501361,2023-01-17,2023,1,17,Salad,5.0,5.0,25.0,25.0,0.0,Cash,In-store
TXN_4283360,2023-12-19,2023,12,19,Coffee,2.0,2.0,4.0,4.0,0.0,Credit Card,In-store
TXN_3956393,2023-01-14,2023,1,14,Cookie,4.0,1.0,4.0,4.0,0.0,Credit Card,In-store
TXN_1971103,2023-08-22,2023,8,22,Juice,4.0,3.0,12.0,12.0,0.0,Não informado,Não informado
TXN_9576057,2023-03-03,2023,3,3,Tea,5.0,1.5,7.5,7.5,0.0,Digital Wallet,Takeaway
TXN_1435035,2023-12-31,2023,12,31,Smoothie,1.0,4.0,4.0,4.0,0.0,Não informado,In-store
TXN_8111101,2023-01-12,2023,1,12,Sandwich,5.0,4.0,20.0,20.0,0.0,Cash,Não informado
TXN_8323012,2023-12-17,2023,12,17,Tea,3.0,1.5,4.5,4.5,0.0,Credit Card,Não informado
TXN_9415451,2023-01-04,2023,1,4,Cake,3.0,3.0,9.0,9.0,0.0,Não informado,Takeaway
TXN_7072883,2023-10-05,2023,10,5,Smoothie,1.0,4.0,4.0,4.0,0.0,Credit Card,Não informado
TXN_7455637,2023-04-23,2023,4,23,Juice,3.0,3.0,9.0,9.0,0.0,Não informado,Takeaway
TXN_3779292,2023-12-30,2023,12,30,Salad,2.0,5.0,10.0,10.0,0.0,Credit Card,In-store
TXN_2629420,2023-01-16,2023,1,16,Smoothie,2.0,4.0,8.0,8.0,0.0,Não informado,Takeaway
TXN_5848025,2023-01-19,2023,1,19,Tea,5.0,1.5,7.5,7.5,0.0,Credit Card,In-store
TXN_1452253,2023-05-12,2023,5,12,Sandwich,2.0,4.0,,8.0,,Não informado,Não informado
TXN_4661976,2023-10-13,2023,10,13,Smoothie,3.0,4.0,12.0,12.0,0.0,Digital Wallet,Não informado
TXN_4818703,2023-04-20,2023,4,20,Cookie,2.0,1.0,2.0,2.0,0.0,Digital Wallet,Takeaway
TXN_9849760,2023-09-01,2023,9,1,Cake,2.0,3.0,6.0,6.0,0.0,Não informado,Takeaway
TXN_6387334,2023-02-19,2023,2,19,Smoothie,5.0,4.0,,20.0,,Digital Wallet,In-store
TXN_6431384,2023-08-06,2023,8,6,Juice,4.0,3.0,12.0,12.0,0.0,Digital Wallet,In-store
TXN_2445017,2023-07-23,2023,7,23,Tea,5.0,1.5,7.5,7.5,0.0,Não informado,Takeaway
TXN_1486576,2023-09-10,2023,9,10,Sandwich,4.0,4.0,16.0,16.0,0.0,Não informado,Takeaway
TXN_5530717,2023-03-10,2023,3,10,Juice,1.0,3.0,3.0,3.0,0.0,Credit Card,In-store
TXN_7490314,2023-05-14,2023,5,14,Cookie,2.0,1.0,2.0,2.0,0.0,Não informado,In-store
TXN_1811734,2023-07-16,2023,7,16,Coffee,4.0,2.0,8.0,8.0,0.0,Não informado,Não informado
TXN_3100053,2023-12-19,2023,12,19,Cake,3.0,3.0,9.0,9.0,0.0,Cash,In-store
TXN_5812394,2023-10-17,2023,10,17,Salad,5.0,5.0,25.0,25.0,0.0,Cash,Não informado
TXN_6315475,2023-09-23,2023,9,23,Coffee,2.0,2.0,4.0,4.0,0.0,Não informado,Não informado
TXN_5373441,2023-06-02,2023,6,2,Salad,1.0,5.0,,5.0,,Não informado,In-store
TXN_1094145,2023-03-15,2023,3,15,Cookie,3.0,1.0,3.0,3.0,0.0,Credit Card,Não informado
TXN_6504180,2023-08-31,2023,8,31,Smoothie,1.0,4.0,4.0,4.0,0.0,Digital Wallet,In-store
TXN_6378045,2023-05-07,2023,5,7,Sandwich,5.0,4.0,20.0,20.0,0.0,Digital Wallet,In-store
TXN_4502704,2023-04-04,2023,4,4,Tea,4.0,1.5,6.0,6.0,0.0,Não informado,In-store
TXN_6992967,2023-08-29,2023,8,29,Smoothie,5.0,4.0,20.0,20.0,0.0,Cash,Não informado
TXN_6266147,2023-01-31,2023,1,31,Juice,3.0,3.0,9.0,9.0,0.0,Credit Card,In-store
TXN_7499330,2023-10-28,2023,10,28,Cookie,1.0,1.0,,1.0,,Credit Card,In-store
TXN_8815623,2023-02-03,2023,2,3,Coffee,2.0,2.0,4.0,4.0,0.0,Digital Wallet,In-store
TXN_7632478,2023-04-11,2023,4,11,Juice,2.0,3.0,6.0,6.0,0.0,Digital Wallet,Não informado
TXN_5431854,2023-01-18,2023,1,18,Cookie,3.0,1.0,3.0,3.0,0.0,Não informado,In-store
TXN_3518789,2023-12-01,2023,12,1,Coffee,2.0,2.0,4.0,4.0,0.0,Digital Wallet,Takeaway
TXN_4767006,2023-08-23,2023,8,23,Cake,1.0,3.0,3.0,3.0,0.0,Cash,Takeaway
TXN_2880409,2023-09-11,2023,9,11,Tea,4.0,1.5,6.0,6.0,0.0,Cash,Não informado
TXN_4277671,2023-08-21,2023,8,21,Tea,5.0,1.5,7.5,7.5,0.0,Não informado,Takeaway
TXN_8810601,2023-08-18,2023,8,18,Juice,2.0,3.0,6.0,6.0,0.0,Digital Wallet,Não informado
TXN_6572164,2023-01-15,2023,1,15,Cookie,4.0,1.0,4.0,4.0,0.0,Credit Card,Takeaway
TXN_6920323,2023-06-10,2023,6,10,Sandwich,1.0,4.0,4.0,4.0,0.0,Credit Card,Não informado
TXN_6519486,2023-02-05,2023,2,5,Cake,5.0,3.0,15.0,15.0,0.0,Não informado,Não informado
TXN_7524971,2023-09-05,2023,9,5,Tea,4.0,1.5,6.0,6.0,0.0,Digital Wallet,Takeaway
TXN_4650447,2023-08-18,2023,8,18,Tea,1.0,1.5,1.5,1.5,0.0,Cash,Não informado
TXN_3928174,2023-09-11,2023,9,11,Coffee,3.0,2.0,6.0,6.0,0.0,Não informado,Não informado
TXN_1700027,2023-06-04,2023,6,4,Smoothie,4.0,4.0,16.0,16.0,0.0,Digital Wallet,In-store
TXN_5202349,2023-11-27,2023,11,27,Cookie,4.0,1.0,4.0,4.0,0.0,Não informado,In-store
TXN_2409052,2023-07-08,2023,7,8,Sandwich,1.0,4.0,4.0,4.0,0.0,Credit Card,In-store
TXN_8528546,2023-12-09,2023,12,9,Cake,3.0,3.0,9.0,9.0,0.0,Cash,Não informado
TXN_4849860,2023-12-01,2023,12,1,Tea,4.0,1.5,6.0,6.0,0.0,Credit Card,In-store
TXN_6905794,2023-05-31,2023,5,31,Salad,1.0,5.0,,5.0,,Cash,Takeaway
TXN_4469769,2023-08-15,2023,8,15,Salad,5.0,5.0,25.0,25.0,0.0,Não informado,Não informado
TXN_9452261,2023-11-29,2023,11,29,Cake,5.0,3.0,15.0,15.0,0.0,Não informado,Não informado
TXN_7347515,2023-04-25,2023,4,25,Smoothie,3.0,4.0,12.0,12.0,0.0,Não informado,Takeaway
TXN_1940330,2023-01-12,2023,1,12,Tea,4.0,1.5,6.0,6.0,0.0,Não informado,In-store
TXN_1576355,2023-10-20,2023,10,20,Coffee,4.0,2.0,8.0,8.0,0.0,Não informado,Não informado
TXN_9511794,2023-06-10,2023,6,10,Cookie,1.0,1.0,1.0,1.0,0.0,Cash,Takeaway
TXN_9024781,2023-09-12,2023,9,12,Smoothie,4.0,4.0,16.0,16.0,0.0,Cash,In-store
TXN_7771526,2023-04-28,2023,4,28,Juice,1.0,3.0,3.0,3.0,0.0,Cash,In-store
TXN_7070302,2023-04-30,2023,4,30,Salad,3.0,5.0,15.0,15.0,0.0,Não informado,In-store
TXN_6511228,2023-11-01,2023,11,1,Salad,4.0,5.0,20.0,20.0,0.0,Credit Card,Não informado
TXN_5320512,2023-04-25,2023,4,25,Tea,5.0,1.5,7.5,7.5,0.0,Não informado,In-store
TXN_8591813,2023-10-31,2023,10,31,Coffee,3.0,2.0,6.0,6.0,0.0,Cash,Takeaway
TXN_4095768,2023-06-18,2023,6,18,Salad,5.0,5.0,25.0,25.0,0.0,Digital Wallet,In-store
TXN_9107508,2023-06-06,2023,6,6,Coffee,1.0,2.0,2.0,2.0,0.0,Não informado,Não informado
TXN_5534944,2023-01-26,2023,1,26,Tea,5.0,1.5,7.5,7.5,0.0,Credit Card,Takeaway
TXN_5839300,2023-07-01,2023,7,1,Cake,1.0,3.0,3.0,3.0,0.0,Credit Card,Não informado
TXN_7801115,2023-12-18,2023,12,18,Tea,1.0,1.5,1.5,1.5,0.0,Cash,Não informado
TXN_7145259,2023-11-11,2023,11,11,Juice,2.0,3.0,6.0,6.0,0.0,Digital Wallet,In-store
TXN_2817018,2023-04-25,2023,4,25,Sandwich,3.0,4.0,12.0,12.0,0.0,Credit Card,Takeaway
TXN_6762490,2023-05-03,2023,5,3,Juice,5.0,3.0,15.0,15.0,0.0,Cash,Não informado
TXN_6012446,2023-07-20,2023,7,20,Smoothie,4.0,4.0,16.0,16.0,0.0,Cash,Takeaway
TXN_8936086,2023-11-27,2023,11,27,Sandwich,4.0,4.0,16.0,16.0,0.0,Não informado,In-store
TXN_4135134,2023-08-11,2023,8,11,Cookie,5.0,1.0,5.0,5.0,0.0,Credit Card,Takeaway
TXN_2212234,2023-12-22,2023,12,22,Juice,2.0,3.0,6.0,6.0,0.0,Cash,In-store
TXN_5115009,2023-02-21,2023,2,21,Cake,4.0,3.0,12.0,12.0,0.0,Não informado,Takeaway
TXN_9827492,2023-07-13,2023,7,13,Tea,3.0,1.5,4.5,4.5,0.0,Não informado,Não informado
TXN_6344003,2023-12-22,2023,12,22,Cake,1.0,3.0,3.0,3.0,0.0,Não informado,Não informado
TXN_1993155,2023-05-23,2023,5,23,Juice,1.0,3.0,3.0,3.0,0.0,Não informado,Não informado
TXN_4566012,2023-05-10,2023,5,10,Cookie,5.0,1.0,5.0,5.0,0.0,Credit Card,Takeaway
TXN_1030539,2023-11-06,2023,11,6,Cake,3.0,3.0,9.0,9.0,0.0,Não informado,Takeaway
TXN_5125382,2023-12-26,2023,12,26,Coffee,1.0,2.0,2.0,2.0,0.0,Digital Wallet,In-store
TXN_5015183,2023-08-29,2023,8,29,Cake,2.0,3.0,6.0,6.0,0.0,Não informado,In-store
TXN_1661068,2023-04-09,2023,4,9,Salad,3.0,5.0,15.0,15.0,0.0,Cash,Takeaway
TXN_9549381,2023-11-23,2023,11,23,Juice,1.0,3.0,3.0,3.0,0.0,Digital Wallet,In-store
TXN_7812084,2023-01-17,2023,1,17,Sandwich,4.0,4.0,16.0,16.0,0.0,Cash,In-store
TXN_1694364,2023-06-10,2023,6,10,Sandwich,3.0,4.0,12.0,12.0,0.0,Não informado,Takeaway
TXN_4191925,2023-10-21,2023,10,21,Coffee,2.0,2.0,4.0,4.0,0.0,Não informado,Não informado
TXN_2258091,2023-10-11,2023,10,11,Juice,2.0,3.0,6.0,6.0,0.0,Não informado,In-store
TXN_6482262,2023-05-13,2023,5,13,Juice,3.0,3.0,9.0,9.0,0.0,Credit Card,Não informado
TXN_1951166,2023-08-28,2023,8,28,Tea,2.0,1.5,,3.0,,Credit Card,Não informado
TXN_4552615,2023-04-09,2023,4,9,Cake,2.0,3.0,6.0,6.0,0.0,Cash,Takeaway
TXN_6745856,2023-06-16,2023,6,16,Cake,4.0,3.0,12.0,12.0,0.0,Cash,In-store
TXN_4898949,2023-09-18,2023,9,18,Salad,1.0,5.0,5.0,5.0,0.0,Não informado,In-store
TXN_2338426,2023-05-07,2023,5,7,Coffee,2.0,2.0,4.0,4.0,0.0,Não informado,Não informado
TXN_3369191,2023-02-07,2023,2,7,Cookie,5.0,1.0,5.0,5.0,0.0,Cash,Takeaway
TXN_5551020,2023-01-31,2023,1,31,Sandwich,2.0,4.0,,8.0,,Credit Card,Não informado
TXN_9269683,2023-09-26,2023,9,26,Sandwich,5.0,4.0,20.0,20.0,0.0,Digital Wallet,Não informado
TXN_9287350,2023-01-28,2023,1,28,Smoothie,2.0,4.0,8.0,8.0,0.0,Não informado,In-store
TXN_6541809,2023-05-01,2023,5,1,Tea,3.0,1.5,4.5,4.5,0.0,Não informado,Não informado
TXN_4398750,2023-05-28,2023,5,28,Sandwich,2.0,4.0,8.0,8.0,0.0,Cash,In-store
TXN_9850541,2023-09-02,2023,9,2,Cookie,4.0,1.0,4.0,4.0,0.0,Cash,Takeaway
TXN_4262142,2023-01-02,2023,1,2,Cake,2.0,3.0,6.0,6.0,0.0,Cash,Takeaway
TXN_7153313,2023-12-29,2023,12,29,Tea,1.0,1.5,1.5,1.5,0.0,Cash,Não informado
TXN_8581124,2023-05-08,2023,5,8,Salad,2.0,5.0,10.0,10.0,0.0,Credit Card,Não informado
TXN_3589218,2023-06-21,2023,6,21,Salad,2.0,5.0,10.0,10.0,0.0,Credit Card,In-store
TXN_7303515,2023-05-29,2023,5,29,Salad,4.0,5.0,20.0,20.0,0.0,Cash,In-store
TXN_2586183,2023-09-04,2023,9,4,Cookie,2.0,1.0,2.0,2.0,0.0,Cash,Não informado
TXN_2436779,2023-05-24,2023,5,24,Cake,1.0,3.0,3.0,3.0,0.0,Credit Card,Takeaway
TXN_4001763,2023-05-11,2023,5,11,Juice,3.0,3.0,9.0,9.0,0.0,Não informado,Takeaway
TXN_6974587,2023-06-16,2023,6,16,Salad,3.0,5.0,15.0,15.0,0.0,Cash,Não informado
TXN_2719734,2023-05-22,2023,5,22,Cake,5.0,3.0,15.0,15.0,0.0,Digital Wallet,In-store
TXN_2887332,2023-11-16,2023,11,16,Sandwich,5.0,4.0,20.0,20.0,0.0,Não informado,Não informado
TXN_8566668,2023-02-12,2023,2,12,Sandwich,5.0,4.0,20.0,20.0,0.0,Digital Wallet,In-store
TXN_8284384,2023-06-05,2023,6,5,Juice,2.0,3.0,6.0,6.0,0.0,Digital Wallet,Takeaway
TXN_2139240,2023-04-06,2023,4,6,Sandwich,4.0,4.0,16.0,16.0,0.0,Digital Wallet,Não informado
TXN_5454841,2023-06-04,2023,6,4,Cookie,5.0,1.0,5.0,5.0,0.0,Não informado,Takeaway
TXN_8104431,2023-03-07,2023,3,7,Tea,5.0,1.5,7.5,7.5,0.0,Não informado,In-store
TXN_5141000,2023-06-16,2023,6,16,Smoothie,4.0,4.0,16.0,16.0,0.0,Não informado,Takeaway
TXN_2508499,2023-02-22,2023,2,22,Tea,3.0,1.5,4.5,4.5,0.0,Credit Card,In-store
TXN_4571510,2023-11-19,2023,11,19,Smoothie,3.0,4.0,12.0,12.0,0.0,Cash,Takeaway
TXN_4742476,2023-10-27,2023,10,27,Coffee,2.0,2.0,4.0,4.0,0.0,Cash,In-store
TXN_8510436,2023-07-19,2023,7,19,Cake,1.0,3.0,3.0,3.0,0.0,Digital Wallet,In-store
TXN_7509630,2023-04-20,2023,4,20,Cookie,3.0,1.0,3.0,3.0,0.0,Cash,In-store
TXN_5276301,2023-03-13,2023,3,13,Cake,3.0,3.0,9.0,9.0,0.0,Cash,Não informado
TXN_4977130,2023-07-08,2023,7,8,Sandwich,1.0,4.0,4.0,4.0,0.0,Digital Wallet,In-store
TXN_9284099,2023-07-20,2023,7,20,Cake,2.0,3.0,6.0,6.0,0.0,Digital Wallet,In-store
TXN_1900411,2023-09-24,2023,9,24,Salad,3.0,5.0,15.0,15.0,0.0,Não informado,Não informado
TXN_7454416,2023-12-07,2023,12,7,Tea,1.0,1.5,1.5,1.5,0.0,Credit Card,Takeaway
TXN_4178899,2023-04-05,2023,4,5,Coffee,2.0,2.0,4.0,4.0,0.0,Não informado,Takeaway
TXN_6587399,2023-08-08,2023,8,8,Smoothie,1.0,4.0,4.0,4.0,0.0,Não informado,Takeaway
TXN_7179013,2023-05-06,2023,5,6,Juice,5.0,3.0,15.0,15.0,0.0,Credit Card,In-store
TXN_7694559,2023-05-05,2023,5,5,Cookie,3.0,1.0,3.0,3.0,0.0,Cash,Takeaway
TXN_4391496,2023-02-20,2023,2,20,Sandwich,1.0,4.0,4.0,4.0,0.0,Cash,Não informado
TXN_5668193,2023-08-14,2023,8,14,Coffee,5.0,2.0,10.0,10.0,0.0,Cash,Takeaway
TXN_1448501,2023-09-10,2023,9,10,Cake,4.0,3.0,12.0,12.0,0.0,Credit Card,Takeaway
TXN_7139869,2023-06-22,2023,6,22,Tea,1.0,1.5,1.5,1.5,0.0,Cash,In-store
TXN_6419668,2023-04-29,2023,4,29,Sandwich,3.0,4.0,12.0,12.0,0.0,Credit Card,In-store
TXN_8810001,2023-12-23,2023,12,23,Smoothie,5.0,4.0,20.0,20.0,0.0,Digital Wallet,Takeaway
TXN_5647773,2023-07-20,2023,7,20,Salad,2.0,5.0,10.0,10.0,0.0,Não informado,In-store
TXN_4439120,2023-03-31,2023,3,31,Cookie,2.0,1.0,2.0,2.0,0.0,Credit Card,In-store
TXN_4613510,2023-02-16,2023,2,16,Cake,5.0,3.0,15.0,15.0,0.0,Credit Card,Takeaway
TXN_7937275,2023-09-18,2023,9,18,Cake,4.0,3.0,12.0,12.0,0.0,Credit Card,Não informado
TXN_7565052,2023-06-18,2023,6,18,Smoothie,5.0,4.0,20.0,20.0,0.0,Não informado,In-store
TXN_2044375,2023-01-05,2023,1,5,Salad,1.0,5.0,5.0,5.0,0.0,Cash,Takeaway
TXN_1772692,2023-09-05,2023,9,5,Smoothie,3.0,4.0,12.0,12.0,0.0,Cash,Não informado
TXN_6399545,2023-03-22,2023,3,22,Sandwich,4.0,4.0,16.0,16.0,0.0,Credit Card,Takeaway
TXN_4049031,2023-08-22,2023,8,22,Coffee,5.0,2.0,10.0,10.0,0.0,Digital Wallet,Não informado
TXN_2080228,2023-06-21,2023,6,21,Juice,1.0,3.0,3.0,3.0,0.0,Não informado,In-store
TXN_7416880,2023-07-20,2023,7,20,Cake,1.0,3.0,3.0,3.0,0.0,Credit Card,In-store
TXN_1360379,2023-08-23,2023,8,23,Tea,1.0,1.5,1.5,1.5,0.0,Credit Card,Não informado
TXN_9617454,2023-08-22,2023,8,22,Smoothie,1.0,4.0,4.0,4.0,0.0,Digital Wallet,Takeaway
TXN_6421446,2023-09-17,2023,9,17,Cake,2.0,3.0,6.0,6.0,0.0,Cash,Takeaway
TXN_6272674,2023-09-12,2023,9,12,Coffee,3.0,2.0,6.0,6.0,0.0,Cash,Não informado
TXN_6805882,2023-09-04,2023,9,4,Cookie,4.0,1.0,4.0,4.0,0.0,Cash,In-store
TXN_1475459,2023-11-09,2023,11,9,Tea,4.0,1.5,6.0,6.0,0.0,Não informado,Takeaway
TXN_5398922,2023-01-10,2023,1,10,Salad,1.0,5.0,5.0,5.0,0.0,Cash,In-store
TXN_3458602,2023-11-18,2023,11,18,Cake,2.0,3.0,6.0,6.0,0.0,Cash,In-store
TXN_6571440,2023-01-18,2023,1,18,Smoothie,2.0,4.0,8.0,8.0,0.0,Não informado,Takeaway
TXN_1368769,2023-06-02,2023,6,2,Cookie,3.0,1.0,3.0,3.0,0.0,Credit Card,Takeaway
TXN_4343848,2023-07-16,2023,7,16,Cookie,5.0,1.0,5.0,5.0,0.0,Credit Card,Takeaway
TXN_7656355,2023-09-11,2023,9,11,Sandwich,3.0,4.0,12.0,12.0,0.0,Credit Card,Takeaway
TXN_4434005,2023-03-20,2023,3,20,Cookie,1.0,1.0,1.0,1.0,0.0,Digital Wallet,In-store
TXN_9177867,2023-09-14,2023,9,14,Tea,3.0,1.5,4.5,4.5,0.0,Digital Wallet,Não informado
TXN_8158986,2023-12-10,2023,12,10,Cookie,5.0,1.0,5.0,5.0,0.0,Não informado,In-store
TXN_9882625,2023-03-26,2023,3,26,Sandwich,1.0,4.0,4.0,4.0,0.0,Cash,In-store
TXN_8937461,2023-12-22,2023,12,22,Cookie,5.0,1.0,5.0,5.0,0.0,Digital Wallet,Não informado
TXN_2485272,2023-06-30,2023,6,30,Tea,4.0,1.5,6.0,6.0,0.0,Digital Wallet,Takeaway
TXN_4085337,2023-10-25,2023,10,25,Smoothie,3.0,4.0,12.0,12.0,0.0,Não informado,In-store
TXN_6838802,2023-08-29,2023,8,29,Coffee,1.0,2.0,2.0,2.0,0.0,Não informado,Takeaway
TXN_2114182,2023-07-28,2023,7,28,Cookie,3.0,1.0,3.0,3.0,0.0,Digital Wallet,Não informado
TXN_8417552,2023-12-09,2023,12,9,Coffee,1.0,2.0,2.0,2.0,0.0,Não informado,Takeaway
TXN_1892454,2023-07-19,2023,7,19,Juice,1.0,3.0,3.0,3.0,0.0,Não informado,Não informado
TXN_9592941,2023-04-08,2023,4,8,Tea,5.0,1.5,7.5,7.5,0.0,Digital Wallet,In-store
TXN_1063342,2023-01-13,2023,1,13,Sandwich,5.0,4.0,20.0,20.0,0.0,Não informado,In-store
TXN_7153885,2023-05-22,2023,5,22,Salad,1.0,5.0,5.0,5.0,0.0,Credit Card,Não informado
TXN_5279972,2023-01-07,2023,1,7,Smoothie,4.0,4.0,16.0,16.0,0.0,Credit Card,Takeaway
TXN_6953244,2023-09-13,2023,9,13,Smoothie,5.0,4.0,20.0,20.0,0.0,Cash,Não informado
TXN_5347792,2023-02-10,2023,2,10,Salad,3.0,5.0,15.0,15.0,0.0,Digital Wallet,Não informado
TXN_1574190,2023-12-17,2023,12,17,Smoothie,3.0,4.0,12.0,12.0,0.0,Não informado,Não informado
TXN_9550629,2023-02-06,2023,2,6,Smoothie,1.0,4.0,4.0,4.0,0.0,Não informado,In-store
TXN_3986639,2023-10-09,2023,10,9,Salad,1.0,5.0,5.0,5.0,0.0,Credit Card,In-store
TXN_3227673,2023-10-13,2023,10,13,Cookie,1.0,1.0,,1.0,,Cash,Não informado
TXN_2915287,2023-01-16,2023,1,16,Salad,1.0,5.0,5.0,5.0,0.0,Digital Wallet,Takeaway
TXN_2513558,2023-10-11,2023,10,11,Juice,4.0,3.0,12.0,12.0,0.0,Não informado,Não informado
TXN_7460497,2023-11-13,2023,11,13,Cake,5.0,3.0,15.0,15.0,0.0,Cash,Não informado
TXN_1607471,2023-01-03,2023,1,3,Sandwich,2.0,4.0,8.0,8.0,0.0,Credit Card,Takeaway
TXN_1244739,2023-09-13,2023,9,13,Salad,2.0,5.0,10.0,10.0,0.0,Credit Card,Takeaway
TXN_6807913,2023-01-22,2023,1,22,Juice,3.0,3.0,9.0,9.0,0.0,Credit Card,Takeaway
TXN_6438869,2023-10-30,2023,10,30,Juice,5.0,3.0,15.0,15.0,0.0,Credit Card,Takeaway
TXN_1047204,2023-04-13,2023,4,13,Cookie,3.0,1.0,3.0,3.0,0.0,Digital Wallet,Não informado
TXN_4311086,2023-10-10,2023,10,10,Cake,4.0,3.0,12.0,12.0,0.0,Não informado,In-store
TXN_1075446,2023-07-17,2023,7,17,Cookie,4.0,1.0,4.0,4.0,0.0,Credit Card,Não informado
TXN_8958723,2023-11-12,2023,11,12,Sandwich,4.0,4.0,16.0,16.0,0.0,Digital Wallet,Não informado
TXN_2206740,2023-06-07,2023,6,7,Coffee,3.0,2.0,6.0,6.0,0.0,Não informado,Takeaway
TXN_2337113,2023-11-19,2023,11,19,Coffee,1.0,2.0,2.0,2.0,0.0,Digital Wallet,Takeaway
TXN_2417721,2023-10-20,2023,10,20,Coffee,4.0,2.0,8.0,8.0,0.0,Credit Card,Takeaway
TXN_5808539,2023-06-30,2023,6,30,Sandwich,1.0,4.0,,4.0,,Não informado,Takeaway
TXN_6574910,2023-09-13,2023,9,13,Cookie,1.0,1.0,1.0,1.0,0.0,Digital Wallet,Não informado
TXN_5342900,2023-07-12,2023,7,12,Cake,5.0,3.0,15.0,15.0,0.0,Cash,Não informado
TXN_2853459,2023-08-14,2023,8,14,Tea,4.0,1.5,6.0,6.0,0.0,Cash,Não informado
TXN_3379182,2023-06-03,2023,6,3,Juice,4.0,3.0,12.0,12.0,0.0,Cash,Não informado
TXN_9629448,2023-02-22,2023,2,22,Tea,2.0,1.5,3.0,3.0,0.0,Não informado,In-store
TXN_8233101,2023-02-12,2023,2,12,Salad,2.0,5.0,10.0,10.0,0.0,Cash,In-store
TXN_1247244,2023-12-27,2023,12,27,Sandwich,1.0,4.0,4.0,4.0,0.0,Digital Wallet,In-store
TXN_4292280,2023-01-01,2023,1,1,Cake,4.0,3.0,12.0,12.0,0.0,Cash,Takeaway
TXN_3670476,2023-03-25,2023,3,25,Tea,3.0,1.5,4.5,4.5,0.0,Cash,Takeaway
TXN_4506936,2023-03-20,2023,3,20,Cookie,1.0,1.0,1.0,1.0,0.0,Credit Card,Takeaway
TXN_2827994,2023-12-04,2023,12,4,Cake,5.0,3.0,15.0,15.0,0.0,Digital Wallet,In-store
TXN_5342051,2023-04-21,2023,4,21,Sandwich,3.0,4.0,12.0,12.0,0.0,Cash,Não informado
TXN_7924635,2023-02-21,2023,2,21,Smoothie,5.0,4.0,20.0,20.0,0.0,Digital Wallet,Takeaway
TXN_5958999,2023-04-13,2023,4,13,Tea,2.0,1.5,3.0,3.0,0.0,Não informado,Não informado
TXN_9098841,2023-08-07,2023,8,7,Cake,1.0,3.0,3.0,3.0,0.0,Credit Card,Não informado
TXN_9723314,2023-10-10,2023,10,10,Coffee,4.0,2.0,8.0,8.0,0.0,Cash,In-store
TXN_2311186,2023-07-16,2023,7,16,Smoothie,3.0,4.0,12.0,12.0,0.0,Digital Wallet,Não informado
TXN_3920436,2023-11-19,2023,11,19,Juice,2.0,3.0,6.0,6.0,0.0,Digital Wallet,In-store
TXN_8710758,2023-01-12,2023,1,12,Sandwich,3.0,4.0,12.0,12.0,0.0,Credit Card,In-store
TXN_4873180,2023-01-17,2023,1,17,Tea,5.0,1.5,7.5,7.5,0.0,Digital Wallet,In-store
TXN_9997620,2023-12-11,2023,12,11,Cookie,2.0,1.0,2.0,2.0,0.0,Cash,Não informado
TXN_2830671,2023-11-08,2023,11,8,Sandwich,1.0,4.0,4.0,4.0,0.0,Cash,Takeaway
TXN_5337074,2023-01-12,2023,1,12,Cookie,3.0,1.0,3.0,3.0,0.0,Credit Card,In-store
TXN_9774186,2023-07-03,2023,7,3,Tea,3.0,1.5,4.5,4.5,0.0,Não informado,Não informado
TXN_7268802,2023-04-10,2023,4,10,Salad,2.0,5.0,,10.0,,Digital Wallet,Takeaway
TXN_3894735,2023-03-10,2023,3,10,Juice,5.0,3.0,15.0,15.0,0.0,Não informado,Não informado
TXN_1842981,2023-04-12,2023,4,12,Tea,5.0,1.5,,7.5,,Credit Card,Não informado
TXN_1720238,2023-05-08,2023,5,8,Salad,5.0,5.0,25.0,25.0,0.0,Não informado,Takeaway
TXN_8520687,2023-04-21,2023,4,21,Salad,5.0,5.0,25.0,25.0,0.0,Não informado,Takeaway
TXN_5793417,2023-12-29,2023,12,29,Sandwich,2.0,4.0,8.0,8.0,0.0,Digital Wallet,In-store
TXN_2927909,2023-10-04,2023,10,4,Cake,4.0,3.0,12.0,12.0,0.0,Credit Card,Não informado
TXN_3412484,2023-09-06,2023,9,6,Cake,4.0,3.0,12.0,12.0,0.0,Não informado,Takeaway
TXN_4048203,2023-12-13,2023,12,13,Smoothie,2.0,4.0,8.0,8.0,0.0,Não informado,Takeaway
TXN_6841304,2023-03-13,2023,3,13,Cake,1.0,3.0,3.0,3.0,0.0,Não informado,Não informado
TXN_2156454,2023-08-17,2023,8,17,Cookie,5.0,1.0,5.0,5.0,0.0,Não informado,In-store
TXN_4781960,2023-03-28,2023,3,28,Juice,1.0,3.0,3.0,3.0,0.0,Digital Wallet,Não informado
TXN_3982257,2023-07-23,2023,7,23,Coffee,2.0,2.0,4.0,4.0,0.0,Digital Wallet,Não informado
TXN_1463795,2023-08-04,2023,8,4,Coffee,5.0,2.0,10.0,10.0,0.0,Credit Card,Não informado
TXN_5930304,2023-11-02,2023,11,2,Sandwich,2.0,4.0,8.0,8.0,0.0,Digital Wallet,Não informado
TXN_4249989,2023-01-22,2023,1,22,Coffee,4.0,2.0,8.0,8.0,0.0,Digital Wallet,Não informado
TXN_6585794,2023-02-15,2023,2,15,Smoothie,5.0,4.0,20.0,20.0,0.0,Credit Card,In-store
TXN_5721846,2023-04-14,2023,4,14,Cookie,3.0,1.0,3.0,3.0,0.0,Cash,Takeaway
TXN_6487493,2023-03-13,2023,3,13,Salad,3.0,5.0,15.0,15.0,0.0,Cash,In-store
TXN_9395087,2023-06-12,2023,6,12,Tea,1.0,1.5,1.5,1.5,0.0,Cash,In-store
TXN_4477559,2023-10-02,2023,10,2,Juice,5.0,3.0,15.0,15.0,0.0,Credit Card,Não informado
TXN_5542033,2023-06-26,2023,6,26,Sandwich,3.0,4.0,12.0,12.0,0.0,Digital Wallet,Não informado
TXN_1710823,2023-01-27,2023,1,27,Salad,2.0,5.0,10.0,10.0,0.0,Credit Card,Não informado
TXN_6575440,2023-02-05,2023,2,5,Tea,1.0,1.5,1.5,1.5,0.0,Cash,Não informado
TXN_5225537,2023-11-04,2023,11,4,Tea,5.0,1.5,7.5,7.5,0.0,Digital Wallet,Não informado
TXN_1583315,2023-10-17,2023,10,17,Cookie,3.0,1.0,3.0,3.0,0.0,Não informado,Takeaway
TXN_8130122,2023-10-23,2023,10,23,Sandwich,2.0,4.0,8.0,8.0,0.0,Não informado,In-store
TXN_3587444,2023-02-03,2023,2,3,Juice,2.0,3.0,6.0,6.0,0.0,Credit Card,Não informado
TXN_9407000,2023-10-03,2023,10,3,Sandwich,4.0,4.0,16.0,16.0,0.0,Não informado,Takeaway
TXN_7738013,2023-11-28,2023,11,28,Salad,5.0,5.0,25.0,25.0,0.0,Credit Card,Takeaway
TXN_8542781,2023-05-18,2023,5,18,Cake,2.0,3.0,6.0,6.0,0.0,Não informado,Não informado
TXN_6617283,2023-06-09,2023,6,9,Tea,4.0,1.5,6.0,6.0,0.0,Digital Wallet,Não informado
TXN_1461221,2023-04-30,2023,4,30,Salad,2.0,5.0,10.0,10.0,0.0,Cash,In-store
TXN_2056358,2023-09-17,2023,9,17,Coffee,3.0,2.0,6.0,6.0,0.0,Cash,In-store
TXN_1858674,2023-04-09,2023,4,9,Smoothie,2.0,4.0,8.0,8.0,0.0,Não informado,In-store
TXN_2251009,2023-04-02,2023,4,2,Cookie,5.0,1.0,5.0,5.0,0.0,Não informado,Não informado
TXN_5616473,2023-07-28,2023,7,28,Sandwich,4.0,4.0,16.0,16.0,0.0,Cash,Não informado
TXN_7022398,2023-12-23,2023,12,23,Sandwich,4.0,4.0,16.0,16.0,0.0,Não informado,Não informado
TXN_1004184,2023-05-18,2023,5,18,Smoothie,1.0,4.0,4.0,4.0,0.0,Credit Card,In-store
TXN_4141868,2023-02-08,2023,2,8,Tea,3.0,1.5,4.5,4.5,0.0,Credit Card,Não informado
TXN_9871971,2023-10-06,2023,10,6,Smoothie,3.0,4.0,12.0,12.0,0.0,Não informado,Takeaway
TXN_4168771,2023-08-02,2023,8,2,Coffee,5.0,2.0,10.0,10.0,0.0,Digital Wallet,Não informado
TXN_6328925,2023-09-05,2023,9,5,Salad,4.0,5.0,20.0,20.0,0.0,Credit Card,Não informado
TXN_1226662,2023-06-17,2023,6,17,Salad,1.0,5.0,5.0,5.0,0.0,Não informado,In-store
TXN_7562171,2023-09-02,2023,9,2,Tea,1.0,1.5,1.5,1.5,0.0,Não informado,In-store
TXN_2980632,2023-01-14,2023,1,14,Cookie,3.0,1.0,3.0,3.0,0.0,Credit Card,Takeaway
TXN_2609762,2023-07-26,2023,7,26,Coffee,5.0,2.0,10.0,10.0,0.0,Não informado,Takeaway
TXN_6679600,2023-03-15,2023,3,15,Coffee,1.0,2.0,2.0,2.0,0.0,Digital Wallet,Não informado
TXN_8279992,2023-07-03,2023,7,3,Juice,5.0,3.0,15.0,15.0,0.0,Não informado,Não informado
TXN_5722123,2023-11-23,2023,11,23,Cake,4.0,3.0,12.0,12.0,0.0,Digital Wallet,Takeaway
TXN_3446174,2023-10-31,2023,10,31,Cake,5.0,3.0,15.0,15.0,0.0,Cash,Não informado
TXN_3518261,2023-08-05,2023,8,5,Sandwich,2.0,4.0,8.0,8.0,0.0,Digital Wallet,Não informado
TXN_5927925,2023-11-02,2023,11,2,Juice,4.0,3.0,12.0,12.0,0.0,Digital Wallet,In-store
TXN_5101593,2023-01-25,2023,1,25,Cake,5.0,3.0,15.0,15.0,0.0,Credit Card,Takeaway
TXN_1578981,2023-05-15,2023,5,15,Cake,1.0,3.0,3.0,3.0,0.0,Cash,In-store
TXN_7876388,2023-10-05,2023,10,5,Cookie,4.0,1.0,4.0,4.0,0.0,Cash,In-store
TXN_5939363,2023-02-14,2023,2,14,Tea,5.0,1.5,7.5,7.5,0.0,Credit Card,In-store
TXN_1636908,2023-10-17,2023,10,17,Cake,4.0,3.0,12.0,12.0,0.0,Digital Wallet,Não informado
TXN_5221688,2023-07-03,2023,7,3,Coffee,2.0,2.0,4.0,4.0,0.0,Cash,Não informado
TXN_1196923,2023-04-27,2023,4,27,Smoothie,2.0,4.0,8.0,8.0,0.0,Não informado,Não informado
TXN_8944698,2023-09-15,2023,9,15,Coffee,3.0,2.0,6.0,6.0,0.0,Credit Card,Não informado
TXN_7811387,2023-11-30,2023,11,30,Cookie,5.0,1.0,5.0,5.0,0.0,Credit Card,Takeaway
TXN_1884923,2023-05-11,2023,5,11,Coffee,4.0,2.0,8.0,8.0,0.0,Digital Wallet,Takeaway
TXN_8215595,2023-11-23,2023,11,23,Tea,2.0,1.5,3.0,3.0,0.0,Cash,Não informado
TXN_9857674,2023-06-12,2023,6,12,Tea,5.0,1.5,7.5,7.5,0.0,Não informado,Takeaway
TXN_6035512,2023-02-19,2023,2,19,Cake,5.0,3.0,15.0,15.0,0.0,Cash,Takeaway
TXN_1398769,2023-06-02,2023,6,2,Smoothie,1.0,4.0,4.0,4.0,0.0,Cash,In-store
TXN_6874354,2023-03-23,2023,3,23,Sandwich,4.0,4.0,16.0,16.0,0.0,Credit Card,Não informado
TXN_9690711,2023-09-13,2023,9,13,Cookie,2.0,1.0,2.0,2.0,0.0,Credit Card,In-store
TXN_7234224,2023-10-31,2023,10,31,Cake,3.0,3.0,9.0,9.0,0.0,Não informado,Não informado
TXN_4507533,2023-08-31,2023,8,31,Cake,1.0,3.0,3.0,3.0,0.0,Digital Wallet,Não informado
TXN_7636238,2023-03-27,2023,3,27,Sandwich,4.0,4.0,16.0,16.0,0.0,Credit Card,Não informado
TXN_8913153,2023-09-02,2023,9,2,Smoothie,2.0,4.0,8.0,8.0,0.0,Credit Card,Não informado
TXN_7595206,2023-12-02,2023,12,2,Sandwich,5.0,4.0,20.0,20.0,0.0,Credit Card,In-store
TXN_8424592,2023-11-09,2023,11,9,Smoothie,4.0,4.0,16.0,16.0,0.0,Credit Card,Takeaway
TXN_2000406,2023-06-06,2023,6,6,Cake,2.0,3.0,6.0,6.0,0.0,Credit Card,Não informado
TXN_3105786,2023-10-04,2023,10,4,Smoothie,3.0,4.0,12.0,12.0,0.0,Não informado,In-store
TXN_7820220,2023-03-16,2023,3,16,Cake,3.0,3.0,9.0,9.0,0.0,Credit Card,In-store
TXN_5880883,2023-02-02,2023,2,2,Sandwich,5.0,4.0,20.0,20.0,0.0,Digital Wallet,In-store
TXN_4447856,2023-09-11,2023,9,11,Smoothie,2.0,4.0,8.0,8.0,0.0,Cash,Takeaway
TXN_6613909,2023-06-30,2023,6,30,Cake,4.0,3.0,12.0,12.0,0.0,Credit Card,In-store
TXN_5331924,2023-06-30,2023,6,30,Sandwich,2.0,4.0,8.0,8.0,0.0,Cash,Takeaway
TXN_9090433,2023-07-12,2023,7,12,Cookie,2.0,1.0,,2.0,,Cash,Não informado
TXN_9811033,2023-11-30,2023,11,30,Cookie,3.0,1.0,,3.0,,Cash,Takeaway
TXN_5384343,2023-03-29,2023,3,29,Juice,1.0,3.0,3.0,3.0,0.0,Credit Card,Não informado
TXN_6580743,2023-12-18,2023,12,18,Coffee,1.0,2.0,2.0,2.0,0.0,Digital Wallet,Takeaway
TXN_8361821,2023-06-30,2023,6,30,Tea,5.0,1.5,7.5,7.5,0.0,Cash,In-store
TXN_2103626,2023-04-23,2023,4,23,Juice,3.0,3.0,9.0,9.0,0.0,Cash,In-store
TXN_1891141,2023-10-25,2023,10,25,Juice,4.0,3.0,12.0,12.0,0.0,Digital Wallet,In-store
TXN_1252575,2023-10-16,2023,10,16,Tea,1.0,1.5,1.5,1.5,0.0,Digital Wallet,Takeaway
TXN_6723498,2023-01-28,2023,1,28,Salad,3.0,5.0,15.0,15.0,0.0,Não informado,Takeaway
TXN_5247378,2023-06-16,2023,6,16,Sandwich,2.0,4.0,8.0,8.0,0.0,Digital Wallet,Takeaway
TXN_8786479,2023-05-29,2023,5,29,Coffee,4.0,2.0,8.0,8.0,0.0,Não informado,Não informado
TXN_5108439,2023-05-06,2023,5,6,Salad,2.0,5.0,10.0,10.0,0.0,Não informado,In-store
TXN_4993989,2023-11-15,2023,11,15,Smoothie,2.0,4.0,8.0,8.0,0.0,Não informado,Não informado
TXN_8541473,2023-08-02,2023,8,2,Coffee,3.0,2.0,6.0,6.0,0.0,Não informado,Não informado
TXN_8917822,2023-12-12,2023,12,12,Cake,2.0,3.0,6.0,6.0,0.0,Digital Wallet,Não informado
TXN_8108731,2023-08-13,2023,8,13,Juice,5.0,3.0,15.0,15.0,0.0,Não informado,Não informado
TXN_1190151,2023-08-14,2023,8,14,Juice,5.0,3.0,15.0,15.0,0.0,Digital Wallet,Não informado
TXN_8304002,2023-05-02,2023,5,2,Juice,1.0,3.0,3.0,3.0,0.0,Credit Card,Takeaway
TXN_4341764,2023-12-02,2023,12,2,Coffee,2.0,2.0,4.0,4.0,0.0,Cash,Não informado
TXN_1046384,2023-06-09,2023,6,9,Smoothie,1.0,4.0,4.0,4.0,0.0,Cash,Não informado
TXN_8287437,2023-03-16,2023,3,16,Tea,2.0,1.5,3.0,3.0,0.0,Não informado,Não informado
TXN_4153132,2023-03-21,2023,3,21,Salad,3.0,5.0,,15.0,,Digital Wallet,Não informado
TXN_3061634,2023-03-17,2023,3,17,Coffee,1.0,2.0,2.0,2.0,0.0,Digital Wallet,Não informado
TXN_7433308,2023-02-14,2023,2,14,Salad,4.0,5.0,20.0,20.0,0.0,Cash,Takeaway
TXN_6991736,2023-11-07,2023,11,7,Juice,2.0,3.0,6.0,6.0,0.0,Digital Wallet,In-store
TXN_7334272,2023-07-07,2023,7,7,Sandwich,2.0,4.0,8.0,8.0,0.0,Credit Card,Takeaway
TXN_9072093,2023-03-06,2023,3,6,Cookie,1.0,1.0,1.0,1.0,0.0,Não informado,Não informado
TXN_4705417,2023-12-14,2023,12,14,Salad,5.0,5.0,25.0,25.0,0.0,Credit Card,Takeaway
TXN_8145970,2023-10-26,2023,10,26,Juice,5.0,3.0,15.0,15.0,0.0,Digital Wallet,Takeaway
TXN_1910553,2023-10-01,2023,10,1,Smoothie,5.0,4.0,20.0,20.0,0.0,Cash,Não informado
TXN_6020552,2023-01-14,2023,1,14,Sandwich,2.0,4.0,8.0,8.0,0.0,Cash,Takeaway
TXN_5317458,2023-01-22,2023,1,22,Salad,2.0,5.0,10.0,10.0,0.0,Credit Card,Não informado
TXN_6913384,2023-09-18,2023,9,18,Tea,3.0,1.5,4.5,4.5,0.0,Credit Card,Takeaway
TXN_6142549,2023-03-12,2023,3,12,Juice,3.0,3.0,9.0,9.0,0.0,Digital Wallet,Não informado
TXN_7266318,2023-01-16,2023,1,16,Sandwich,1.0,4.0,,4.0,,Não informado,In-store
TXN_4390911,2023-12-19,2023,12,19,Salad,2.0,5.0,10.0,10.0,0.0,Digital Wallet,Não informado
TXN_1445532,2023-03-03,2023,3,3,Coffee,3.0,2.0,6.0,6.0,0.0,Cash,Takeaway
TXN_8841996,2023-12-09,2023,12,9,Sandwich,2.0,4.0,8.0,8.0,0.0,Não informado,Não informado
TXN_2563505,2023-10-27,2023,10,27,Sandwich,1.0,4.0,4.0,4.0,0.0,Cash,Takeaway
TXN_5183674,2023-04-13,2023,4,13,Coffee,2.0,2.0,4.0,4.0,0.0,Digital Wallet,Não informado
TXN_6748199,2023-07-23,2023,7,23,Salad,2.0,5.0,10.0,10.0,0.0,Cash,Não informado
TXN_5795475,2023-09-21,2023,9,21,Tea,3.0,1.5,4.5,4.5,0.0,Digital Wallet,In-store
TXN_2322399,2023-04-15,2023,4,15,Salad,4.0,5.0,20.0,20.0,0.0,Não informado,Takeaway
TXN_5865534,2023-10-16,2023,10,16,Smoothie,4.0,4.0,16.0,16.0,0.0,Digital Wallet,Não informado
TXN_5159669,2023-09-30,2023,9,30,Tea,4.0,1.5,6.0,6.0,0.0,Credit Card,Não informado
TXN_4268051,2023-05-05,2023,5,5,Cookie,1.0,1.0,,1.0,,Digital Wallet,In-store
TXN_5530097,2023-12-19,2023,12,19,Juice,2.0,3.0,6.0,6.0,0.0,Credit Card,Takeaway
TXN_7805241,2023-04-16,2023,4,16,Salad,4.0,5.0,20.0,20.0,0.0,Não informado,Não informado
TXN_2427834,2023-06-15,2023,6,15,Tea,4.0,1.5,6.0,6.0,0.0,Não informado,In-store
TXN_6949949,2023-05-14,2023,5,14,Salad,3.0,5.0,15.0,15.0,0.0,Não informado,Não informado
TXN_9094261,2023-05-15,2023,5,15,Juice,2.0,3.0,6.0,6.0,0.0,Digital Wallet,Takeaway
TXN_5661323,2023-05-06,2023,5,6,Cookie,2.0,1.0,2.0,2.0,0.0,Credit Card,Takeaway
TXN_4248711,2023-08-01,2023,8,1,Smoothie,1.0,4.0,4.0,4.0,0.0,Cash,Não informado
TXN_6270766,2023-11-10,2023,11,10,Cookie,1.0,1.0,1.0,1.0,0.0,Não informado,In-store
TXN_9697154,2023-10-08,2023,10,8,Tea,3.0,1.5,4.5,4.5,0.0,Credit Card,In-store
TXN_6381860,2023-08-21,2023,8,21,Coffee,1.0,2.0,2.0,2.0,0.0,Digital Wallet,In-store
TXN_6028331,2023-10-22,2023,10,22,Cake,4.0,3.0,12.0,12.0,0.0,Cash,Não informado
TXN_8830924,2023-10-25,2023,10,25,Tea,2.0,1.5,3.0,3.0,0.0,Credit Card,Não informado
TXN_3866156,2023-02-28,2023,2,28,Coffee,4.0,2.0,8.0,8.0,0.0,Não informado,Takeaway
TXN_6405210,2023-08-11,2023,8,11,Coffee,4.0,2.0,8.0,8.0,0.0,Cash,Não informado
TXN_4740952,2023-02-21,2023,2,21,Tea,4.0,1.5,6.0,6.0,0.0,Não informado,Takeaway
TXN_6321174,2023-12-09,2023,12,9,Tea,4.0,1.5,6.0,6.0,0.0,Digital Wallet,Não informado
TXN_6052901,2023-08-16,2023,8,16,Smoothie,5.0,4.0,20.0,20.0,0.0,Credit Card,Takeaway
TXN_1253619,2023-05-25,2023,5,25,Juice,5.0,3.0,15.0,15.0,0.0,Não informado,Não informado
TXN_5537517,2023-10-27,2023,10,27,Smoothie,3.0,4.0,12.0,12.0,0.0,Digital Wallet,Takeaway
TXN_5496019,2023-11-26,2023,11,26,Cookie,5.0,1.0,5.0,5.0,0.0,Cash,In-store
TXN_4579666,2023-10-23,2023,10,23,Smoothie,2.0,4.0,8.0,8.0,0.0,Não informado,Não informado
TXN_6359281,2023-09-16,2023,9,16,Coffee,2.0,2.0,4.0,4.0,0.0,Credit Card,Não informado
TXN_3620122,2023-05-06,2023,5,6,Sandwich,1.0,4.0,4.0,4.0,0.0,Cash,In-store
TXN_8367716,2023-02-03,2023,2,3,Tea,2.0,1.5,3.0,3.0,0.0,Credit Card,Takeaway
TXN_6779763,2023-04-25,2023,4,25,Cookie,1.0,1.0,,1.0,,Credit Card,Não informado
TXN_8385321,2023-02-08,2023,2,8,Smoothie,2.0,4.0,8.0,8.0,0.0,Credit Card,Takeaway
TXN_5345258,2023-03-13,2023,3,13,Salad,2.0,5.0,10.0,10.0,0.0,Credit Card,Takeaway
TXN_8932759,2023-09-01,2023,9,1,Smoothie,3.0,4.0,12.0,12.0,0.0,Credit Card,Takeaway
TXN_3898665,2023-03-07,2023,3,7,Sandwich,2.0,4.0,8.0,8.0,0.0,Cash,Takeaway
TXN_4996304,2023-08-17,2023,8,17,Coffee,2.0,2.0,4.0,4.0,0.0,Credit Card,Não informado
TXN_9566593,2023-09-30,2023,9,30,Cake,2.0,3.0,6.0,6.0,0.0,Digital Wallet,Não informado
TXN_4808700,2023-01-13,2023,1,13,Cookie,4.0,1.0,4.0,4.0,0.0,Cash,Takeaway
TXN_5776252,2023-08-11,2023,8,11,Tea,4.0,1.5,6.0,6.0,0.0,Cash,Takeaway
TXN_5673476,2023-02-09,2023,2,9,Smoothie,4.0,4.0,16.0,16.0,0.0,Cash,Takeaway
TXN_6363733,2023-10-25,2023,10,25,Tea,1.0,1.5,1.5,1.5,0.0,Não informado,Takeaway
TXN_5297995,2023-07-04,2023,7,4,Tea,5.0,1.5,7.5,7.5,0.0,Não informado,In-store
TXN_8049635,2023-11-16,2023,11,16,Salad,3.0,5.0,15.0,15.0,0.0,Cash,Não informado
TXN_6478968,2023-09-12,2023,9,12,Salad,2.0,5.0,10.0,10.0,0.0,Não informado,Não informado
TXN_4135861,2023-03-16,2023,3,16,Salad,2.0,5.0,10.0,10.0,0.0,Credit Card,Não informado
TXN_2031545,2023-05-02,2023,5,2,Juice,2.0,3.0,6.0,6.0,0.0,Digital Wallet,In-store
TXN_4676976,2023-05-26,2023,5,26,Smoothie,3.0,4.0,12.0,12.0,0.0,Digital Wallet,In-store
TXN_7421018,2023-08-26,2023,8,26,Sandwich,4.0,4.0,16.0,16.0,0.0,Digital Wallet,Não informado
TXN_1435192,2023-06-18,2023,6,18,Cake,2.0,3.0,6.0,6.0,0.0,Não informado,Não informado
TXN_5364052,2023-02-05,2023,2,5,Sandwich,2.0,4.0,8.0,8.0,0.0,Credit Card,Não informado
TXN_8345649,2023-08-23,2023,8,23,Cookie,5.0,1.0,5.0,5.0,0.0,Cash,Não informado
TXN_8560548,2023-09-02,2023,9,2,Sandwich,1.0,4.0,4.0,4.0,0.0,Credit Card,Takeaway
TXN_2345332,2023-07-05,2023,7,5,Tea,3.0,1.5,4.5,4.5,0.0,Não informado,In-store
TXN_9389434,2023-06-16,2023,6,16,Cake,5.0,3.0,15.0,15.0,0.0,Não informado,In-store
TXN_1240476,2023-04-20,2023,4,20,Juice,2.0,3.0,6.0,6.0,0.0,Digital Wallet,Takeaway
TXN_8345092,2023-07-24,2023,7,24,Smoothie,1.0,4.0,4.0,4.0,0.0,Credit Card,Não informado
TXN_5849947,2023-02-02,2023,2,2,Sandwich,5.0,4.0,20.0,20.0,0.0,Cash,Não informado
TXN_7800602,2023-04-30,2023,4,30,Tea,1.0,1.5,1.5,1.5,0.0,Cash,Não informado
TXN_5926836,2023-08-07,2023,8,7,Cake,5.0,3.0,15.0,15.0,0.0,Não informado,In-store
TXN_4397994,2023-09-26,2023,9,26,Cookie,5.0,1.0,5.0,5.0,0.0,Não informado,Takeaway
TXN_1585827,2023-09-30,2023,9,30,Cake,3.0,3.0,9.0,9.0,0.0,Credit Card,In-store
TXN_3384640,2023-10-17,2023,10,17,Salad,4.0,5.0,20.0,20.0,0.0,Não informado,Takeaway
TXN_1990029,2023-11-18,2023,11,18,Tea,4.0,1.5,6.0,6.0,0.0,Credit Card,In-store
TXN_5796131,2023-09-30,2023,9,30,Smoothie,3.0,4.0,12.0,12.0,0.0,Digital Wallet,Takeaway
TXN_7804740,2023-10-19,2023,10,19,Smoothie,2.0,4.0,8.0,8.0,0.0,Digital Wallet,Não informado
TXN_6665881,2023-07-04,2023,7,4,Juice,2.0,3.0,6.0,6.0,0.0,Credit Card,Não informado
TXN_4046039,2023-04-20,2023,4,20,Juice,5.0,3.0,15.0,15.0,0.0,Não informado,In-store
TXN_3042768,2023-09-07,2023,9,7,Cookie,3.0,1.0,3.0,3.0,0.0,Digital Wallet,Takeaway
TXN_4664329,2023-01-06,2023,1,6,Tea,2.0,1.5,3.0,3.0,0.0,Credit Card,Takeaway
TXN_7442492,2023-07-23,2023,7,23,Salad,5.0,5.0,25.0,25.0,0.0,Credit Card,Takeaway
TXN_8664335,2023-06-12,2023,6,12,Sandwich,5.0,4.0,20.0,20.0,0.0,Digital Wallet,Takeaway
TXN_1434857,2023-01-13,2023,1,13,Cake,5.0,3.0,15.0,15.0,0.0,Não informado,In-store
TXN_1700374,2023-08-11,2023,8,11,Sandwich,5.0,4.0,20.0,20.0,0.0,Não informado,In-store
TXN_1261028,2023-10-27,2023,10,27,Juice,3.0,3.0,9.0,9.0,0.0,Não informado,In-store
TXN_5321145,2023-08-29,2023,8,29,Sandwich,5.0,4.0,20.0,20.0,0.0,Digital Wallet,Takeaway
TXN_3884995,2023-12-25,2023,12,25,Juice,5.0,3.0,15.0,15.0,0.0,Cash,In-store
TXN_4178488,2023-05-08,2023,5,8,Sandwich,3.0,4.0,12.0,12.0,0.0,Cash,In-store
TXN_2579157,2023-09-27,2023,9,27,Sandwich,1.0,4.0,4.0,4.0,0.0,Não informado,Não informado
TXN_3597806,2023-12-11,2023,12,11,Cookie,3.0,1.0,3.0,3.0,0.0,Credit Card,Não informado
TXN_7897119,2023-05-27,2023,5,27,Juice,4.0,3.0,,12.0,,Não informado,In-store
TXN_2245037,2023-10-18,2023,10,18,Coffee,2.0,2.0,4.0,4.0,0.0,Não informado,Não informado
TXN_4833378,2023-10-15,2023,10,15,Cake,5.0,3.0,15.0,15.0,0.0,Digital Wallet,Não informado
TXN_7055306,2023-03-09,2023,3,9,Salad,1.0,5.0,5.0,5.0,0.0,Não informado,Takeaway
TXN_9135433,2023-12-18,2023,12,18,Cookie,4.0,1.0,,4.0,,Não informado,In-store
TXN_1715684,2023-07-13,2023,7,13,Smoothie,1.0,4.0,4.0,4.0,0.0,Não informado,In-store
TXN_9073440,2023-08-28,2023,8,28,Sandwich,2.0,4.0,8.0,8.0,0.0,Credit Card,Takeaway
TXN_4089355,2023-02-18,2023,2,18,Salad,2.0,5.0,10.0,10.0,0.0,Credit Card,Takeaway
TXN_3834078,2023-01-29,2023,1,29,Juice,1.0,3.0,3.0,3.0,0.0,Não informado,In-store
TXN_5048650,2023-11-18,2023,11,18,Smoothie,2.0,4.0,,8.0,,Cash,Takeaway
TXN_1882700,2023-04-18,2023,4,18,Tea,3.0,1.5,4.5,4.5,0.0,Digital Wallet,In-store
TXN_2112911,2023-09-18,2023,9,18,Salad,3.0,5.0,15.0,15.0,0.0,Digital Wallet,Takeaway
TXN_7568316,2023-11-28,2023,11,28,Cake,2.0,3.0,6.0,6.0,0.0,Credit Card,Não informado
TXN_3642982,2023-10-04,2023,10,4,Coffee,5.0,2.0,10.0,10.0,0.0,Cash,Não informado
TXN_4475094,2023-08-12,2023,8,12,Sandwich,3.0,4.0,12.0,12.0,0.0,Não informado,Não informado
TXN_6768812,2023-03-30,2023,3,30,Coffee,4.0,2.0,8.0,8.0,0.0,Não informado,Não informado
TXN_1419669,2023-03-07,2023,3,7,Cake,5.0,3.0,15.0,15.0,0.0,Cash,Takeaway
TXN_9810604,2023-04-02,2023,4,2,Cake,2.0,3.0,6.0,6.0,0.0,Não informado,Takeaway
TXN_4791243,2023-05-12,2023,5,12,Cookie,5.0,1.0,5.0,5.0,0.0,Não informado,Takeaway
TXN_7920897,2023-07-29,2023,7,29,Salad,2.0,5.0,10.0,10.0,0.0,Não informado,In-store
TXN_5453836,2023-05-29,2023,5,29,Smoothie,2.0,4.0,8.0,8.0,0.0,Credit Card,In-store
TXN_5578796,2023-04-27,2023,4,27,Tea,4.0,1.5,6.0,6.0,0.0,Não informado,In-store
TXN_8620592,2023-07-14,2023,7,14,Smoothie,2.0,4.0,8.0,8.0,0.0,Não informado,In-store
TXN_9487214,2023-03-25,2023,3,25,Coffee,5.0,2.0,10.0,10.0,0.0,Não informado,Não informado
TXN_2274702,2023-12-11,2023,12,11,Cookie,5.0,1.0,5.0,5.0,0.0,Credit Card,In-store
TXN_2701016,2023-03-06,2023,3,6,Cake,5.0,3.0,15.0,15.0,0.0,Digital Wallet,Não informado
TXN_8809853,2023-10-29,2023,10,29,Coffee,1.0,2.0,2.0,2.0,0.0,Digital Wallet,Takeaway
TXN_7683607,2023-03-17,2023,3,17,Cake,1.0,3.0,3.0,3.0,0.0,Cash,Não informado
TXN_2402928,2023-10-20,2023,10,20,Coffee,4.0,2.0,8.0,8.0,0.0,Cash,Não informado
TXN_6516391,2023-06-16,2023,6,16,Cake,2.0,3.0,6.0,6.0,0.0,Digital Wallet,Não informado
TXN_9685326,2023-04-07,2023,4,7,Smoothie,3.0,4.0,12.0,12.0,0.0,Digital Wallet,Takeaway
TXN_9858627,2023-01-22,2023,1,22,Juice,4.0,3.0,12.0,12.0,0.0,Não informado,Não informado
TXN_9923613,2023-11-08,2023,11,8,Sandwich,4.0,4.0,16.0,16.0,0.0,Não informado,In-store
TXN_7656770,2023-12-24,2023,12,24,Coffee,1.0,2.0,2.0,2.0,0.0,Credit Card,Não informado
TXN_4092551,2023-10-11,2023,10,11,Juice,5.0,3.0,15.0,15.0,0.0,Credit Card,Takeaway
TXN_7241288,2023-04-11,2023,4,11,Sandwich,5.0,4.0,20.0,20.0,0.0,Cash,Takeaway
TXN_9833195,2023-03-03,2023,3,3,Coffee,2.0,2.0,4.0,4.0,0.0,Não informado,Takeaway
TXN_9153854,2023-04-04,2023,4,4,Sandwich,2.0,4.0,8.0,8.0,0.0,Não informado,In-store
TXN_1436851,2023-07-28,2023,7,28,Sandwich,5.0,4.0,20.0,20.0,0.0,Cash,Takeaway
TXN_8598575,2023-11-14,2023,11,14,Sandwich,4.0,4.0,16.0,16.0,0.0,Digital Wallet,Não informado
TXN_1417871,2023-03-12,2023,3,12,Salad,3.0,5.0,15.0,15.0,0.0,Cash,Takeaway
TXN_2339781,2023-01-02,2023,1,2,Smoothie,2.0,4.0,8.0,8.0,0.0,Não informado,In-store
TXN_6674257,2023-07-20,2023,7,20,Sandwich,3.0,4.0,12.0,12.0,0.0,Cash,Takeaway
TXN_4965631,2023-01-27,2023,1,27,Smoothie,3.0,4.0,12.0,12.0,0.0,Credit Card,Não informado
TXN_9254064,2023-12-10,2023,12,10,Coffee,2.0,2.0,4.0,4.0,0.0,Cash,Takeaway
TXN_4554168,2023-04-08,2023,4,8,Tea,4.0,1.5,6.0,6.0,0.0,Digital Wallet,In-store
TXN_6536418,2023-02-11,2023,2,11,Salad,5.0,5.0,25.0,25.0,0.0,Credit Card,In-store
TXN_4580084,2023-12-17,2023,12,17,Sandwich,5.0,4.0,,20.0,,Credit Card,Takeaway
TXN_3996874,2023-05-18,2023,5,18,Tea,4.0,1.5,6.0,6.0,0.0,Digital Wallet,Não informado
TXN_5439860,2023-04-18,2023,4,18,Tea,1.0,1.5,1.5,1.5,0.0,Digital Wallet,In-store
TXN_3216618,2023-12-30,2023,12,30,Salad,4.0,5.0,20.0,20.0,0.0,Credit Card,In-store
TXN_8360779,2023-10-25,2023,10,25,Cookie,4.0,1.0,4.0,4.0,0.0,Credit Card,In-store
TXN_3700419,2023-01-09,2023,1,9,Cookie,4.0,1.0,4.0,4.0,0.0,Não informado,Não informado
TXN_6369590,2023-10-26,2023,10,26,Salad,5.0,5.0,25.0,25.0,0.0,Digital Wallet,Takeaway
TXN_5039782,2023-06-21,2023,6,21,Tea,3.0,1.5,4.5,4.5,0.0,Credit Card,Takeaway
TXN_2985748,2023-12-19,2023,12,19,Coffee,3.0,2.0,6.0,6.0,0.0,Não informado,Takeaway
TXN_8616557,2023-08-28,2023,8,28,Sandwich,5.0,4.0,20.0,20.0,0.0,Não informado,In-store
TXN_3171673,2023-12-07,2023,12,7,Smoothie,2.0,4.0,8.0,8.0,0.0,Digital Wallet,Takeaway
TXN_4827637,2023-04-28,2023,4,28,Smoothie,4.0,4.0,16.0,16.0,0.0,Cash,In-store
TXN_1170198,2023-02-09,2023,2,9,Tea,4.0,1.5,6.0,6.0,0.0,Credit Card,In-store
TXN_8166527,2023-05-24,2023,5,24,Salad,2.0,5.0,10.0,10.0,0.0,Cash,In-store
TXN_3097593,2023-06-18,2023,6,18,Smoothie,2.0,4.0,8.0,8.0,0.0,Credit Card,In-store
TXN_3431526,2023-12-27,2023,12,27,Cookie,3.0,1.0,3.0,3.0,0.0,Credit Card,Takeaway
TXN_1489218,2023-09-13,2023,9,13,Salad,2.0,5.0,10.0,10.0,0.0,Digital Wallet,Não informado
TXN_1936644,2023-01-28,2023,1,28,Juice,3.0,3.0,9.0,9.0,0.0,Digital Wallet,Não informado
TXN_4293694,2023-08-03,2023,8,3,Smoothie,5.0,4.0,20.0,20.0,0.0,Cash,Não informado
TXN_9469529,2023-08-09,2023,8,9,Coffee,2.0,2.0,4.0,4.0,0.0,Não informado,Não informado
TXN_7692019,2023-10-14,2023,10,14,Juice,3.0,3.0,9.0,9.0,0.0,Não informado,In-store
TXN_7677750,2023-12-24,2023,12,24,Tea,2.0,1.5,,3.0,,Cash,Takeaway
TXN_9799633,2023-11-07,2023,11,7,Juice,4.0,3.0,12.0,12.0,0.0,Cash,In-store
TXN_4252036,2023-01-22,2023,1,22,Sandwich,2.0,4.0,8.0,8.0,0.0,Cash,Takeaway
TXN_6637989,2023-11-09,2023,11,9,Smoothie,1.0,4.0,4.0,4.0,0.0,Cash,Não informado
TXN_2860514,2023-09-01,2023,9,1,Cookie,5.0,1.0,5.0,5.0,0.0,Credit Card,Não informado
TXN_4143449,2023-08-23,2023,8,23,Smoothie,3.0,4.0,12.0,12.0,0.0,Digital Wallet,Não informado
TXN_1960599,2023-01-06,2023,1,6,Cake,4.0,3.0,12.0,12.0,0.0,Cash,Não informado
TXN_1184377,2023-10-25,2023,10,25,Juice,1.0,3.0,3.0,3.0,0.0,Cash,Não informado
TXN_6995795,2023-11-28,2023,11,28,Salad,4.0,5.0,20.0,20.0,0.0,Não informado,In-store
TXN_7805508,2023-07-10,2023,7,10,Smoothie,5.0,4.0,20.0,20.0,0.0,Não informado,In-store
TXN_6193929,2023-06-20,2023,6,20,Juice,5.0,3.0,15.0,15.0,0.0,Não informado,Takeaway
TXN_1942950,2023-03-25,2023,3,25,Sandwich,4.0,4.0,16.0,16.0,0.0,Não informado,Takeaway
TXN_1205522,2023-12-26,2023,12,26,Cake,5.0,3.0,15.0,15.0,0.0,Não informado,In-store
TXN_7792223,2023-07-21,2023,7,21,Smoothie,3.0,4.0,,12.0,,Credit Card,Não informado
TXN_7205370,2023-12-07,2023,12,7,Smoothie,4.0,4.0,16.0,16.0,0.0,Cash,Não informado
TXN_9992148,2023-01-14,2023,1,14,Tea,3.0,1.5,4.5,4.5,0.0,Cash,Takeaway
TXN_6305420,2023-06-17,2023,6,17,Cookie,3.0,1.0,3.0,3.0,0.0,Não informado,In-store
TXN_9982090,2023-06-03,2023,6,3,Tea,5.0,1.5,7.5,7.5,0.0,Digital Wallet,In-store
TXN_8487057,2023-06-01,2023,6,1,Smoothie,5.0,4.0,20.0,20.0,0.0,Não informado,Takeaway
TXN_6646382,2023-09-16,2023,9,16,Tea,4.0,1.5,6.0,6.0,0.0,Não informado,Não informado
TXN_5255092,2023-10-08,2023,10,8,Sandwich,1.0,4.0,4.0,4.0,0.0,Não informado,Takeaway
TXN_8402941,2023-11-26,2023,11,26,Cake,5.0,3.0,15.0,15.0,0.0,Credit Card,In-store
TXN_4265056,2023-07-16,2023,7,16,Juice,1.0,3.0,3.0,3.0,0.0,Cash,Não informado
TXN_4605871,2023-06-20,2023,6,20,Cookie,1.0,1.0,1.0,1.0,0.0,Não informado,Não informado
TXN_7976001,2023-06-27,2023,6,27,Juice,4.0,3.0,12.0,12.0,0.0,Credit Card,In-store
TXN_4969003,2023-04-19,2023,4,19,Cookie,1.0,1.0,,1.0,,Digital Wallet,In-store
TXN_3629728,2023-03-11,2023,3,11,Smoothie,1.0,4.0,4.0,4.0,0.0,Digital Wallet,Takeaway
TXN_1907428,2023-06-06,2023,6,6,Juice,4.0,3.0,12.0,12.0,0.0,Credit Card,In-store
TXN_6594753,2023-03-16,2023,3,16,Juice,3.0,3.0,9.0,9.0,0.0,Não informado,Não informado
TXN_8554646,2023-01-10,2023,1,10,Coffee,2.0,2.0,4.0,4.0,0.0,Cash,Não informado
TXN_5860664,2023-06-06,2023,6,6,Juice,5.0,3.0,15.0,15.0,0.0,Digital Wallet,Não informado
TXN_3586768,2023-05-23,2023,5,23,Coffee,2.0,2.0,4.0,4.0,0.0,Não informado,In-store
TXN_5765294,2023-11-14,2023,11,14,Cookie,4.0,1.0,4.0,4.0,0.0,Digital Wallet,In-store
TXN_4966149,2023-04-10,2023,4,10,Juice,2.0,3.0,6.0,6.0,0.0,Cash,Não informado
TXN_3652726,2023-08-03,2023,8,3,Sandwich,3.0,4.0,12.0,12.0,0.0,Não informado,In-store
TXN_2273573,2023-11-12,2023,11,12,Cookie,5.0,1.0,5.0,5.0,0.0,Cash,In-store
TXN_7924516,2023-04-23,2023,4,23,Cookie,1.0,1.0,1.0,1.0,0.0,Credit Card,Não informado
TXN_2083132,2023-08-31,2023,8,31,Salad,1.0,5.0,5.0,5.0,0.0,Não informado,Não informado
TXN_5049646,2023-08-30,2023,8,30,Juice,2.0,3.0,6.0,6.0,0.0,Credit Card,In-store
TXN_6853142,2023-07-21,2023,7,21,Smoothie,3.0,4.0,12.0,12.0,0.0,Cash,Não informado
TXN_4031726,2023-11-22,2023,11,22,Cake,4.0,3.0,12.0,12.0,0.0,Credit Card,Takeaway
TXN_9512112,2023-05-25,2023,5,25,Coffee,4.0,2.0,8.0,8.0,0.0,Cash,Takeaway
TXN_9428611,2023-07-13,2023,7,13,Salad,4.0,5.0,20.0,20.0,0.0,Digital Wallet,Não informado
TXN_5483635,2023-03-23,2023,3,23,Juice,3.0,3.0,9.0,9.0,0.0,Credit Card,In-store
TXN_3478169,2023-02-03,2023,2,3,Juice,2.0,3.0,6.0,6.0,0.0,Cash,In-store
TXN_3842766,2023-03-24,2023,3,24,Tea,3.0,1.5,4.5,4.5,0.0,Credit Card,In-store
TXN_7805115,2023-12-18,2023,12,18,Smoothie,2.0,4.0,8.0,8.0,0.0,Não informado,Não informado
TXN_7565447,2023-02-15,2023,2,15,Salad,1.0,5.0,,5.0,,Não informado,Não informado
TXN_8225343,2023-05-10,2023,5,10,Smoothie,1.0,4.0,4.0,4.0,0.0,Cash,Não informado
TXN_3822036,2023-05-07,2023,5,7,Smoothie,3.0,4.0,12.0,12.0,0.0,Credit Card,Takeaway
TXN_3019996,2023-06-27,2023,6,27,Sandwich,2.0,4.0,8.0,8.0,0.0,Cash,Não informado
TXN_5634977,2023-03-06,2023,3,6,Coffee,5.0,2.0,10.0,10.0,0.0,Não informado,In-store
TXN_8165784,2023-10-15,2023,10,15,Cake,5.0,3.0,15.0,15.0,0.0,Digital Wallet,Não informado
TXN_3619141,2023-09-30,2023,9,30,Cookie,4.0,1.0,4.0,4.0,0.0,Digital Wallet,In-store
TXN_7160017,2023-09-27,2023,9,27,Juice,1.0,3.0,3.0,3.0,0.0,Cash,In-store
TXN_9513509,2023-04-27,2023,4,27,Sandwich,1.0,4.0,4.0,4.0,0.0,Credit Card,Não informado
TXN_5919038,2023-12-15,2023,12,15,Cookie,1.0,1.0,1.0,1.0,0.0,Credit Card,In-store
TXN_8384229,2023-01-08,2023,1,8,Tea,4.0,1.5,6.0,6.0,0.0,Digital Wallet,Não informado
TXN_9011816,2023-04-02,2023,4,2,Cake,1.0,3.0,3.0,3.0,0.0,Não informado,Takeaway
TXN_2916992,2023-08-20,2023,8,20,Salad,2.0,5.0,10.0,10.0,0.0,Cash,Takeaway
TXN_9126573,2023-06-17,2023,6,17,Salad,4.0,5.0,20.0,20.0,0.0,Digital Wallet,Não informado
TXN_5347338,2023-07-04,2023,7,4,Cake,4.0,3.0,12.0,12.0,0.0,Digital Wallet,Takeaway
TXN_1907740,2023-03-17,2023,3,17,Sandwich,1.0,4.0,4.0,4.0,0.0,Cash,Não informado
TXN_3654670,2023-06-14,2023,6,14,Juice,1.0,3.0,3.0,3.0,0.0,Credit Card,Takeaway
TXN_1432682,2023-07-11,2023,7,11,Tea,1.0,1.5,1.5,1.5,0.0,Não informado,Não informado
TXN_3938271,2023-01-12,2023,1,12,Salad,3.0,5.0,15.0,15.0,0.0,Não informado,In-store
TXN_7619641,2023-04-02,2023,4,2,Juice,3.0,3.0,9.0,9.0,0.0,Não informado,In-store
TXN_1870423,2023-04-12,2023,4,12,Salad,2.0,5.0,10.0,10.0,0.0,Credit Card,Takeaway
TXN_1006942,2023-11-30,2023,11,30,Salad,1.0,5.0,5.0,5.0,0.0,Credit Card,In-store
TXN_2282319,2023-08-14,2023,8,14,Juice,2.0,3.0,,6.0,,Cash,In-store
TXN_6812735,2023-04-21,2023,4,21,Tea,5.0,1.5,7.5,7.5,0.0,Não informado,Não informado
TXN_6922833,2023-11-17,2023,11,17,Tea,1.0,1.5,1.5,1.5,0.0,Não informado,Takeaway
TXN_8489120,2023-11-07,2023,11,7,Cookie,2.0,1.0,2.0,2.0,0.0,Credit Card,Não informado
TXN_6200609,2023-04-12,2023,4,12,Salad,5.0,5.0,,25.0,,Digital Wallet,Takeaway
TXN_8194534,2023-05-19,2023,5,19,Coffee,2.0,2.0,4.0,4.0,0.0,Cash,Não informado
TXN_7238674,2023-11-03,2023,11,3,Cookie,1.0,1.0,1.0,1.0,0.0,Não informado,Não informado
TXN_1346953,2023-09-24,2023,9,24,Tea,3.0,1.5,4.5,4.5,0.0,Não informado,In-store
TXN_8742689,2023-01-05,2023,1,5,Tea,5.0,1.5,7.5,7.5,0.0,Digital Wallet,Takeaway
TXN_2144031,2023-02-25,2023,2,25,Juice,1.0,3.0,3.0,3.0,0.0,Não informado,Não informado
TXN_1996466,2023-04-24,2023,4,24,Smoothie,1.0,4.0,4.0,4.0,0.0,Digital Wallet,Não informado
TXN_7124156,2023-07-28,2023,7,28,Salad,1.0,5.0,5.0,5.0,0.0,Credit Card,Takeaway
TXN_3150614,2023-08-06,2023,8,6,Sandwich,1.0,4.0,4.0,4.0,0.0,Cash,Takeaway
TXN_5263693,2023-01-20,2023,1,20,Juice,1.0,3.0,3.0,3.0,0.0,Digital Wallet,Takeaway
TXN_1702437,2023-06-27,2023,6,27,Smoothie,4.0,4.0,16.0,16.0,0.0,Credit Card,Takeaway
TXN_6500713,2023-04-30,2023,4,30,Cookie,3.0,1.0,3.0,3.0,0.0,Não informado,In-store
TXN_8725721,2023-06-04,2023,6,4,Sandwich,1.0,4.0,4.0,4.0,0.0,Cash,Não informado
TXN_8965025,2023-04-14,2023,4,14,Salad,1.0,5.0,5.0,5.0,0.0,Cash,In-store
TXN_8491490,2023-01-16,2023,1,16,Coffee,2.0,2.0,4.0,4.0,0.0,Não informado,In-store
TXN_4328869,2023-05-02,2023,5,2,Sandwich,2.0,4.0,8.0,8.0,0.0,Cash,Não informado
TXN_3849711,2023-08-14,2023,8,14,Smoothie,5.0,4.0,20.0,20.0,0.0,Cash,Não informado
TXN_1334406,2023-09-26,2023,9,26,Juice,1.0,3.0,3.0,3.0,0.0,Digital Wallet,In-store
TXN_1556708,2023-06-11,2023,6,11,Smoothie,1.0,4.0,4.0,4.0,0.0,Digital Wallet,Takeaway
TXN_8422494,2023-06-08,2023,6,8,Salad,4.0,5.0,20.0,20.0,0.0,Cash,In-store
TXN_3427754,2023-08-06,2023,8,6,Smoothie,2.0,4.0,8.0,8.0,0.0,Digital Wallet,Takeaway
TXN_8455321,2023-01-25,2023,1,25,Smoothie,3.0,4.0,12.0,12.0,0.0,Não informado,In-store
TXN_9904505,2023-06-07,2023,6,7,Smoothie,2.0,4.0,8.0,8.0,0.0,Digital Wallet,Não informado
TXN_5020643,2023-10-19,2023,10,19,Tea,3.0,1.5,4.5,4.5,0.0,Digital Wallet,In-store
TXN_8170122,2023-03-20,2023,3,20,Cookie,5.0,1.0,5.0,5.0,0.0,Digital Wallet,In-store
TXN_3930540,2023-03-24,2023,3,24,Smoothie,3.0,4.0,12.0,12.0,0.0,Cash,Não informado
TXN_4663537,2023-10-22,2023,10,22,Coffee,5.0,2.0,10.0,10.0,0.0,Credit Card,Não informado
TXN_5392630,2023-11-23,2023,11,23,Juice,5.0,3.0,,15.0,,Cash,Takeaway
TXN_9480851,2023-03-21,2023,3,21,Cake,3.0,3.0,,9.0,,Não informado,In-store
TXN_5927620,2023-05-04,2023,5,4,Smoothie,1.0,4.0,4.0,4.0,0.0,Credit Card,Não informado
TXN_1561430,2023-10-13,2023,10,13,Tea,2.0,1.5,3.0,3.0,0.0,Não informado,Takeaway
TXN_1133945,2023-10-23,2023,10,23,Smoothie,2.0,4.0,8.0,8.0,0.0,Digital Wallet,In-store
TXN_5467240,2023-10-20,2023,10,20,Smoothie,5.0,4.0,20.0,20.0,0.0,Digital Wallet,Não informado
TXN_1586452,2023-02-01,2023,2,1,Salad,2.0,5.0,,10.0,,Cash,In-store
TXN_9814929,2023-10-01,2023,10,1,Cake,3.0,3.0,9.0,9.0,0.0,Digital Wallet,In-store
TXN_8961480,2023-02-18,2023,2,18,Tea,4.0,1.5,6.0,6.0,0.0,Cash,Não informado
TXN_1826919,2023-02-21,2023,2,21,Juice,4.0,3.0,12.0,12.0,0.0,Credit Card,In-store
TXN_3135048,2023-02-03,2023,2,3,Salad,1.0,5.0,5.0,5.0,0.0,Credit Card,Takeaway
TXN_4504141,2023-09-28,2023,9,28,Sandwich,5.0,4.0,,20.0,,Credit Card,Não informado
TXN_7408461,2023-11-05,2023,11,5,Juice,3.0,3.0,9.0,9.0,0.0,Não informado,In-store
TXN_6655437,2023-07-07,2023,7,7,Juice,1.0,3.0,3.0,3.0,0.0,Não informado,Não informado
TXN_9120328,2023-10-22,2023,10,22,Tea,5.0,1.5,7.5,7.5,0.0,Credit Card,Takeaway
TXN_3906862,2023-08-14,2023,8,14,Cake,5.0,3.0,15.0,15.0,0.0,Cash,Não informado
TXN_8468071,2023-08-22,2023,8,22,Cookie,4.0,1.0,4.0,4.0,0.0,Não informado,Não informado
TXN_7543921,2023-12-06,2023,12,6,Coffee,3.0,2.0,6.0,6.0,0.0,Cash,In-store
TXN_2970011,2023-06-04,2023,6,4,Coffee,4.0,2.0,8.0,8.0,0.0,Credit Card,Takeaway
TXN_5556328,2023-12-10,2023,12,10,Tea,5.0,1.5,7.5,7.5,0.0,Digital Wallet,In-store
TXN_8786159,2023-04-05,2023,4,5,Coffee,3.0,2.0,6.0,6.0,0.0,Cash,In-store
TXN_2467699,2023-06-17,2023,6,17,Tea,1.0,1.5,1.5,1.5,0.0,Cash,Não informado
TXN_3085628,2023-08-26,2023,8,26,Salad,1.0,5.0,5.0,5.0,0.0,Cash,Não informado
TXN_7952153,2023-07-24,2023,7,24,Smoothie,2.0,4.0,8.0,8.0,0.0,Digital Wallet,Não informado
TXN_4439321,2023-04-25,2023,4,25,Coffee,3.0,2.0,6.0,6.0,0.0,Cash,In-store
TXN_6687734,2023-03-14,2023,3,14,Cake,1.0,3.0,3.0,3.0,0.0,Não informado,In-store
TXN_7323885,2023-09-15,2023,9,15,Sandwich,5.0,4.0,20.0,20.0,0.0,Cash,In-store
TXN_7894558,2023-01-04,2023,1,4,Coffee,2.0,2.0,4.0,4.0,0.0,Não informado,Não informado
TXN_4019040,2023-02-01,2023,2,1,Tea,1.0,1.5,1.5,1.5,0.0,Cash,In-store
TXN_1570573,2023-04-09,2023,4,9,Sandwich,3.0,4.0,12.0,12.0,0.0,Digital Wallet,Takeaway
TXN_5991995,2023-01-08,2023,1,8,Cake,1.0,3.0,3.0,3.0,0.0,Digital Wallet,In-store
TXN_2437586,2023-08-29,2023,8,29,Sandwich,4.0,4.0,16.0,16.0,0.0,Cash,Não informado
TXN_7326827,2023-06-30,2023,6,30,Smoothie,1.0,4.0,4.0,4.0,0.0,Não informado,In-store
TXN_6004431,2023-04-07,2023,4,7,Sandwich,2.0,4.0,8.0,8.0,0.0,Cash,Takeaway
TXN_7475500,2023-11-22,2023,11,22,Cookie,2.0,1.0,2.0,2.0,0.0,Cash,Não informado
TXN_8122317,2023-10-16,2023,10,16,Coffee,3.0,2.0,6.0,6.0,0.0,Cash,Takeaway
TXN_2028930,2023-11-25,2023,11,25,Cookie,2.0,1.0,2.0,2.0,0.0,Digital Wallet,Não informado
TXN_3394874,2023-06-18,2023,6,18,Coffee,4.0,2.0,8.0,8.0,0.0,Credit Card,Takeaway
TXN_2220389,2023-07-26,2023,7,26,Salad,4.0,5.0,20.0,20.0,0.0,Credit Card,Não informado
TXN_9603773,2023-10-10,2023,10,10,Cookie,2.0,1.0,2.0,2.0,0.0,Credit Card,Não informado
TXN_1285279,2023-04-09,2023,4,9,Coffee,2.0,2.0,4.0,4.0,0.0,Cash,Takeaway
TXN_5244558,2023-06-06,2023,6,6,Smoothie,4.0,4.0,16.0,16.0,0.0,Digital Wallet,Não informado
TXN_1702434,2023-07-22,2023,7,22,Smoothie,3.0,4.0,12.0,12.0,0.0,Digital Wallet,Não informado
TXN_2425755,2023-09-14,2023,9,14,Smoothie,1.0,4.0,4.0,4.0,0.0,Não informado,Takeaway
TXN_7151817,2023-05-18,2023,5,18,Sandwich,1.0,4.0,4.0,4.0,0.0,Cash,In-store
TXN_7514589,2023-07-25,2023,7,25,Juice,3.0,3.0,9.0,9.0,0.0,Cash,Takeaway
TXN_5962237,2023-10-31,2023,10,31,Juice,1.0,3.0,3.0,3.0,0.0,Não informado,Takeaway
TXN_2188356,2023-07-14,2023,7,14,Tea,1.0,1.5,1.5,1.5,0.0,Não informado,In-store
TXN_8019335,2023-11-26,2023,11,26,Smoothie,3.0,4.0,12.0,12.0,0.0,Digital Wallet,Takeaway
TXN_5248011,2023-01-21,2023,1,21,Cake,2.0,3.0,6.0,6.0,0.0,Não informado,In-store
TXN_7332957,2023-07-26,2023,7,26,Sandwich,5.0,4.0,20.0,20.0,0.0,Digital Wallet,Não informado
TXN_1278539,2023-04-04,2023,4,4,Tea,1.0,1.5,1.5,1.5,0.0,Credit Card,Takeaway
TXN_1186221,2023-04-21,2023,4,21,Salad,4.0,5.0,20.0,20.0,0.0,Cash,Takeaway
TXN_3086676,2023-07-21,2023,7,21,Cake,2.0,3.0,6.0,6.0,0.0,Cash,Não informado
TXN_9696138,2023-12-01,2023,12,1,Juice,3.0,3.0,9.0,9.0,0.0,Não informado,Não informado
TXN_1846455,2023-03-16,2023,3,16,Sandwich,4.0,4.0,16.0,16.0,0.0,Não informado,Não informado
TXN_1839407,2023-03-15,2023,3,15,Cookie,3.0,1.0,3.0,3.0,0.0,Cash,Não informado
TXN_9028798,2023-05-25,2023,5,25,Cake,2.0,3.0,6.0,6.0,0.0,Cash,In-store
TXN_4672332,2023-03-29,2023,3,29,Cake,4.0,3.0,,12.0,,Cash,In-store
TXN_2726078,2023-11-27,2023,11,27,Coffee,3.0,2.0,6.0,6.0,0.0,Digital Wallet,Não informado
TXN_5249091,2023-08-15,2023,8,15,Smoothie,5.0,4.0,20.0,20.0,0.0,Credit Card,In-store
TXN_9507397,2023-10-26,2023,10,26,Cookie,3.0,1.0,3.0,3.0,0.0,Credit Card,Takeaway
TXN_3300171,2023-02-14,2023,2,14,Cookie,5.0,1.0,5.0,5.0,0.0,Credit Card,In-store
TXN_4697112,2023-04-08,2023,4,8,Sandwich,3.0,4.0,12.0,12.0,0.0,Credit Card,Não informado
TXN_6373380,2023-07-21,2023,7,21,Coffee,4.0,2.0,8.0,8.0,0.0,Cash,In-store
TXN_8668590,2023-04-18,2023,4,18,Cookie,4.0,1.0,4.0,4.0,0.0,Digital Wallet,Não informado
TXN_9121676,2023-12-25,2023,12,25,Smoothie,4.0,4.0,16.0,16.0,0.0,Não informado,Não informado
TXN_4956012,2023-07-20,2023,7,20,Sandwich,1.0,4.0,4.0,4.0,0.0,Não informado,In-store
TXN_4341126,2023-07-01,2023,7,1,Cake,2.0,3.0,6.0,6.0,0.0,Cash,Não informado
TXN_2103018,2023-11-24,2023,11,24,Cake,5.0,3.0,,15.0,,Credit Card,In-store
TXN_2227781,2023-01-21,2023,1,21,Cake,1.0,3.0,3.0,3.0,0.0,Cash,Takeaway
TXN_6159539,2023-01-12,2023,1,12,Juice,1.0,3.0,3.0,3.0,0.0,Digital Wallet,Não informado
TXN_5234152,2023-03-26,2023,3,26,Cookie,5.0,1.0,5.0,5.0,0.0,Digital Wallet,Takeaway
TXN_9468033,2023-12-13,2023,12,13,Juice,1.0,3.0,3.0,3.0,0.0,Credit Card,Não informado
TXN_3132304,2023-01-21,2023,1,21,Sandwich,1.0,4.0,4.0,4.0,0.0,Credit Card,Não informado
TXN_6262910,2023-07-02,2023,7,2,Cake,4.0,3.0,12.0,12.0,0.0,Cash,Takeaway
TXN_7543841,2023-11-07,2023,11,7,Cookie,3.0,1.0,3.0,3.0,0.0,Cash,In-store
TXN_7901672,2023-06-24,2023,6,24,Cookie,1.0,1.0,1.0,1.0,0.0,Não informado,Não informado
TXN_1058957,2023-03-21,2023,3,21,Juice,2.0,3.0,6.0,6.0,0.0,Cash,In-store
TXN_2728444,2023-01-23,2023,1,23,Salad,1.0,5.0,5.0,5.0,0.0,Digital Wallet,Takeaway
TXN_9073184,2023-04-14,2023,4,14,Cake,2.0,3.0,6.0,6.0,0.0,Não informado,Não informado
TXN_5665341,2023-02-27,2023,2,27,Tea,5.0,1.5,7.5,7.5,0.0,Cash,Não informado
TXN_5518591,2023-09-21,2023,9,21,Cookie,4.0,1.0,4.0,4.0,0.0,Digital Wallet,Não informado
TXN_6540415,2023-05-27,2023,5,27,Cake,5.0,3.0,15.0,15.0,0.0,Não informado,Não informado
TXN_7939659,2023-07-26,2023,7,26,Cake,3.0,3.0,9.0,9.0,0.0,Digital Wallet,Takeaway
TXN_7531403,2023-07-08,2023,7,8,Smoothie,2.0,4.0,8.0,8.0,0.0,Cash,In-store
TXN_3767196,2023-08-30,2023,8,30,Salad,4.0,5.0,20.0,20.0,0.0,Cash,Não informado
TXN_3562332,2023-06-20,2023,6,20,Salad,5.0,5.0,25.0,25.0,0.0,Não informado,Não informado
TXN_7302788,2023-09-18,2023,9,18,Coffee,1.0,2.0,2.0,2.0,0.0,Cash,In-store
TXN_9233948,2023-03-26,2023,3,26,Cookie,4.0,1.0,4.0,4.0,0.0,Cash,Não informado
TXN_1510673,2023-02-26,2023,2,26,Juice,3.0,3.0,9.0,9.0,0.0,Não informado,Não informado
TXN_9867586,2023-06-02,2023,6,2,Smoothie,4.0,4.0,16.0,16.0,0.0,Não informado,In-store
TXN_1750875,2023-12-13,2023,12,13,Juice,3.0,3.0,9.0,9.0,0.0,Não informado,Não informado
TXN_6397944,2023-10-31,2023,10,31,Salad,5.0,5.0,25.0,25.0,0.0,Não informado,Não informado
TXN_2723755,2023-06-30,2023,6,30,Juice,3.0,3.0,9.0,9.0,0.0,Cash,Não informado
TXN_2313646,2023-08-24,2023,8,24,Sandwich,3.0,4.0,12.0,12.0,0.0,Não informado,In-store
TXN_4028494,2023-10-22,2023,10,22,Cake,3.0,3.0,9.0,9.0,0.0,Digital Wallet,In-store
TXN_1412415,2023-02-24,2023,2,24,Juice,3.0,3.0,9.0,9.0,0.0,Cash,In-store
TXN_6546131,2023-06-26,2023,6,26,Coffee,4.0,2.0,8.0,8.0,0.0,Credit Card,In-store
TXN_9030656,2023-12-12,2023,12,12,Juice,5.0,3.0,15.0,15.0,0.0,Digital Wallet,Takeaway
TXN_1950777,2023-08-26,2023,8,26,Salad,5.0,5.0,25.0,25.0,0.0,Cash,Takeaway
TXN_4605239,2023-08-06,2023,8,6,Coffee,1.0,2.0,2.0,2.0,0.0,Credit Card,Não informado
TXN_8019396,2023-10-20,2023,10,20,Sandwich,3.0,4.0,12.0,12.0,0.0,Não informado,Não informado
TXN_7874772,2023-04-26,2023,4,26,Tea,1.0,1.5,1.5,1.5,0.0,Credit Card,Takeaway
TXN_2625464,2023-10-06,2023,10,6,Smoothie,3.0,4.0,12.0,12.0,0.0,Credit Card,In-store
TXN_9338442,2023-12-29,2023,12,29,Cake,1.0,3.0,3.0,3.0,0.0,Digital Wallet,In-store
TXN_2953908,2023-10-11,2023,10,11,Coffee,5.0,2.0,10.0,10.0,0.0,Credit Card,In-store
TXN_2576936,2023-10-14,2023,10,14,Cake,3.0,3.0,9.0,9.0,0.0,Cash,Não informado
TXN_4586482,2023-09-04,2023,9,4,Juice,3.0,3.0,9.0,9.0,0.0,Não informado,In-store
TXN_6410244,2023-01-06,2023,1,6,Tea,4.0,1.5,6.0,6.0,0.0,Credit Card,Takeaway
TXN_3106348,2023-01-10,2023,1,10,Salad,4.0,5.0,20.0,20.0,0.0,Digital Wallet,In-store
TXN_6216278,2023-11-06,2023,11,6,Coffee,4.0,2.0,8.0,8.0,0.0,Credit Card,In-store
TXN_9947324,2023-08-22,2023,8,22,Sandwich,2.0,4.0,8.0,8.0,0.0,Digital Wallet,Takeaway
TXN_9531434,2023-10-09,2023,10,9,Cookie,1.0,1.0,,1.0,,Credit Card,Takeaway
TXN_4104718,2023-11-08,2023,11,8,Cookie,2.0,1.0,2.0,2.0,0.0,Cash,Não informado
TXN_5789560,2023-02-13,2023,2,13,Juice,2.0,3.0,6.0,6.0,0.0,Cash,Takeaway
TXN_8285752,2023-01-07,2023,1,7,Cookie,4.0,1.0,4.0,4.0,0.0,Não informado,In-store
TXN_7733300,2023-12-10,2023,12,10,Smoothie,2.0,4.0,8.0,8.0,0.0,Cash,Takeaway
TXN_4416331,2023-02-13,2023,2,13,Cookie,1.0,1.0,1.0,1.0,0.0,Não informado,Takeaway
TXN_3551665,2023-04-06,2023,4,6,Juice,4.0,3.0,12.0,12.0,0.0,Credit Card,In-store
TXN_4637438,2023-04-07,2023,4,7,Salad,2.0,5.0,10.0,10.0,0.0,Não informado,Takeaway
TXN_5493965,2023-06-16,2023,6,16,Juice,1.0,3.0,3.0,3.0,0.0,Não informado,Não informado
TXN_2525207,2023-11-25,2023,11,25,Cookie,2.0,1.0,2.0,2.0,0.0,Digital Wallet,Não informado
TXN_7354480,2023-01-17,2023,1,17,Cake,2.0,3.0,6.0,6.0,0.0,Cash,Não informado
TXN_6819128,2023-10-19,2023,10,19,Salad,1.0,5.0,5.0,5.0,0.0,Cash,Não informado
TXN_5023419,2023-02-26,2023,2,26,Cookie,3.0,1.0,3.0,3.0,0.0,Digital Wallet,Takeaway
TXN_9864890,2023-12-06,2023,12,6,Sandwich,3.0,4.0,12.0,12.0,0.0,Não informado,In-store
TXN_9951411,2023-08-09,2023,8,9,Coffee,1.0,2.0,2.0,2.0,0.0,Cash,In-store
TXN_6755795,2023-02-22,2023,2,22,Smoothie,5.0,4.0,20.0,20.0,0.0,Cash,Não informado
TXN_7507071,2023-01-10,2023,1,10,Smoothie,2.0,4.0,8.0,8.0,0.0,Não informado,In-store
TXN_1018470,2023-01-14,2023,1,14,Juice,3.0,3.0,9.0,9.0,0.0,Não informado,Não informado
TXN_2924262,2023-09-01,2023,9,1,Cookie,5.0,1.0,5.0,5.0,0.0,Não informado,Não informado
TXN_6472242,2023-03-27,2023,3,27,Sandwich,1.0,4.0,4.0,4.0,0.0,Não informado,Não informado
TXN_8482647,2023-01-08,2023,1,8,Sandwich,5.0,4.0,20.0,20.0,0.0,Credit Card,Não informado
TXN_6994354,2023-07-03,2023,7,3,Salad,5.0,5.0,25.0,25.0,0.0,Não informado,Takeaway
TXN_3520910,2023-05-06,2023,5,6,Salad,1.0,5.0,5.0,5.0,0.0,Credit Card,Takeaway
TXN_8589003,2023-08-25,2023,8,25,Tea,4.0,1.5,,6.0,,Cash,Não informado
TXN_3219263,2023-03-31,2023,3,31,Smoothie,5.0,4.0,20.0,20.0,0.0,Não informado,Takeaway
TXN_9619442,2023-05-23,2023,5,23,Cake,4.0,3.0,12.0,12.0,0.0,Digital Wallet,In-store
TXN_1050323,2023-03-10,2023,3,10,Juice,1.0,3.0,3.0,3.0,0.0,Não informado,In-store
TXN_6746916,2023-11-15,2023,11,15,Coffee,1.0,2.0,2.0,2.0,0.0,Cash,Takeaway
TXN_1547717,2023-12-15,2023,12,15,Sandwich,5.0,4.0,,20.0,,Não informado,Não informado
TXN_8407982,2023-09-17,2023,9,17,Salad,2.0,5.0,10.0,10.0,0.0,Digital Wallet,Takeaway
TXN_3484276,2023-06-14,2023,6,14,Cookie,5.0,1.0,5.0,5.0,0.0,Digital Wallet,Takeaway
TXN_3705669,2023-11-23,2023,11,23,Tea,2.0,1.5,3.0,3.0,0.0,Não informado,Não informado
TXN_4105487,2023-04-13,2023,4,13,Sandwich,4.0,4.0,16.0,16.0,0.0,Digital Wallet,In-store
TXN_6856558,2023-10-30,2023,10,30,Juice,4.0,3.0,12.0,12.0,0.0,Não informado,Takeaway
TXN_3669990,2023-01-27,2023,1,27,Tea,2.0,1.5,3.0,3.0,0.0,Cash,Takeaway
TXN_5994713,2023-03-05,2023,3,5,Tea,3.0,1.5,4.5,4.5,0.0,Não informado,Takeaway
TXN_8091357,2023-12-28,2023,12,28,Coffee,1.0,2.0,2.0,2.0,0.0,Cash,Não informado
TXN_9555958,2023-09-30,2023,9,30,Smoothie,4.0,4.0,16.0,16.0,0.0,Digital Wallet,Takeaway
TXN_4194085,2023-05-25,2023,5,25,Salad,1.0,5.0,5.0,5.0,0.0,Credit Card,Não informado
TXN_7780748,2023-01-19,2023,1,19,Cookie,3.0,1.0,3.0,3.0,0.0,Credit Card,In-store
TXN_7780786,2023-10-30,2023,10,30,Cake,1.0,3.0,3.0,3.0,0.0,Credit Card,Não informado
TXN_1048284,2023-08-19,2023,8,19,Salad,2.0,5.0,10.0,10.0,0.0,Cash,In-store
TXN_3120848,2023-11-01,2023,11,1,Cookie,1.0,1.0,1.0,1.0,0.0,Cash,In-store
TXN_3315467,2023-11-17,2023,11,17,Sandwich,2.0,4.0,8.0,8.0,0.0,Digital Wallet,Takeaway
TXN_9363990,2023-01-17,2023,1,17,Cake,3.0,3.0,,9.0,,Credit Card,Não informado
TXN_9666257,2023-09-27,2023,9,27,Juice,2.0,3.0,6.0,6.0,0.0,Não informado,In-store
TXN_1504466,2023-11-07,2023,11,7,Coffee,1.0,2.0,2.0,2.0,0.0,Cash,Não informado
TXN_1477525,2023-11-06,2023,11,6,Salad,3.0,5.0,15.0,15.0,0.0,Cash,Takeaway
TXN_9063624,2023-04-21,2023,4,21,Coffee,1.0,2.0,2.0,2.0,0.0,Credit Card,Não informado
TXN_1595139,2023-08-24,2023,8,24,Smoothie,5.0,4.0,20.0,20.0,0.0,Cash,Não informado
TXN_8548232,2023-06-21,2023,6,21,Sandwich,4.0,4.0,16.0,16.0,0.0,Digital Wallet,In-store
TXN_6074414,2023-11-13,2023,11,13,Salad,2.0,5.0,10.0,10.0,0.0,Credit Card,Não informado
TXN_2010658,2023-02-20,2023,2,20,Smoothie,3.0,4.0,12.0,12.0,0.0,Não informado,Não informado
TXN_8867957,2023-01-04,2023,1,4,Sandwich,1.0,4.0,4.0,4.0,0.0,Digital Wallet,Não informado
TXN_3241422,2023-07-17,2023,7,17,Salad,2.0,5.0,10.0,10.0,0.0,Cash,Takeaway
TXN_2756336,2023-07-07,2023,7,7,Smoothie,3.0,4.0,12.0,12.0,0.0,Credit Card,Takeaway
TXN_2466187,2023-04-18,2023,4,18,Coffee,2.0,2.0,4.0,4.0,0.0,Não informado,Takeaway
TXN_7964520,2023-03-26,2023,3,26,Coffee,1.0,2.0,2.0,2.0,0.0,Não informado,In-store
TXN_8167741,2023-09-09,2023,9,9,Sandwich,4.0,4.0,16.0,16.0,0.0,Não informado,Takeaway
TXN_1015883,2023-10-16,2023,10,16,Cookie,4.0,1.0,4.0,4.0,0.0,Cash,In-store
TXN_8838566,2023-07-25,2023,7,25,Cake,5.0,3.0,15.0,15.0,0.0,Digital Wallet,In-store
TXN_2423343,2023-09-25,2023,9,25,Tea,4.0,1.5,6.0,6.0,0.0,Não informado,In-store
TXN_1496038,2023-12-22,2023,12,22,Juice,4.0,3.0,12.0,12.0,0.0,Não informado,In-store
TXN_7670699,2023-12-24,2023,12,24,Juice,1.0,3.0,3.0,3.0,0.0,Cash,In-store
TXN_2053631,2023-03-21,2023,3,21,Salad,1.0,5.0,5.0,5.0,0.0,Credit Card,Não informado
TXN_3632064,2023-02-12,2023,2,12,Cookie,5.0,1.0,5.0,5.0,0.0,Cash,Não informado
TXN_4254587,2023-05-27,2023,5,27,Smoothie,1.0,4.0,4.0,4.0,0.0,Digital Wallet,Não informado
TXN_9605972,2023-09-30,2023,9,30,Cake,3.0,3.0,9.0,9.0,0.0,Não informado,Não informado
TXN_1323030,2023-03-30,2023,3,30,Salad,4.0,5.0,20.0,20.0,0.0,Não informado,In-store
TXN_7989903,2023-06-19,2023,6,19,Juice,2.0,3.0,6.0,6.0,0.0,Cash,Não informado
TXN_7423885,2023-09-06,2023,9,6,Juice,4.0,3.0,12.0,12.0,0.0,Digital Wallet,Takeaway
TXN_1495371,2023-07-21,2023,7,21,Sandwich,2.0,4.0,,8.0,,Credit Card,Takeaway
TXN_8934025,2023-12-18,2023,12,18,Cookie,2.0,1.0,2.0,2.0,0.0,Não informado,Não informado
TXN_3711520,2023-06-29,2023,6,29,Tea,1.0,1.5,1.5,1.5,0.0,Não informado,In-store
TXN_3841683,2023-06-20,2023,6,20,Sandwich,1.0,4.0,4.0,4.0,0.0,Não informado,In-store
TXN_9100530,2023-05-21,2023,5,21,Sandwich,3.0,4.0,12.0,12.0,0.0,Digital Wallet,Não informado
TXN_3112013,2023-01-06,2023,1,6,Sandwich,5.0,4.0,20.0,20.0,0.0,Cash,In-store
TXN_7786787,2023-07-08,2023,7,8,Tea,1.0,1.5,1.5,1.5,0.0,Credit Card,Takeaway
TXN_7160196,2023-12-06,2023,12,6,Sandwich,1.0,4.0,4.0,4.0,0.0,Não informado,In-store
TXN_4634894,2023-12-09,2023,12,9,Coffee,1.0,2.0,2.0,2.0,0.0,Não informado,Não informado
TXN_1080377,2023-04-08,2023,4,8,Cake,2.0,3.0,6.0,6.0,0.0,Não informado,Não informado
TXN_8566683,2023-08-09,2023,8,9,Smoothie,4.0,4.0,16.0,16.0,0.0,Cash,Takeaway
TXN_2784588,2023-03-26,2023,3,26,Juice,2.0,3.0,6.0,6.0,0.0,Cash,Takeaway
TXN_6110769,2023-03-02,2023,3,2,Cookie,2.0,1.0,2.0,2.0,0.0,Não informado,Não informado
TXN_8787350,2023-05-21,2023,5,21,Sandwich,5.0,4.0,20.0,20.0,0.0,Não informado,Não informado
TXN_7533675,2023-10-28,2023,10,28,Smoothie,3.0,4.0,12.0,12.0,0.0,Não informado,In-store
TXN_2264601,2023-01-21,2023,1,21,Tea,1.0,1.5,1.5,1.5,0.0,Não informado,Não informado
TXN_6024139,2023-08-15,2023,8,15,Juice,4.0,3.0,12.0,12.0,0.0,Digital Wallet,Não informado
TXN_9841397,2023-12-28,2023,12,28,Coffee,4.0,2.0,8.0,8.0,0.0,Cash,In-store
TXN_6093331,2023-06-24,2023,6,24,Smoothie,2.0,4.0,8.0,8.0,0.0,Credit Card,Não informado
TXN_8324315,2023-08-07,2023,8,7,Salad,1.0,5.0,5.0,5.0,0.0,Não informado,Não informado
TXN_8933679,2023-09-24,2023,9,24,Salad,3.0,5.0,15.0,15.0,0.0,Digital Wallet,In-store
TXN_3528653,2023-02-26,2023,2,26,Cake,1.0,3.0,3.0,3.0,0.0,Não informado,Não informado
TXN_4256155,2023-04-06,2023,4,6,Cake,5.0,3.0,15.0,15.0,0.0,Não informado,Takeaway
TXN_7186675,2023-11-09,2023,11,9,Cookie,4.0,1.0,4.0,4.0,0.0,Cash,Não informado
TXN_8578861,2023-05-16,2023,5,16,Salad,5.0,5.0,25.0,25.0,0.0,Digital Wallet,In-store
TXN_8028042,2023-04-05,2023,4,5,Coffee,3.0,2.0,6.0,6.0,0.0,Não informado,Não informado
TXN_4021467,2023-04-02,2023,4,2,Coffee,2.0,2.0,4.0,4.0,0.0,Não informado,Takeaway
TXN_4807037,2023-12-08,2023,12,8,Salad,5.0,5.0,25.0,25.0,0.0,Cash,In-store
TXN_3975938,2023-09-04,2023,9,4,Sandwich,3.0,4.0,12.0,12.0,0.0,Credit Card,Não informado
TXN_3312653,2023-12-09,2023,12,9,Cookie,5.0,1.0,5.0,5.0,0.0,Cash,Takeaway
TXN_1405498,2023-12-31,2023,12,31,Juice,2.0,3.0,6.0,6.0,0.0,Não informado,Takeaway
TXN_6571288,2023-10-23,2023,10,23,Sandwich,2.0,4.0,8.0,8.0,0.0,Credit Card,Não informado
TXN_7560210,2023-02-21,2023,2,21,Juice,5.0,3.0,15.0,15.0,0.0,Não informado,Takeaway
TXN_2905234,2023-09-24,2023,9,24,Cookie,1.0,1.0,1.0,1.0,0.0,Credit Card,Não informado
TXN_3630981,2023-10-31,2023,10,31,Coffee,2.0,2.0,4.0,4.0,0.0,Não informado,In-store
TXN_3339728,2023-05-13,2023,5,13,Juice,5.0,3.0,15.0,15.0,0.0,Não informado,In-store
TXN_3826298,2023-11-28,2023,11,28,Cookie,3.0,1.0,3.0,3.0,0.0,Não informado,Não informado
TXN_7854306,2023-09-17,2023,9,17,Sandwich,1.0,4.0,4.0,4.0,0.0,Cash,In-store
TXN_3072565,2023-07-09,2023,7,9,Juice,3.0,3.0,,9.0,,Credit Card,Não informado
TXN_9544977,2023-07-04,2023,7,4,Cookie,4.0,1.0,4.0,4.0,0.0,Não informado,In-store
TXN_8374101,2023-08-16,2023,8,16,Salad,5.0,5.0,25.0,25.0,0.0,Credit Card,Não informado
TXN_5814878,2023-04-02,2023,4,2,Smoothie,2.0,4.0,8.0,8.0,0.0,Digital Wallet,Não informado
TXN_2398895,2023-04-04,2023,4,4,Juice,5.0,3.0,15.0,15.0,0.0,Digital Wallet,In-store
TXN_1205020,2023-10-03,2023,10,3,Tea,5.0,1.5,7.5,7.5,0.0,Cash,Não informado
TXN_1631377,2023-06-07,2023,6,7,Coffee,5.0,2.0,10.0,10.0,0.0,Não informado,Takeaway
TXN_8116676,2023-09-16,2023,9,16,Cake,2.0,3.0,6.0,6.0,0.0,Digital Wallet,Não informado
TXN_3172090,2023-05-09,2023,5,9,Juice,1.0,3.0,3.0,3.0,0.0,Credit Card,Não informado
TXN_5193568,2023-12-10,2023,12,10,Juice,3.0,3.0,9.0,9.0,0.0,Cash,Não informado
TXN_3725152,2023-07-08,2023,7,8,Coffee,5.0,2.0,10.0,10.0,0.0,Não informado,Não informado
TXN_8724711,2023-02-07,2023,2,7,Salad,3.0,5.0,15.0,15.0,0.0,Cash,In-store
TXN_5899361,2023-08-08,2023,8,8,Cake,1.0,3.0,3.0,3.0,0.0,Credit Card,Não informado
TXN_8261380,2023-10-01,2023,10,1,Cake,3.0,3.0,9.0,9.0,0.0,Cash,In-store
TXN_1887250,2023-05-15,2023,5,15,Tea,3.0,1.5,,4.5,,Não informado,Takeaway
TXN_4799873,2023-03-04,2023,3,4,Cookie,3.0,1.0,3.0,3.0,0.0,Digital Wallet,In-store
TXN_9691151,2023-08-23,2023,8,23,Coffee,4.0,2.0,8.0,8.0,0.0,Não informado,In-store
TXN_3014261,2023-11-29,2023,11,29,Salad,4.0,5.0,20.0,20.0,0.0,Cash,In-store
TXN_1093668,2023-05-18,2023,5,18,Coffee,2.0,2.0,4.0,4.0,0.0,Digital Wallet,Não informado
TXN_1758689,2023-02-17,2023,2,17,Smoothie,3.0,4.0,12.0,12.0,0.0,Cash,Não informado
TXN_4312977,2023-03-15,2023,3,15,Juice,1.0,3.0,3.0,3.0,0.0,Digital Wallet,In-store
TXN_8676485,2023-04-28,2023,4,28,Salad,2.0,5.0,10.0,10.0,0.0,Não informado,In-store
TXN_7176851,2023-11-20,2023,11,20,Tea,4.0,1.5,6.0,6.0,0.0,Credit Card,Takeaway
TXN_6632882,2023-04-30,2023,4,30,Smoothie,1.0,4.0,4.0,4.0,0.0,Digital Wallet,In-store
TXN_7775016,2023-09-27,2023,9,27,Sandwich,5.0,4.0,20.0,20.0,0.0,Cash,In-store
TXN_3670041,2023-03-22,2023,3,22,Smoothie,3.0,4.0,12.0,12.0,0.0,Digital Wallet,Não informado
TXN_5124080,2023-01-14,2023,1,14,Cookie,1.0,1.0,1.0,1.0,0.0,Credit Card,In-store
TXN_3317649,2023-11-06,2023,11,6,Sandwich,3.0,4.0,12.0,12.0,0.0,Não informado,Takeaway
TXN_3953316,2023-06-06,2023,6,6,Cookie,2.0,1.0,2.0,2.0,0.0,Digital Wallet,Não informado
TXN_6160209,2023-07-28,2023,7,28,Salad,3.0,5.0,15.0,15.0,0.0,Não informado,In-store
TXN_7089316,2023-11-27,2023,11,27,Tea,2.0,1.5,3.0,3.0,0.0,Cash,In-store
TXN_6850528,2023-10-13,2023,10,13,Cookie,3.0,1.0,3.0,3.0,0.0,Cash,In-store
TXN_6900182,2023-09-10,2023,9,10,Smoothie,3.0,4.0,,12.0,,Cash,In-store
TXN_2643748,2023-11-28,2023,11,28,Salad,3.0,5.0,15.0,15.0,0.0,Cash,Não informado
TXN_4858908,2023-02-11,2023,2,11,Cake,2.0,3.0,6.0,6.0,0.0,Cash,In-store
TXN_2828785,2023-01-24,2023,1,24,Smoothie,1.0,4.0,4.0,4.0,0.0,Não informado,In-store
TXN_3489721,2023-09-27,2023,9,27,Coffee,3.0,2.0,,6.0,,Cash,Não informado
TXN_5223702,2023-06-23,2023,6,23,Smoothie,4.0,4.0,16.0,16.0,0.0,Credit Card,Não informado
TXN_2788676,2023-11-05,2023,11,5,Cookie,2.0,1.0,2.0,2.0,0.0,Digital Wallet,Não informado
TXN_5172164,2023-09-13,2023,9,13,Tea,3.0,1.5,4.5,4.5,0.0,Digital Wallet,In-store
TXN_2818867,2023-01-11,2023,1,11,Salad,3.0,5.0,15.0,15.0,0.0,Cash,Não informado
TXN_1303984,2023-07-24,2023,7,24,Salad,4.0,5.0,20.0,20.0,0.0,Digital Wallet,Não informado
TXN_3373078,2023-12-01,2023,12,1,Smoothie,4.0,4.0,16.0,16.0,0.0,Digital Wallet,In-store
TXN_3982146,2023-07-09,2023,7,9,Coffee,3.0,2.0,6.0,6.0,0.0,Não informado,In-store
TXN_1185156,2023-03-23,2023,3,23,Smoothie,4.0,4.0,16.0,16.0,0.0,Não informado,Takeaway
TXN_6720290,2023-01-25,2023,1,25,Smoothie,1.0,4.0,4.0,4.0,0.0,Não informado,In-store
TXN_7701878,2023-08-11,2023,8,11,Smoothie,4.0,4.0,16.0,16.0,0.0,Credit Card,In-store
TXN_9983530,2023-01-04,2023,1,4,Smoothie,3.0,4.0,12.0,12.0,0.0,Não informado,Não informado
TXN_4755934,2023-12-29,2023,12,29,Tea,2.0,1.5,3.0,3.0,0.0,Cash,Não informado
TXN_2931198,2023-04-21,2023,4,21,Cake,2.0,3.0,6.0,6.0,0.0,Credit Card,In-store
TXN_7426387,2023-10-30,2023,10,30,Smoothie,5.0,4.0,20.0,20.0,0.0,Cash,Não informado
TXN_6980463,2023-09-03,2023,9,3,Salad,1.0,5.0,5.0,5.0,0.0,Digital Wallet,In-store
TXN_6708165,2023-10-19,2023,10,19,Juice,5.0,3.0,15.0,15.0,0.0,Não informado,In-store
TXN_4310629,2023-10-02,2023,10,2,Cake,3.0,3.0,9.0,9.0,0.0,Credit Card,Takeaway
TXN_4650611,2023-10-14,2023,10,14,Coffee,1.0,2.0,2.0,2.0,0.0,Credit Card,Não informado
TXN_7952232,2023-03-31,2023,3,31,Tea,4.0,1.5,6.0,6.0,0.0,Cash,Não informado
TXN_1593691,2023-03-11,2023,3,11,Sandwich,2.0,4.0,8.0,8.0,0.0,Não informado,Não informado
TXN_3781198,2023-11-04,2023,11,4,Cake,3.0,3.0,9.0,9.0,0.0,Digital Wallet,In-store
TXN_3585464,2023-09-12,2023,9,12,Cookie,3.0,1.0,3.0,3.0,0.0,Não informado,Takeaway
TXN_8286164,2023-03-08,2023,3,8,Smoothie,1.0,4.0,,4.0,,Não informado,In-store
TXN_8851113,2023-12-23,2023,12,23,Tea,3.0,1.5,4.5,4.5,0.0,Digital Wallet,Não informado
TXN_9131136,2023-03-20,2023,3,20,Juice,2.0,3.0,6.0,6.0,0.0,Credit Card,Não informado
TXN_1449065,2023-10-03,2023,10,3,Salad,2.0,5.0,10.0,10.0,0.0,Cash,Não informado
TXN_1230311,2023-08-14,2023,8,14,Juice,3.0,3.0,9.0,9.0,0.0,Digital Wallet,Não informado
TXN_2647425,2023-07-30,2023,7,30,Juice,4.0,3.0,12.0,12.0,0.0,Credit Card,Não informado
TXN_5525916,2023-03-02,2023,3,2,Coffee,2.0,2.0,4.0,4.0,0.0,Cash,Takeaway
TXN_4297979,2023-08-14,2023,8,14,Coffee,1.0,2.0,2.0,2.0,0.0,Digital Wallet,In-store
TXN_1686323,2023-11-30,2023,11,30,Smoothie,4.0,4.0,16.0,16.0,0.0,Digital Wallet,In-store
TXN_5373154,2023-04-06,2023,4,6,Cake,3.0,3.0,9.0,9.0,0.0,Digital Wallet,Não informado
TXN_6225571,2023-09-13,2023,9,13,Smoothie,2.0,4.0,8.0,8.0,0.0,Credit Card,Takeaway
TXN_9772556,2023-10-20,2023,10,20,Coffee,5.0,2.0,10.0,10.0,0.0,Não informado,Não informado
TXN_3033598,2023-03-12,2023,3,12,Sandwich,5.0,4.0,,20.0,,Cash,Takeaway
TXN_8117583,2023-02-25,2023,2,25,Salad,1.0,5.0,5.0,5.0,0.0,Cash,In-store
TXN_2118759,2023-08-07,2023,8,7,Coffee,2.0,2.0,4.0,4.0,0.0,Digital Wallet,Não informado
TXN_7603948,2023-01-28,2023,1,28,Cake,3.0,3.0,9.0,9.0,0.0,Credit Card,Não informado
TXN_5519424,2023-09-23,2023,9,23,Tea,2.0,1.5,3.0,3.0,0.0,Digital Wallet,Não informado
TXN_3483911,2023-07-10,2023,7,10,Salad,1.0,5.0,5.0,5.0,0.0,Digital Wallet,Takeaway
TXN_5120215,2023-10-29,2023,10,29,Coffee,2.0,2.0,4.0,4.0,0.0,Digital Wallet,Não informado
TXN_4417257,2023-05-06,2023,5,6,Salad,5.0,5.0,25.0,25.0,0.0,Digital Wallet,Takeaway
TXN_2871592,2023-08-07,2023,8,7,Cookie,4.0,1.0,4.0,4.0,0.0,Cash,In-store
TXN_8283199,2023-01-23,2023,1,23,Juice,3.0,3.0,9.0,9.0,0.0,Digital Wallet,Takeaway
TXN_1571874,2023-07-10,2023,7,10,Cake,1.0,3.0,3.0,3.0,0.0,Digital Wallet,Não informado
TXN_6534833,2023-12-14,2023,12,14,Salad,4.0,5.0,,20.0,,Digital Wallet,In-store
TXN_6027500,2023-09-22,2023,9,22,Smoothie,4.0,4.0,16.0,16.0,0.0,Não informado,Não informado
TXN_7029944,2023-04-17,2023,4,17,Cookie,2.0,1.0,2.0,2.0,0.0,Cash,Takeaway
TXN_9791421,2023-07-15,2023,7,15,Sandwich,1.0,4.0,4.0,4.0,0.0,Cash,Takeaway
TXN_6359031,2023-02-28,2023,2,28,Coffee,1.0,2.0,2.0,2.0,0.0,Não informado,Não informado
TXN_8236432,2023-12-04,2023,12,4,Salad,1.0,5.0,5.0,5.0,0.0,Não informado,Não informado
TXN_7359566,2023-04-06,2023,4,6,Coffee,1.0,2.0,2.0,2.0,0.0,Cash,In-store
TXN_4813580,2023-04-15,2023,4,15,Sandwich,3.0,4.0,12.0,12.0,0.0,Digital Wallet,Takeaway
TXN_9940829,2023-04-04,2023,4,4,Smoothie,3.0,4.0,12.0,12.0,0.0,Não informado,In-store
TXN_4583957,2023-10-08,2023,10,8,Cookie,2.0,1.0,2.0,2.0,0.0,Credit Card,Takeaway
TXN_8187222,2023-03-08,2023,3,8,Coffee,4.0,2.0,8.0,8.0,0.0,Credit Card,Não informado
TXN_9005782,2023-06-18,2023,6,18,Tea,4.0,1.5,,6.0,,Não informado,In-store
TXN_5083311,2023-04-30,2023,4,30,Sandwich,4.0,4.0,16.0,16.0,0.0,Digital Wallet,Não informado
TXN_8847610,2023-12-06,2023,12,6,Juice,3.0,3.0,9.0,9.0,0.0,Digital Wallet,Takeaway
TXN_9817102,2023-02-22,2023,2,22,Coffee,3.0,2.0,6.0,6.0,0.0,Credit Card,In-store
TXN_5566774,2023-03-29,2023,3,29,Tea,3.0,1.5,4.5,4.5,0.0,Não informado,In-store
TXN_5811955,2023-06-29,2023,6,29,Salad,2.0,5.0,10.0,10.0,0.0,Credit Card,Takeaway
TXN_5406762,2023-09-12,2023,9,12,Salad,4.0,5.0,20.0,20.0,0.0,Credit Card,Não informado
TXN_3039985,2023-04-08,2023,4,8,Cookie,5.0,1.0,5.0,5.0,0.0,Digital Wallet,In-store
TXN_1424056,2023-07-31,2023,7,31,Smoothie,1.0,4.0,4.0,4.0,0.0,Cash,Não informado
TXN_1193221,2023-10-21,2023,10,21,Tea,3.0,1.5,4.5,4.5,0.0,Credit Card,In-store
TXN_8610501,2023-09-29,2023,9,29,Sandwich,5.0,4.0,20.0,20.0,0.0,Cash,Não informado
TXN_9587445,2023-08-24,2023,8,24,Coffee,4.0,2.0,8.0,8.0,0.0,Não informado,In-store
TXN_3694901,2023-08-16,2023,8,16,Cookie,2.0,1.0,2.0,2.0,0.0,Não informado,In-store
TXN_6699408,2023-12-22,2023,12,22,Cookie,5.0,1.0,5.0,5.0,0.0,Cash,Takeaway
TXN_6400351,2023-08-11,2023,8,11,Juice,2.0,3.0,6.0,6.0,0.0,Digital Wallet,Takeaway
TXN_6091543,2023-07-04,2023,7,4,Coffee,3.0,2.0,,6.0,,Não informado,In-store
TXN_2842641,2023-06-11,2023,6,11,Cake,1.0,3.0,3.0,3.0,0.0,Não informado,In-store
TXN_8875043,2023-02-21,2023,2,21,Salad,4.0,5.0,20.0,20.0,0.0,Digital Wallet,Não informado
TXN_7343062,2023-08-11,2023,8,11,Sandwich,5.0,4.0,20.0,20.0,0.0,Digital Wallet,In-store
TXN_2535099,2023-02-10,2023,2,10,Sandwich,5.0,4.0,20.0,20.0,0.0,Credit Card,In-store
TXN_2951148,2023-02-21,2023,2,21,Sandwich,4.0,4.0,16.0,16.0,0.0,Cash,In-store
TXN_1294101,2023-03-31,2023,3,31,Tea,5.0,1.5,7.5,7.5,0.0,Digital Wallet,Takeaway
TXN_8534360,2023-02-15,2023,2,15,Juice,5.0,3.0,15.0,15.0,0.0,Não informado,Não informado
TXN_4336247,2023-03-03,2023,3,3,Coffee,5.0,2.0,10.0,10.0,0.0,Digital Wallet,Takeaway
TXN_1356599,2023-12-14,2023,12,14,Cookie,2.0,1.0,2.0,2.0,0.0,Cash,Takeaway
TXN_4568452,2023-01-14,2023,1,14,Cookie,3.0,1.0,3.0,3.0,0.0,Digital Wallet,In-store
TXN_5036856,2023-03-27,2023,3,27,Coffee,5.0,2.0,10.0,10.0,0.0,Cash,In-store
TXN_5167925,2023-09-11,2023,9,11,Juice,1.0,3.0,3.0,3.0,0.0,Não informado,Não informado
TXN_1345440,2023-06-20,2023,6,20,Salad,5.0,5.0,25.0,25.0,0.0,Cash,Não informado
TXN_8043218,2023-10-23,2023,10,23,Salad,2.0,5.0,10.0,10.0,0.0,Cash,In-store
TXN_4026277,2023-08-27,2023,8,27,Tea,3.0,1.5,4.5,4.5,0.0,Digital Wallet,In-store
TXN_6196052,2023-04-07,2023,4,7,Smoothie,5.0,4.0,,20.0,,Cash,Takeaway
TXN_8326905,2023-03-10,2023,3,10,Coffee,5.0,2.0,10.0,10.0,0.0,Não informado,Takeaway
TXN_9918597,2023-10-17,2023,10,17,Smoothie,4.0,4.0,16.0,16.0,0.0,Digital Wallet,In-store
TXN_3460926,2023-03-25,2023,3,25,Juice,3.0,3.0,9.0,9.0,0.0,Digital Wallet,Takeaway
TXN_2671272,2023-02-13,2023,2,13,Smoothie,1.0,4.0,4.0,4.0,0.0,Digital Wallet,Não informado
TXN_8437157,2023-02-09,2023,2,9,Smoothie,4.0,4.0,16.0,16.0,0.0,Credit Card,Não informado
TXN_7309365,2023-08-31,2023,8,31,Cake,2.0,3.0,6.0,6.0,0.0,Cash,Não informado
TXN_8872997,2023-01-31,2023,1,31,Sandwich,4.0,4.0,16.0,16.0,0.0,Credit Card,In-store
TXN_8425085,2023-12-23,2023,12,23,Juice,1.0,3.0,3.0,3.0,0.0,Credit Card,Não informado
TXN_3237919,2023-02-04,2023,2,4,Sandwich,1.0,4.0,4.0,4.0,0.0,Não informado,Não informado
TXN_4806003,2023-08-06,2023,8,6,Cookie,5.0,1.0,5.0,5.0,0.0,Credit Card,Não informado
TXN_9089797,2023-09-19,2023,9,19,Coffee,1.0,2.0,2.0,2.0,0.0,Credit Card,Takeaway
TXN_5449092,2023-06-11,2023,6,11,Juice,4.0,3.0,12.0,12.0,0.0,Não informado,Não informado
TXN_6097144,2023-01-27,2023,1,27,Juice,5.0,3.0,15.0,15.0,0.0,Não informado,Takeaway
TXN_6483589,2023-10-13,2023,10,13,Juice,3.0,3.0,9.0,9.0,0.0,Digital Wallet,Não informado
TXN_2078232,2023-06-11,2023,6,11,Tea,1.0,1.5,1.5,1.5,0.0,Não informado,Não informado
TXN_7551689,2023-09-16,2023,9,16,Cookie,5.0,1.0,5.0,5.0,0.0,Cash,Não informado
TXN_8408103,2023-06-01,2023,6,1,Sandwich,5.0,4.0,,20.0,,Não informado,Takeaway
TXN_9348801,2023-11-29,2023,11,29,Cake,1.0,3.0,3.0,3.0,0.0,Não informado,Não informado
TXN_8688565,2023-05-23,2023,5,23,Smoothie,5.0,4.0,20.0,20.0,0.0,Digital Wallet,Não informado
TXN_3067195,2023-12-03,2023,12,3,Salad,3.0,5.0,15.0,15.0,0.0,Cash,Não informado
TXN_2710603,2023-02-02,2023,2,2,Smoothie,5.0,4.0,20.0,20.0,0.0,Não informado,Takeaway
TXN_8978004,2023-04-01,2023,4,1,Coffee,2.0,2.0,4.0,4.0,0.0,Digital Wallet,In-store
TXN_9679889,2023-06-18,2023,6,18,Sandwich,3.0,4.0,12.0,12.0,0.0,Credit Card,In-store
TXN_1712662,2023-05-31,2023,5,31,Juice,2.0,3.0,6.0,6.0,0.0,Cash,Não informado
TXN_4077799,2023-08-12,2023,8,12,Cake,4.0,3.0,12.0,12.0,0.0,Digital Wallet,Takeaway
TXN_3103520,2023-09-04,2023,9,4,Cake,3.0,3.0,9.0,9.0,0.0,Não informado,Não informado
TXN_2084080,2023-09-22,2023,9,22,Cookie,4.0,1.0,4.0,4.0,0.0,Digital Wallet,Takeaway
TXN_8046057,2023-11-24,2023,11,24,Coffee,1.0,2.0,2.0,2.0,0.0,Credit Card,In-store
TXN_5832968,2023-06-05,2023,6,5,Salad,5.0,5.0,25.0,25.0,0.0,Não informado,Takeaway
TXN_3752448,2023-05-16,2023,5,16,Cake,5.0,3.0,15.0,15.0,0.0,Digital Wallet,Takeaway
TXN_3842881,2023-01-25,2023,1,25,Salad,5.0,5.0,25.0,25.0,0.0,Não informado,Não informado
TXN_4060160,2023-07-05,2023,7,5,Coffee,4.0,2.0,8.0,8.0,0.0,Não informado,In-store
TXN_3847405,2023-06-15,2023,6,15,Sandwich,1.0,4.0,4.0,4.0,0.0,Digital Wallet,Takeaway
TXN_5103644,2023-04-17,2023,4,17,Cake,4.0,3.0,12.0,12.0,0.0,Credit Card,Takeaway
TXN_4758849,2023-06-23,2023,6,23,Cake,2.0,3.0,6.0,6.0,0.0,Não informado,Não informado
TXN_1034651,2023-07-06,2023,7,6,Sandwich,3.0,4.0,12.0,12.0,0.0,Não informado,Takeaway
TXN_4128921,2023-09-11,2023,9,11,Salad,4.0,5.0,20.0,20.0,0.0,Não informado,Takeaway
TXN_8925566,2023-08-07,2023,8,7,Tea,2.0,1.5,3.0,3.0,0.0,Digital Wallet,In-store
TXN_1679800,2023-10-17,2023,10,17,Smoothie,4.0,4.0,16.0,16.0,0.0,Cash,In-store
TXN_3785678,2023-03-13,2023,3,13,Tea,1.0,1.5,1.5,1.5,0.0,Credit Card,Takeaway
TXN_1056256,2023-12-04,2023,12,4,Cake,4.0,3.0,12.0,12.0,0.0,Não informado,In-store
TXN_2289122,2023-08-20,2023,8,20,Smoothie,4.0,4.0,16.0,16.0,0.0,Cash,In-store
TXN_2988434,2023-12-09,2023,12,9,Juice,1.0,3.0,3.0,3.0,0.0,Digital Wallet,In-store
TXN_1197536,2023-10-02,2023,10,2,Salad,3.0,5.0,15.0,15.0,0.0,Não informado,Takeaway
TXN_7327362,2023-06-29,2023,6,29,Coffee,5.0,2.0,10.0,10.0,0.0,Credit Card,In-store
TXN_5628251,2023-11-14,2023,11,14,Cake,4.0,3.0,12.0,12.0,0.0,Credit Card,Não informado
TXN_2687748,2023-02-26,2023,2,26,Juice,3.0,3.0,9.0,9.0,0.0,Não informado,Takeaway
TXN_8309656,2023-01-04,2023,1,4,Sandwich,3.0,4.0,12.0,12.0,0.0,Não informado,Takeaway
TXN_7597276,2023-05-01,2023,5,1,Smoothie,4.0,4.0,16.0,16.0,0.0,Digital Wallet,Não informado
TXN_4360906,2023-06-11,2023,6,11,Sandwich,2.0,4.0,8.0,8.0,0.0,Não informado,In-store
TXN_6000890,2023-01-06,2023,1,6,Coffee,3.0,2.0,6.0,6.0,0.0,Digital Wallet,In-store
TXN_8917565,2023-11-19,2023,11,19,Coffee,1.0,2.0,2.0,2.0,0.0,Cash,Não informado
TXN_6264113,2023-12-02,2023,12,2,Coffee,4.0,2.0,8.0,8.0,0.0,Não informado,Não informado
TXN_3603434,2023-01-05,2023,1,5,Coffee,5.0,2.0,10.0,10.0,0.0,Não informado,In-store
TXN_7976129,2023-03-03,2023,3,3,Cake,3.0,3.0,9.0,9.0,0.0,Não informado,In-store
TXN_7420434,2023-07-16,2023,7,16,Coffee,4.0,2.0,8.0,8.0,0.0,Credit Card,Takeaway
TXN_5818852,2023-03-04,2023,3,4,Juice,2.0,3.0,6.0,6.0,0.0,Não informado,Não informado
TXN_9976598,2023-01-10,2023,1,10,Juice,4.0,3.0,12.0,12.0,0.0,Não informado,Takeaway
TXN_1556046,2023-04-09,2023,4,9,Sandwich,4.0,4.0,16.0,16.0,0.0,Credit Card,Takeaway
TXN_7129511,2023-10-29,2023,10,29,Coffee,5.0,2.0,10.0,10.0,0.0,Cash,Takeaway
TXN_6324434,2023-12-04,2023,12,4,Coffee,4.0,2.0,8.0,8.0,0.0,Cash,Takeaway
TXN_2380352,2023-11-03,2023,11,3,Tea,3.0,1.5,4.5,4.5,0.0,Digital Wallet,Não informado
TXN_6455325,2023-01-05,2023,1,5,Juice,4.0,3.0,12.0,12.0,0.0,Credit Card,In-store
TXN_6682253,2023-02-17,2023,2,17,Tea,5.0,1.5,7.5,7.5,0.0,Cash,In-store
TXN_7819240,2023-03-06,2023,3,6,Smoothie,5.0,4.0,20.0,20.0,0.0,Cash,In-store
TXN_4451380,2023-07-10,2023,7,10,Cookie,3.0,1.0,3.0,3.0,0.0,Digital Wallet,In-store
TXN_2482298,2023-06-15,2023,6,15,Salad,2.0,5.0,10.0,10.0,0.0,Não informado,Takeaway
TXN_2606750,2023-06-20,2023,6,20,Tea,3.0,1.5,4.5,4.5,0.0,Cash,Não informado
TXN_4493874,2023-11-19,2023,11,19,Cookie,5.0,1.0,,5.0,,Não informado,In-store
TXN_2705302,2023-01-18,2023,1,18,Salad,2.0,5.0,10.0,10.0,0.0,Credit Card,Não informado
TXN_3706167,2023-10-02,2023,10,2,Sandwich,5.0,4.0,20.0,20.0,0.0,Digital Wallet,Takeaway
TXN_7414587,2023-03-22,2023,3,22,Tea,3.0,1.5,4.5,4.5,0.0,Cash,Takeaway
TXN_3360649,2023-09-10,2023,9,10,Cookie,2.0,1.0,2.0,2.0,0.0,Não informado,Takeaway
TXN_6132245,2023-06-01,2023,6,1,Salad,2.0,5.0,10.0,10.0,0.0,Digital Wallet,Não informado
TXN_9910333,2023-09-15,2023,9,15,Cake,2.0,3.0,6.0,6.0,0.0,Não informado,In-store
TXN_7321479,2023-10-31,2023,10,31,Cake,1.0,3.0,3.0,3.0,0.0,Não informado,Não informado
TXN_4315166,2023-06-10,2023,6,10,Sandwich,2.0,4.0,8.0,8.0,0.0,Digital Wallet,Takeaway
TXN_7843112,2023-01-25,2023,1,25,Cookie,4.0,1.0,4.0,4.0,0.0,Não informado,Não informado
TXN_2879791,2023-07-10,2023,7,10,Sandwich,1.0,4.0,4.0,4.0,0.0,Não informado,Não informado
TXN_2503128,2023-01-12,2023,1,12,Cake,1.0,3.0,3.0,3.0,0.0,Cash,In-store
TXN_3091574,2023-07-29,2023,7,29,Cookie,5.0,1.0,5.0,5.0,0.0,Não informado,In-store
TXN_2371763,2023-05-17,2023,5,17,Sandwich,4.0,4.0,16.0,16.0,0.0,Cash,Não informado
TXN_5726114,2023-07-14,2023,7,14,Smoothie,3.0,4.0,12.0,12.0,0.0,Digital Wallet,Takeaway
TXN_1079844,2023-10-27,2023,10,27,Salad,2.0,5.0,10.0,10.0,0.0,Digital Wallet,Não informado
TXN_1633337,2023-06-29,2023,6,29,Salad,5.0,5.0,25.0,25.0,0.0,Credit Card,Não informado
TXN_5222176,2023-01-11,2023,1,11,Cookie,4.0,1.0,4.0,4.0,0.0,Não informado,In-store
TXN_7480940,2023-01-25,2023,1,25,Coffee,2.0,2.0,4.0,4.0,0.0,Cash,In-store
TXN_2437508,2023-11-20,2023,11,20,Salad,2.0,5.0,10.0,10.0,0.0,Não informado,Takeaway
TXN_5036614,2023-10-10,2023,10,10,Smoothie,4.0,4.0,16.0,16.0,0.0,Digital Wallet,In-store
TXN_9731164,2023-12-07,2023,12,7,Salad,1.0,5.0,5.0,5.0,0.0,Cash,Não informado
TXN_1417291,2023-05-11,2023,5,11,Juice,4.0,3.0,12.0,12.0,0.0,Digital Wallet,In-store
TXN_9792093,2023-09-28,2023,9,28,Sandwich,1.0,4.0,4.0,4.0,0.0,Não informado,In-store
TXN_9989239,2023-04-28,2023,4,28,Tea,5.0,1.5,,7.5,,Não informado,In-store
TXN_6055570,2023-02-06,2023,2,6,Tea,3.0,1.5,4.5,4.5,0.0,Cash,Não informado
TXN_1231531,2023-07-24,2023,7,24,Coffee,5.0,2.0,10.0,10.0,0.0,Digital Wallet,In-store
TXN_8843108,2023-07-18,2023,7,18,Juice,5.0,3.0,15.0,15.0,0.0,Não informado,Não informado
TXN_4643305,2023-04-12,2023,4,12,Cookie,4.0,1.0,4.0,4.0,0.0,Não informado,Takeaway
TXN_8754977,2023-10-24,2023,10,24,Sandwich,3.0,4.0,12.0,12.0,0.0,Digital Wallet,In-store
TXN_2052060,2023-11-07,2023,11,7,Sandwich,3.0,4.0,12.0,12.0,0.0,Cash,Takeaway
TXN_1275124,2023-06-21,2023,6,21,Coffee,3.0,2.0,6.0,6.0,0.0,Não informado,Não informado
TXN_3534536,2023-02-02,2023,2,2,Coffee,1.0,2.0,2.0,2.0,0.0,Credit Card,Não informado
TXN_3999862,2023-07-11,2023,7,11,Tea,4.0,1.5,6.0,6.0,0.0,Não informado,In-store
TXN_7694326,2023-02-19,2023,2,19,Coffee,5.0,2.0,,10.0,,Não informado,Não informado
TXN_1171080,2023-07-29,2023,7,29,Sandwich,3.0,4.0,12.0,12.0,0.0,Credit Card,Não informado
TXN_6395070,2023-12-10,2023,12,10,Smoothie,4.0,4.0,16.0,16.0,0.0,Credit Card,Não informado
TXN_9576454,2023-09-23,2023,9,23,Juice,1.0,3.0,3.0,3.0,0.0,Credit Card,In-store
TXN_7907259,2023-10-19,2023,10,19,Cake,1.0,3.0,3.0,3.0,0.0,Digital Wallet,Takeaway
TXN_4487345,2023-05-10,2023,5,10,Sandwich,3.0,4.0,12.0,12.0,0.0,Não informado,In-store
TXN_5929341,2023-05-12,2023,5,12,Juice,2.0,3.0,6.0,6.0,0.0,Não informado,Takeaway
TXN_6021173,2023-12-16,2023,12,16,Juice,5.0,3.0,15.0,15.0,0.0,Cash,Takeaway
TXN_6272473,2023-03-06,2023,3,6,Coffee,4.0,2.0,8.0,8.0,0.0,Cash,Takeaway
TXN_5243032,2023-08-24,2023,8,24,Cookie,1.0,1.0,1.0,1.0,0.0,Cash,Takeaway
TXN_5863411,2023-09-21,2023,9,21,Cookie,3.0,1.0,,3.0,,Digital Wallet,In-store
TXN_4087571,2023-11-24,2023,11,24,Cookie,2.0,1.0,2.0,2.0,0.0,Não informado,Não informado
TXN_7680197,2023-09-23,2023,9,23,Cookie,5.0,1.0,5.0,5.0,0.0,Cash,Takeaway
TXN_8773639,2023-02-20,2023,2,20,Coffee,3.0,2.0,6.0,6.0,0.0,Digital Wallet,Takeaway
TXN_5960979,2023-05-03,2023,5,3,Coffee,5.0,2.0,10.0,10.0,0.0,Digital Wallet,In-store
TXN_7894534,2023-03-16,2023,3,16,Tea,3.0,1.5,4.5,4.5,0.0,Credit Card,In-store
TXN_4890770,2023-10-12,2023,10,12,Coffee,4.0,2.0,8.0,8.0,0.0,Não informado,Takeaway
TXN_4612930,2023-08-13,2023,8,13,Juice,2.0,3.0,6.0,6.0,0.0,Não informado,Não informado
TXN_1124311,2023-05-05,2023,5,5,Cookie,1.0,1.0,1.0,1.0,0.0,Cash,Não informado
TXN_6380636,2023-01-10,2023,1,10,Coffee,5.0,2.0,10.0,10.0,0.0,Não informado,Não informado
TXN_5720183,2023-05-30,2023,5,30,Cookie,5.0,1.0,5.0,5.0,0.0,Credit Card,Takeaway
TXN_6382322,2023-12-14,2023,12,14,Tea,3.0,1.5,4.5,4.5,0.0,Digital Wallet,In-store
TXN_1674042,2023-09-19,2023,9,19,Coffee,5.0,2.0,10.0,10.0,0.0,Digital Wallet,Não informado
TXN_8398809,2023-11-25,2023,11,25,Tea,2.0,1.5,3.0,3.0,0.0,Não informado,Takeaway
TXN_7728415,2023-12-28,2023,12,28,Tea,5.0,1.5,7.5,7.5,0.0,Credit Card,In-store
TXN_5285171,2023-12-11,2023,12,11,Sandwich,5.0,4.0,20.0,20.0,0.0,Cash,Takeaway
TXN_2527007,2023-10-22,2023,10,22,Smoothie,1.0,4.0,4.0,4.0,0.0,Digital Wallet,Não informado
TXN_8331542,2023-12-23,2023,12,23,Salad,4.0,5.0,20.0,20.0,0.0,Não informado,In-store
TXN_2999220,2023-02-23,2023,2,23,Smoothie,4.0,4.0,16.0,16.0,0.0,Digital Wallet,Takeaway
TXN_5108188,2023-08-25,2023,8,25,Cake,2.0,3.0,6.0,6.0,0.0,Não informado,Não informado
TXN_6680963,2023-08-01,2023,8,1,Sandwich,2.0,4.0,8.0,8.0,0.0,Credit Card,Takeaway
TXN_2308317,2023-11-13,2023,11,13,Coffee,2.0,2.0,4.0,4.0,0.0,Digital Wallet,Takeaway
TXN_8811902,2023-08-07,2023,8,7,Tea,5.0,1.5,7.5,7.5,0.0,Credit Card,Não informado
TXN_1467546,2023-07-20,2023,7,20,Cookie,3.0,1.0,3.0,3.0,0.0,Não informado,Takeaway
TXN_2276722,2023-12-21,2023,12,21,Salad,2.0,5.0,10.0,10.0,0.0,Cash,Takeaway
TXN_2519044,2023-05-20,2023,5,20,Salad,5.0,5.0,25.0,25.0,0.0,Digital Wallet,Takeaway
TXN_2851147,2023-06-24,2023,6,24,Salad,2.0,5.0,10.0,10.0,0.0,Digital Wallet,In-store
TXN_3349404,2023-01-31,2023,1,31,Coffee,3.0,2.0,6.0,6.0,0.0,Digital Wallet,Não informado
TXN_7939011,2023-04-07,2023,4,7,Juice,5.0,3.0,15.0,15.0,0.0,Não informado,In-store
TXN_3877580,2023-05-30,2023,5,30,Salad,2.0,5.0,10.0,10.0,0.0,Digital Wallet,Não informado
TXN_5220523,2023-01-30,2023,1,30,Juice,3.0,3.0,9.0,9.0,0.0,Cash,Takeaway
TXN_5934526,2023-05-27,2023,5,27,Coffee,5.0,2.0,10.0,10.0,0.0,Credit Card,In-store
TXN_8935939,2023-03-27,2023,3,27,Tea,3.0,1.5,4.5,4.5,0.0,Digital Wallet,Takeaway
TXN_3586935,2023-05-21,2023,5,21,Salad,5.0,5.0,25.0,25.0,0.0,Cash,Não informado
TXN_1781777,2023-10-26,2023,10,26,Salad,3.0,5.0,15.0,15.0,0.0,Credit Card,Takeaway
TXN_1707251,2023-10-06,2023,10,6,Sandwich,2.0,4.0,8.0,8.0,0.0,Digital Wallet,Takeaway
TXN_2446874,2023-07-22,2023,7,22,Juice,4.0,3.0,12.0,12.0,0.0,Credit Card,Não informado
TXN_5747859,2023-03-13,2023,3,13,Cake,1.0,3.0,3.0,3.0,0.0,Credit Card,Takeaway
TXN_8172333,2023-12-25,2023,12,25,Cookie,4.0,1.0,4.0,4.0,0.0,Credit Card,Não informado
TXN_8600523,2023-12-29,2023,12,29,Tea,3.0,1.5,4.5,4.5,0.0,Não informado,Não informado
TXN_3884527,2023-06-06,2023,6,6,Sandwich,1.0,4.0,4.0,4.0,0.0,Digital Wallet,In-store
TXN_9072517,2023-01-09,2023,1,9,Smoothie,2.0,4.0,8.0,8.0,0.0,Credit Card,Takeaway
TXN_4378200,2023-09-04,2023,9,4,Tea,5.0,1.5,7.5,7.5,0.0,Credit Card,In-store
TXN_3918998,2023-12-18,2023,12,18,Coffee,5.0,2.0,10.0,10.0,0.0,Digital Wallet,Takeaway
TXN_7674694,2023-03-30,2023,3,30,Tea,2.0,1.5,3.0,3.0,0.0,Não informado,Não informado
TXN_3875049,2023-09-15,2023,9,15,Tea,2.0,1.5,3.0,3.0,0.0,Digital Wallet,Takeaway
TXN_5400266,2023-06-14,2023,6,14,Tea,3.0,1.5,4.5,4.5,0.0,Digital Wallet,Takeaway
TXN_2402978,2023-01-21,2023,1,21,Cookie,3.0,1.0,3.0,3.0,0.0,Credit Card,In-store
TXN_6188306,2023-10-26,2023,10,26,Salad,1.0,5.0,5.0,5.0,0.0,Não informado,Takeaway
TXN_1148874,2023-09-18,2023,9,18,Cookie,1.0,1.0,1.0,1.0,0.0,Credit Card,In-store
TXN_1888708,2023-08-17,2023,8,17,Sandwich,4.0,4.0,,16.0,,Cash,Não informado
TXN_8842592,2023-07-10,2023,7,10,Cookie,5.0,1.0,5.0,5.0,0.0,Não informado,Não informado
TXN_2761204,2023-07-14,2023,7,14,Cake,3.0,3.0,9.0,9.0,0.0,Cash,Não informado
TXN_9038745,2023-06-25,2023,6,25,Smoothie,3.0,4.0,12.0,12.0,0.0,Não informado,Takeaway
TXN_1374424,2023-04-24,2023,4,24,Sandwich,5.0,4.0,20.0,20.0,0.0,Não informado,Não informado
TXN_7205840,2023-03-05,2023,3,5,Salad,3.0,5.0,15.0,15.0,0.0,Não informado,Não informado
TXN_7714378,2023-08-10,2023,8,10,Smoothie,2.0,4.0,,8.0,,Cash,Não informado
TXN_6718205,2023-06-30,2023,6,30,Smoothie,2.0,4.0,8.0,8.0,0.0,Digital Wallet,Takeaway
TXN_6899576,2023-10-26,2023,10,26,Salad,2.0,5.0,10.0,10.0,0.0,Digital Wallet,Takeaway
TXN_2761003,2023-11-08,2023,11,8,Smoothie,2.0,4.0,,8.0,,Não informado,In-store
TXN_6929413,2023-10-13,2023,10,13,Tea,1.0,1.5,1.5,1.5,0.0,Digital Wallet,Não informado
TXN_1948437,2023-11-03,2023,11,3,Smoothie,2.0,4.0,8.0,8.0,0.0,Não informado,Takeaway
TXN_1072232,2023-01-07,2023,1,7,Sandwich,1.0,4.0,4.0,4.0,0.0,Digital Wallet,In-store
TXN_7469771,2023-12-09,2023,12,9,Cake,5.0,3.0,15.0,15.0,0.0,Não informado,Não informado
TXN_7139053,2023-09-12,2023,9,12,Salad,4.0,5.0,20.0,20.0,0.0,Digital Wallet,Takeaway
TXN_3622194,2023-06-26,2023,6,26,Cake,1.0,3.0,3.0,3.0,0.0,Digital Wallet,Não informado
TXN_6431215,2023-08-27,2023,8,27,Cake,1.0,3.0,3.0,3.0,0.0,Não informado,Não informado
TXN_4385240,2023-02-10,2023,2,10,Cookie,4.0,1.0,4.0,4.0,0.0,Cash,Takeaway
TXN_5697778,2023-03-08,2023,3,8,Cake,3.0,3.0,9.0,9.0,0.0,Cash,Não informado
TXN_1749299,2023-10-28,2023,10,28,Smoothie,2.0,4.0,8.0,8.0,0.0,Não informado,Não informado
TXN_8352365,2023-08-10,2023,8,10,Coffee,5.0,2.0,10.0,10.0,0.0,Não informado,Takeaway
TXN_7143535,2023-05-21,2023,5,21,Cookie,2.0,1.0,2.0,2.0,0.0,Não informado,Não informado
TXN_5090839,2023-03-06,2023,3,6,Sandwich,5.0,4.0,20.0,20.0,0.0,Cash,Não informado
TXN_5743619,2023-11-07,2023,11,7,Salad,5.0,5.0,25.0,25.0,0.0,Digital Wallet,Takeaway
TXN_8785432,2023-08-14,2023,8,14,Cookie,2.0,1.0,2.0,2.0,0.0,Cash,Não informado
TXN_1086324,2023-11-25,2023,11,25,Cake,3.0,3.0,9.0,9.0,0.0,Não informado,In-store
TXN_8211146,2023-04-30,2023,4,30,Sandwich,5.0,4.0,20.0,20.0,0.0,Digital Wallet,Takeaway
TXN_5826333,2023-05-14,2023,5,14,Cookie,1.0,1.0,1.0,1.0,0.0,Cash,Não informado
TXN_1555314,2023-02-25,2023,2,25,Sandwich,1.0,4.0,4.0,4.0,0.0,Não informado,Takeaway
TXN_4611673,2023-03-05,2023,3,5,Smoothie,5.0,4.0,20.0,20.0,0.0,Digital Wallet,Não informado
TXN_8839045,2023-06-13,2023,6,13,Cake,2.0,3.0,6.0,6.0,0.0,Não informado,In-store
TXN_5183249,2023-07-02,2023,7,2,Sandwich,1.0,4.0,4.0,4.0,0.0,Não informado,In-store
TXN_5104848,2023-01-22,2023,1,22,Tea,2.0,1.5,3.0,3.0,0.0,Não informado,Takeaway
TXN_9943917,2023-01-16,2023,1,16,Sandwich,3.0,4.0,12.0,12.0,0.0,Credit Card,In-store
TXN_2490461,2023-09-22,2023,9,22,Salad,4.0,5.0,20.0,20.0,0.0,Não informado,Não informado
TXN_5852244,2023-10-15,2023,10,15,Cake,2.0,3.0,6.0,6.0,0.0,Credit Card,Takeaway
TXN_9874775,2023-09-02,2023,9,2,Tea,1.0,1.5,1.5,1.5,0.0,Cash,Não informado
TXN_2586215,2023-03-23,2023,3,23,Juice,2.0,3.0,6.0,6.0,0.0,Digital Wallet,Não informado
TXN_5444860,2023-04-28,2023,4,28,Tea,2.0,1.5,3.0,3.0,0.0,Digital Wallet,Não informado
TXN_9391494,2023-12-17,2023,12,17,Coffee,1.0,2.0,2.0,2.0,0.0,Não informado,Não informado
TXN_3557583,2023-07-26,2023,7,26,Smoothie,5.0,4.0,20.0,20.0,0.0,Credit Card,Não informado
TXN_3995266,2023-04-21,2023,4,21,Sandwich,1.0,4.0,4.0,4.0,0.0,Credit Card,In-store
TXN_7326974,2023-12-31,2023,12,31,Cake,4.0,3.0,12.0,12.0,0.0,Credit Card,Não informado
TXN_7277750,2023-09-29,2023,9,29,Cake,2.0,3.0,6.0,6.0,0.0,Não informado,Não informado
TXN_8075323,2023-04-18,2023,4,18,Sandwich,1.0,4.0,4.0,4.0,0.0,Digital Wallet,Não informado
TXN_4831345,2023-05-10,2023,5,10,Sandwich,5.0,4.0,20.0,20.0,0.0,Não informado,In-store
TXN_1456374,2023-02-15,2023,2,15,Cookie,5.0,1.0,5.0,5.0,0.0,Cash,Não informado
TXN_3263746,2023-11-14,2023,11,14,Coffee,1.0,2.0,2.0,2.0,0.0,Cash,Takeaway
TXN_9502077,2023-12-21,2023,12,21,Smoothie,3.0,4.0,12.0,12.0,0.0,Não informado,Não informado
TXN_1671480,2023-01-06,2023,1,6,Cookie,5.0,1.0,5.0,5.0,0.0,Não informado,Não informado
TXN_7430227,2023-07-24,2023,7,24,Cake,3.0,3.0,9.0,9.0,0.0,Cash,In-store
TXN_1516182,2023-06-18,2023,6,18,Cookie,1.0,1.0,1.0,1.0,0.0,Não informado,Não informado
TXN_8807199,2023-05-30,2023,5,30,Salad,5.0,5.0,25.0,25.0,0.0,Credit Card,Não informado
TXN_8700466,2023-04-29,2023,4,29,Coffee,4.0,2.0,8.0,8.0,0.0,Digital Wallet,In-store
TXN_2190325,2023-03-10,2023,3,10,Sandwich,4.0,4.0,16.0,16.0,0.0,Credit Card,In-store
TXN_4150495,2023-04-12,2023,4,12,Cookie,2.0,1.0,2.0,2.0,0.0,Cash,Não informado
TXN_3794410,2023-12-06,2023,12,6,Cake,4.0,3.0,12.0,12.0,0.0,Credit Card,Não informado
TXN_5677869,2023-11-19,2023,11,19,Juice,5.0,3.0,15.0,15.0,0.0,Cash,In-store
TXN_3436462,2023-06-29,2023,6,29,Salad,2.0,5.0,10.0,10.0,0.0,Credit Card,In-store
TXN_7493740,2023-05-18,2023,5,18,Cake,1.0,3.0,3.0,3.0,0.0,Não informado,Não informado
TXN_7388752,2023-08-28,2023,8,28,Salad,1.0,5.0,5.0,5.0,0.0,Credit Card,Takeaway
TXN_8655424,2023-11-26,2023,11,26,Cookie,2.0,1.0,2.0,2.0,0.0,Não informado,In-store
TXN_9720012,2023-09-25,2023,9,25,Smoothie,5.0,4.0,20.0,20.0,0.0,Cash,In-store
TXN_9390188,2023-06-20,2023,6,20,Tea,1.0,1.5,1.5,1.5,0.0,Não informado,Takeaway
TXN_1952465,2023-06-11,2023,6,11,Cake,2.0,3.0,6.0,6.0,0.0,Não informado,Takeaway
TXN_7605154,2023-09-09,2023,9,9,Juice,5.0,3.0,15.0,15.0,0.0,Cash,In-store
TXN_2684400,2023-03-30,2023,3,30,Coffee,3.0,2.0,6.0,6.0,0.0,Não informado,In-store
TXN_4702378,2023-08-28,2023,8,28,Cake,2.0,3.0,6.0,6.0,0.0,Cash,Não informado
TXN_6312755,2023-02-11,2023,2,11,Sandwich,2.0,4.0,8.0,8.0,0.0,Credit Card,Não informado
TXN_7584025,2023-09-18,2023,9,18,Tea,4.0,1.5,6.0,6.0,0.0,Não informado,In-store
TXN_7533540,2023-11-01,2023,11,1,Sandwich,5.0,4.0,20.0,20.0,0.0,Não informado,In-store
TXN_4425164,2023-01-13,2023,1,13,Juice,4.0,3.0,12.0,12.0,0.0,Não informado,Não informado
TXN_4325648,2023-05-04,2023,5,4,Juice,3.0,3.0,9.0,9.0,0.0,Digital Wallet,Takeaway
TXN_7151374,2023-07-30,2023,7,30,Tea,4.0,1.5,6.0,6.0,0.0,Credit Card,In-store
TXN_6496506,2023-01-11,2023,1,11,Juice,1.0,3.0,3.0,3.0,0.0,Digital Wallet,In-store
TXN_4823513,2023-07-02,2023,7,2,Cookie,5.0,1.0,,5.0,,Cash,Takeaway
TXN_3222677,2023-12-16,2023,12,16,Sandwich,1.0,4.0,4.0,4.0,0.0,Digital Wallet,Takeaway
TXN_9942517,2023-04-29,2023,4,29,Coffee,4.0,2.0,8.0,8.0,0.0,Digital Wallet,In-store
TXN_8735418,2023-03-03,2023,3,3,Coffee,5.0,2.0,10.0,10.0,0.0,Digital Wallet,Takeaway
TXN_6347670,2023-06-24,2023,6,24,Tea,2.0,1.5,3.0,3.0,0.0,Digital Wallet,In-store
TXN_9632482,2023-08-27,2023,8,27,Cake,2.0,3.0,6.0,6.0,0.0,Credit Card,Não informado
TXN_4642770,2023-09-22,2023,9,22,Tea,4.0,1.5,6.0,6.0,0.0,Não informado,Não informado
TXN_5356324,2023-02-26,2023,2,26,Smoothie,1.0,4.0,4.0,4.0,0.0,Não informado,Não informado
TXN_5148730,2023-12-12,2023,12,12,Cake,1.0,3.0,3.0,3.0,0.0,Cash,Não informado
TXN_8848847,2023-08-15,2023,8,15,Cookie,3.0,1.0,3.0,3.0,0.0,Cash,Takeaway
TXN_3686848,2023-04-06,2023,4,6,Tea,3.0,1.5,4.5,4.5,0.0,Não informado,Não informado
TXN_2328896,2023-10-20,2023,10,20,Smoothie,4.0,4.0,16.0,16.0,0.0,Cash,Não informado
TXN_6361856,2023-05-11,2023,5,11,Cookie,5.0,1.0,5.0,5.0,0.0,Não informado,Não informado
TXN_5942011,2023-10-08,2023,10,8,Tea,1.0,1.5,1.5,1.5,0.0,Cash,Não informado
TXN_7137364,2023-08-09,2023,8,9,Salad,5.0,5.0,25.0,25.0,0.0,Cash,Não informado
TXN_8176812,2023-06-21,2023,6,21,Sandwich,5.0,4.0,20.0,20.0,0.0,Digital Wallet,Não informado
TXN_4413776,2023-07-21,2023,7,21,Coffee,5.0,2.0,10.0,10.0,0.0,Cash,Takeaway
TXN_1811953,2023-06-26,2023,6,26,Cookie,2.0,1.0,2.0,2.0,0.0,Não informado,Não informado
TXN_9382596,2023-11-18,2023,11,18,Smoothie,5.0,4.0,20.0,20.0,0.0,Credit Card,Takeaway
TXN_9480564,2023-06-12,2023,6,12,Cookie,4.0,1.0,4.0,4.0,0.0,Cash,In-store
TXN_1094479,2023-06-08,2023,6,8,Cake,3.0,3.0,9.0,9.0,0.0,Não informado,In-store
TXN_8301190,2023-04-01,2023,4,1,Coffee,1.0,2.0,2.0,2.0,0.0,Cash,Takeaway
TXN_7653946,2023-09-19,2023,9,19,Smoothie,4.0,4.0,16.0,16.0,0.0,Cash,Não informado
TXN_1348274,2023-11-14,2023,11,14,Cake,5.0,3.0,15.0,15.0,0.0,Não informado,Não informado
TXN_2855149,2023-07-16,2023,7,16,Sandwich,2.0,4.0,8.0,8.0,0.0,Cash,In-store
TXN_9320167,2023-11-12,2023,11,12,Juice,5.0,3.0,15.0,15.0,0.0,Credit Card,Não informado
TXN_1135215,2023-04-10,2023,4,10,Sandwich,3.0,4.0,12.0,12.0,0.0,Não informado,In-store
TXN_6158518,2023-09-28,2023,9,28,Cookie,5.0,1.0,5.0,5.0,0.0,Cash,Não informado
TXN_5734442,2023-10-01,2023,10,1,Cookie,4.0,1.0,4.0,4.0,0.0,Credit Card,Takeaway
TXN_3644269,2023-09-26,2023,9,26,Cookie,5.0,1.0,5.0,5.0,0.0,Credit Card,Takeaway
TXN_4020100,2023-08-09,2023,8,9,Cookie,1.0,1.0,1.0,1.0,0.0,Cash,In-store
TXN_1643870,2023-10-07,2023,10,7,Salad,4.0,5.0,20.0,20.0,0.0,Digital Wallet,Takeaway
TXN_4734216,2023-11-30,2023,11,30,Salad,3.0,5.0,15.0,15.0,0.0,Digital Wallet,In-store
TXN_4060538,2023-09-08,2023,9,8,Cake,2.0,3.0,6.0,6.0,0.0,Digital Wallet,Takeaway
TXN_5173628,2023-05-30,2023,5,30,Tea,3.0,1.5,4.5,4.5,0.0,Não informado,Takeaway
TXN_9040196,2023-06-28,2023,6,28,Juice,3.0,3.0,9.0,9.0,0.0,Cash,Não informado
TXN_1853983,2023-12-04,2023,12,4,Tea,1.0,1.5,1.5,1.5,0.0,Cash,In-store
TXN_1936915,2023-01-24,2023,1,24,Salad,3.0,5.0,15.0,15.0,0.0,Digital Wallet,In-store
TXN_2911864,2023-03-21,2023,3,21,Cookie,3.0,1.0,3.0,3.0,0.0,Digital Wallet,Takeaway
TXN_2336921,2023-05-01,2023,5,1,Juice,3.0,3.0,9.0,9.0,0.0,Digital Wallet,Takeaway
TXN_3275800,2023-05-27,2023,5,27,Coffee,3.0,2.0,6.0,6.0,0.0,Não informado,Takeaway
TXN_6472656,2023-11-25,2023,11,25,Tea,3.0,1.5,4.5,4.5,0.0,Cash,Takeaway
TXN_3494191,2023-01-08,2023,1,8,Smoothie,2.0,4.0,8.0,8.0,0.0,Credit Card,In-store
TXN_4177717,2023-01-07,2023,1,7,Cookie,1.0,1.0,1.0,1.0,0.0,Não informado,Não informado
TXN_7313328,2023-01-03,2023,1,3,Juice,1.0,3.0,3.0,3.0,0.0,Não informado,Takeaway
TXN_6832697,2023-01-21,2023,1,21,Salad,3.0,5.0,15.0,15.0,0.0,Credit Card,Takeaway
TXN_2919225,2023-02-14,2023,2,14,Coffee,4.0,2.0,8.0,8.0,0.0,Credit Card,Takeaway
TXN_6444366,2023-08-19,2023,8,19,Coffee,1.0,2.0,2.0,2.0,0.0,Digital Wallet,Não informado
TXN_7630601,2023-08-22,2023,8,22,Tea,1.0,1.5,1.5,1.5,0.0,Não informado,Takeaway
TXN_5762127,2023-11-10,2023,11,10,Coffee,2.0,2.0,4.0,4.0,0.0,Não informado,Takeaway
TXN_1856153,2023-12-02,2023,12,2,Coffee,5.0,2.0,10.0,10.0,0.0,Credit Card,Não informado
TXN_4908458,2023-10-06,2023,10,6,Tea,4.0,1.5,6.0,6.0,0.0,Não informado,Não informado
TXN_4214066,2023-07-23,2023,7,23,Juice,2.0,3.0,6.0,6.0,0.0,Não informado,In-store
TXN_8252793,2023-07-28,2023,7,28,Cookie,4.0,1.0,4.0,4.0,0.0,Digital Wallet,Não informado
TXN_1313643,2023-02-11,2023,2,11,Cake,4.0,3.0,12.0,12.0,0.0,Não informado,Não informado
TXN_2941227,2023-08-29,2023,8,29,Cookie,3.0,1.0,3.0,3.0,0.0,Cash,In-store
TXN_1206585,2023-06-29,2023,6,29,Tea,2.0,1.5,3.0,3.0,0.0,Cash,Não informado
TXN_9580673,2023-06-25,2023,6,25,Juice,2.0,3.0,,6.0,,Não informado,In-store
TXN_9874192,2023-11-30,2023,11,30,Smoothie,3.0,4.0,12.0,12.0,0.0,Não informado,Não informado
TXN_4475487,2023-06-01,2023,6,1,Smoothie,3.0,4.0,12.0,12.0,0.0,Cash,In-store
TXN_3858126,2023-08-25,2023,8,25,Smoothie,2.0,4.0,8.0,8.0,0.0,Não informado,In-store
TXN_6242107,2023-11-14,2023,11,14,Coffee,3.0,2.0,6.0,6.0,0.0,Cash,Não informado
TXN_2352246,2023-06-20,2023,6,20,Smoothie,4.0,4.0,16.0,16.0,0.0,Credit Card,Takeaway
TXN_9523335,2023-01-29,2023,1,29,Cookie,4.0,1.0,4.0,4.0,0.0,Credit Card,Não informado
TXN_4475412,2023-10-31,2023,10,31,Sandwich,3.0,4.0,12.0,12.0,0.0,Não informado,Não informado
TXN_2656162,2023-04-11,2023,4,11,Coffee,1.0,2.0,2.0,2.0,0.0,Digital Wallet,In-store
TXN_7517241,2023-01-18,2023,1,18,Sandwich,2.0,4.0,8.0,8.0,0.0,Não informado,Não informado
TXN_9022617,2023-01-23,2023,1,23,Coffee,1.0,2.0,2.0,2.0,0.0,Credit Card,In-store
TXN_1031802,2023-06-27,2023,6,27,Cookie,4.0,1.0,4.0,4.0,0.0,Não informado,Não informado
TXN_2346296,2023-10-04,2023,10,4,Cake,4.0,3.0,12.0,12.0,0.0,Digital Wallet,Não informado
TXN_8219210,2023-01-12,2023,1,12,Smoothie,5.0,4.0,20.0,20.0,0.0,Cash,Não informado
TXN_8522571,2023-09-19,2023,9,19,Juice,2.0,3.0,6.0,6.0,0.0,Credit Card,Takeaway
TXN_6752476,2023-08-28,2023,8,28,Tea,4.0,1.5,6.0,6.0,0.0,Não informado,Takeaway
TXN_1894142,2023-09-13,2023,9,13,Sandwich,4.0,4.0,16.0,16.0,0.0,Cash,In-store
TXN_8885727,2023-10-05,2023,10,5,Tea,2.0,1.5,3.0,3.0,0.0,Cash,Takeaway
TXN_1422305,2023-03-09,2023,3,9,Sandwich,4.0,4.0,16.0,16.0,0.0,Não informado,In-store
TXN_4625165,2023-03-02,2023,3,2,Salad,3.0,5.0,15.0,15.0,0.0,Credit Card,Não informado
TXN_9323215,2023-01-27,2023,1,27,Cookie,3.0,1.0,3.0,3.0,0.0,Não informado,Não informado
TXN_6824743,2023-11-08,2023,11,8,Sandwich,2.0,4.0,,8.0,,Digital Wallet,Takeaway
TXN_3265085,2023-09-05,2023,9,5,Cookie,5.0,1.0,5.0,5.0,0.0,Não informado,In-store
TXN_3061498,2023-11-14,2023,11,14,Salad,5.0,5.0,25.0,25.0,0.0,Não informado,Não informado
TXN_7374304,2023-05-10,2023,5,10,Tea,5.0,1.5,7.5,7.5,0.0,Digital Wallet,In-store
TXN_9447946,2023-10-21,2023,10,21,Smoothie,2.0,4.0,8.0,8.0,0.0,Credit Card,In-store
TXN_8223689,2023-09-08,2023,9,8,Salad,5.0,5.0,25.0,25.0,0.0,Digital Wallet,In-store
TXN_3207254,2023-04-25,2023,4,25,Cake,1.0,3.0,3.0,3.0,0.0,Não informado,Takeaway
TXN_2579242,2023-09-11,2023,9,11,Juice,5.0,3.0,15.0,15.0,0.0,Não informado,In-store
TXN_2594056,2023-03-11,2023,3,11,Salad,4.0,5.0,20.0,20.0,0.0,Cash,Não informado
TXN_6591736,2023-06-21,2023,6,21,Coffee,4.0,2.0,8.0,8.0,0.0,Não informado,Takeaway
TXN_4615235,2023-01-08,2023,1,8,Cake,4.0,3.0,12.0,12.0,0.0,Cash,Não informado
TXN_4824519,2023-12-27,2023,12,27,Smoothie,5.0,4.0,20.0,20.0,0.0,Não informado,Não informado
TXN_4677415,2023-12-12,2023,12,12,Cake,2.0,3.0,6.0,6.0,0.0,Digital Wallet,Não informado
TXN_3548788,2023-02-22,2023,2,22,Salad,4.0,5.0,20.0,20.0,0.0,Digital Wallet,Não informado
TXN_2503245,2023-04-15,2023,4,15,Sandwich,3.0,4.0,12.0,12.0,0.0,Não informado,Takeaway
TXN_2417402,2023-05-09,2023,5,9,Sandwich,3.0,4.0,12.0,12.0,0.0,Digital Wallet,Não informado
TXN_6266017,2023-09-28,2023,9,28,Cookie,4.0,1.0,4.0,4.0,0.0,Não informado,In-store
TXN_4619018,2023-12-19,2023,12,19,Cake,5.0,3.0,15.0,15.0,0.0,Digital Wallet,Não informado
TXN_2221447,2023-12-06,2023,12,6,Cookie,1.0,1.0,1.0,1.0,0.0,Credit Card,In-store
TXN_8464222,2023-08-17,2023,8,17,Cake,4.0,3.0,12.0,12.0,0.0,Cash,In-store
TXN_6815753,2023-10-27,2023,10,27,Cookie,4.0,1.0,4.0,4.0,0.0,Digital Wallet,Takeaway
TXN_9477892,2023-08-21,2023,8,21,Cake,3.0,3.0,9.0,9.0,0.0,Credit Card,Não informado
TXN_4644671,2023-04-20,2023,4,20,Coffee,3.0,2.0,6.0,6.0,0.0,Não informado,Não informado
TXN_1634534,2023-12-03,2023,12,3,Juice,5.0,3.0,15.0,15.0,0.0,Não informado,Não informado
TXN_7809121,2023-05-15,2023,5,15,Cake,4.0,3.0,12.0,12.0,0.0,Não informado,Não informado
TXN_1350239,2023-11-18,2023,11,18,Smoothie,5.0,4.0,20.0,20.0,0.0,Cash,Não informado
TXN_5145906,2023-01-30,2023,1,30,Tea,4.0,1.5,6.0,6.0,0.0,Não informado,Não informado
TXN_9603912,2023-12-23,2023,12,23,Juice,5.0,3.0,15.0,15.0,0.0,Não informado,Não informado
TXN_8969428,2023-03-08,2023,3,8,Salad,3.0,5.0,15.0,15.0,0.0,Não informado,Takeaway
TXN_5269634,2023-04-07,2023,4,7,Cake,5.0,3.0,15.0,15.0,0.0,Digital Wallet,In-store
TXN_3043982,2023-01-10,2023,1,10,Sandwich,5.0,4.0,20.0,20.0,0.0,Cash,In-store
TXN_6310896,2023-05-01,2023,5,1,Sandwich,1.0,4.0,4.0,4.0,0.0,Não informado,In-store
TXN_3947201,2023-06-17,2023,6,17,Cookie,5.0,1.0,5.0,5.0,0.0,Não informado,Takeaway
TXN_3666951,2023-01-06,2023,1,6,Juice,2.0,3.0,6.0,6.0,0.0,Não informado,In-store
TXN_7254494,2023-03-16,2023,3,16,Coffee,5.0,2.0,10.0,10.0,0.0,Credit Card,Takeaway
TXN_6164035,2023-03-30,2023,3,30,Cookie,1.0,1.0,1.0,1.0,0.0,Credit Card,Takeaway
TXN_6234838,2023-10-30,2023,10,30,Juice,5.0,3.0,15.0,15.0,0.0,Não informado,In-store
TXN_5671075,2023-12-25,2023,12,25,Tea,5.0,1.5,7.5,7.5,0.0,Cash,In-store
TXN_5004986,2023-01-23,2023,1,23,Sandwich,3.0,4.0,12.0,12.0,0.0,Digital Wallet,Não informado
TXN_4856575,2023-09-10,2023,9,10,Salad,3.0,5.0,15.0,15.0,0.0,Digital Wallet,In-store
TXN_6064400,2023-07-06,2023,7,6,Sandwich,5.0,4.0,20.0,20.0,0.0,Não informado,Não informado
TXN_8512136,2023-08-26,2023,8,26,Juice,1.0,3.0,3.0,3.0,0.0,Cash,Takeaway
TXN_3129441,2023-05-31,2023,5,31,Juice,3.0,3.0,9.0,9.0,0.0,Credit Card,In-store
TXN_1652596,2023-10-04,2023,10,4,Smoothie,5.0,4.0,,20.0,,Digital Wallet,Não informado
TXN_3487896,2023-01-09,2023,1,9,Coffee,5.0,2.0,10.0,10.0,0.0,Credit Card,Não informado
TXN_1429858,2023-03-15,2023,3,15,Cookie,4.0,1.0,4.0,4.0,0.0,Credit Card,Não informado
TXN_1721242,2023-11-23,2023,11,23,Smoothie,5.0,4.0,20.0,20.0,0.0,Não informado,In-store
TXN_3472707,2023-03-26,2023,3,26,Sandwich,2.0,4.0,8.0,8.0,0.0,Cash,Takeaway
TXN_3819085,2023-11-23,2023,11,23,Sandwich,1.0,4.0,4.0,4.0,0.0,Não informado,Takeaway
TXN_2181920,2023-02-11,2023,2,11,Sandwich,3.0,4.0,12.0,12.0,0.0,Cash,Não informado
TXN_1173155,2023-03-14,2023,3,14,Coffee,1.0,2.0,2.0,2.0,0.0,Cash,In-store
TXN_4913079,2023-08-19,2023,8,19,Sandwich,3.0,4.0,12.0,12.0,0.0,Não informado,Não informado
TXN_1476711,2023-01-26,2023,1,26,Tea,2.0,1.5,3.0,3.0,0.0,Não informado,Não informado
TXN_5341644,2023-01-24,2023,1,24,Cake,4.0,3.0,12.0,12.0,0.0,Cash,Não informado
TXN_4548274,2023-05-09,2023,5,9,Juice,5.0,3.0,15.0,15.0,0.0,Digital Wallet,Não informado
TXN_8008815,2023-03-16,2023,3,16,Salad,2.0,5.0,10.0,10.0,0.0,Não informado,Não informado
TXN_3639760,2023-01-29,2023,1,29,Cake,5.0,3.0,15.0,15.0,0.0,Credit Card,Takeaway
TXN_5061028,2023-05-17,2023,5,17,Cookie,1.0,1.0,1.0,1.0,0.0,Credit Card,Takeaway
TXN_6962671,2023-01-20,2023,1,20,Cake,2.0,3.0,6.0,6.0,0.0,Não informado,Não informado
TXN_4791072,2023-11-13,2023,11,13,Coffee,3.0,2.0,6.0,6.0,0.0,Não informado,Não informado
TXN_4775791,2023-04-13,2023,4,13,Smoothie,4.0,4.0,16.0,16.0,0.0,Credit Card,Não informado
TXN_6724554,2023-03-22,2023,3,22,Tea,3.0,1.5,,4.5,,Não informado,Não informado
TXN_6897608,2023-06-28,2023,6,28,Coffee,2.0,2.0,4.0,4.0,0.0,Credit Card,Takeaway
TXN_4226572,2023-05-16,2023,5,16,Cookie,3.0,1.0,3.0,3.0,0.0,Não informado,Takeaway
TXN_6833530,2023-11-05,2023,11,5,Juice,4.0,3.0,12.0,12.0,0.0,Não informado,In-store
TXN_4321368,2023-12-09,2023,12,9,Coffee,4.0,2.0,8.0,8.0,0.0,Não informado,Takeaway
TXN_3434549,2023-05-25,2023,5,25,Sandwich,5.0,4.0,20.0,20.0,0.0,Credit Card,Takeaway
TXN_7918317,2023-07-27,2023,7,27,Tea,1.0,1.5,1.5,1.5,0.0,Credit Card,Não informado
TXN_3467985,2023-12-10,2023,12,10,Sandwich,3.0,4.0,12.0,12.0,0.0,Cash,Takeaway
TXN_3526095,2023-08-30,2023,8,30,Sandwich,3.0,4.0,12.0,12.0,0.0,Cash,Takeaway
TXN_8316915,2023-05-30,2023,5,30,Cookie,5.0,1.0,5.0,5.0,0.0,Digital Wallet,In-store
TXN_4876685,2023-07-14,2023,7,14,Tea,1.0,1.5,1.5,1.5,0.0,Digital Wallet,Takeaway
TXN_7505290,2023-10-21,2023,10,21,Salad,4.0,5.0,20.0,20.0,0.0,Digital Wallet,Takeaway
TXN_5709834,2023-03-24,2023,3,24,Cake,4.0,3.0,12.0,12.0,0.0,Digital Wallet,Não informado
TXN_9626624,2023-10-10,2023,10,10,Smoothie,3.0,4.0,12.0,12.0,0.0,Cash,In-store
TXN_4563526,2023-06-30,2023,6,30,Smoothie,4.0,4.0,16.0,16.0,0.0,Credit Card,Não informado
TXN_5512533,2023-06-13,2023,6,13,Coffee,4.0,2.0,8.0,8.0,0.0,Digital Wallet,Não informado
TXN_9399452,2023-12-03,2023,12,3,Cake,4.0,3.0,12.0,12.0,0.0,Credit Card,In-store
TXN_3451212,2023-01-29,2023,1,29,Cake,3.0,3.0,9.0,9.0,0.0,Não informado,Não informado
TXN_1934166,2023-03-06,2023,3,6,Sandwich,5.0,4.0,20.0,20.0,0.0,Cash,In-store
TXN_5594695,2023-01-18,2023,1,18,Cake,3.0,3.0,9.0,9.0,0.0,Credit Card,In-store
TXN_8379868,2023-01-16,2023,1,16,Cake,3.0,3.0,9.0,9.0,0.0,Cash,In-store
TXN_3708535,2023-05-02,2023,5,2,Coffee,5.0,2.0,10.0,10.0,0.0,Não informado,In-store
TXN_5299440,2023-10-21,2023,10,21,Juice,2.0,3.0,6.0,6.0,0.0,Credit Card,In-store
TXN_4107706,2023-11-23,2023,11,23,Salad,1.0,5.0,5.0,5.0,0.0,Não informado,In-store
TXN_6059878,2023-01-23,2023,1,23,Salad,3.0,5.0,15.0,15.0,0.0,Digital Wallet,Não informado
TXN_5777542,2023-10-22,2023,10,22,Sandwich,2.0,4.0,8.0,8.0,0.0,Não informado,Não informado
TXN_3919225,2023-03-26,2023,3,26,Cake,2.0,3.0,6.0,6.0,0.0,Cash,In-store
TXN_5598744,2023-10-17,2023,10,17,Sandwich,4.0,4.0,,16.0,,Digital Wallet,Takeaway
TXN_7355326,2023-01-03,2023,1,3,Cookie,1.0,1.0,1.0,1.0,0.0,Não informado,Não informado
TXN_6732096,2023-04-02,2023,4,2,Smoothie,2.0,4.0,,8.0,,Não informado,In-store
TXN_4392519,2023-09-20,2023,9,20,Cookie,2.0,1.0,2.0,2.0,0.0,Não informado,Takeaway
TXN_1716710,2023-02-23,2023,2,23,Coffee,2.0,2.0,4.0,4.0,0.0,Não informado,Não informado
TXN_9655021,2023-04-22,2023,4,22,Coffee,3.0,2.0,6.0,6.0,0.0,Não informado,Não informado
TXN_3868402,2023-01-21,2023,1,21,Coffee,3.0,2.0,6.0,6.0,0.0,Cash,In-store
TXN_4624591,2023-08-03,2023,8,3,Salad,2.0,5.0,10.0,10.0,0.0,Credit Card,In-store
TXN_9640865,2023-03-18,2023,3,18,Cookie,2.0,1.0,,2.0,,Cash,Takeaway
TXN_6456008,2023-03-26,2023,3,26,Salad,5.0,5.0,25.0,25.0,0.0,Credit Card,In-store
TXN_9547654,2023-11-19,2023,11,19,Cookie,2.0,1.0,2.0,2.0,0.0,Não informado,In-store
TXN_4986668,2023-11-30,2023,11,30,Cake,3.0,3.0,9.0,9.0,0.0,Digital Wallet,Não informado
TXN_6235329,2023-10-11,2023,10,11,Salad,2.0,5.0,10.0,10.0,0.0,Digital Wallet,In-store
TXN_8536578,2023-11-11,2023,11,11,Cake,5.0,3.0,15.0,15.0,0.0,Digital Wallet,In-store
TXN_4545512,2023-12-18,2023,12,18,Coffee,1.0,2.0,2.0,2.0,0.0,Não informado,Takeaway
TXN_2156128,2023-07-21,2023,7,21,Sandwich,1.0,4.0,4.0,4.0,0.0,Digital Wallet,In-store
TXN_9188172,2023-08-27,2023,8,27,Juice,3.0,3.0,9.0,9.0,0.0,Digital Wallet,In-store
TXN_6408024,2023-11-29,2023,11,29,Cookie,3.0,1.0,3.0,3.0,0.0,Não informado,In-store
TXN_4788748,2023-04-30,2023,4,30,Sandwich,4.0,4.0,16.0,16.0,0.0,Credit Card,In-store
TXN_6460409,2023-01-03,2023,1,3,Salad,3.0,5.0,,15.0,,Cash,Não informado
TXN_1067052,2023-02-18,2023,2,18,Tea,4.0,1.5,6.0,6.0,0.0,Não informado,Takeaway
TXN_8776634,2023-06-02,2023,6,2,Juice,5.0,3.0,15.0,15.0,0.0,Não informado,In-store
TXN_2534831,2023-08-19,2023,8,19,Tea,5.0,1.5,7.5,7.5,0.0,Cash,Takeaway
TXN_9941872,2023-04-08,2023,4,8,Salad,3.0,5.0,15.0,15.0,0.0,Não informado,Não informado
TXN_2055898,2023-12-01,2023,12,1,Tea,4.0,1.5,6.0,6.0,0.0,Não informado,Não informado
TXN_2007418,2023-06-16,2023,6,16,Smoothie,4.0,4.0,16.0,16.0,0.0,Cash,Não informado
TXN_6451043,2023-02-06,2023,2,6,Cookie,2.0,1.0,2.0,2.0,0.0,Não informado,In-store
TXN_2632916,2023-06-17,2023,6,17,Juice,3.0,3.0,9.0,9.0,0.0,Credit Card,Não informado
TXN_1926794,2023-01-14,2023,1,14,Smoothie,1.0,4.0,4.0,4.0,0.0,Não informado,In-store
TXN_3201783,2023-12-03,2023,12,3,Juice,3.0,3.0,9.0,9.0,0.0,Não informado,Não informado
TXN_2374950,2023-04-28,2023,4,28,Cake,5.0,3.0,15.0,15.0,0.0,Digital Wallet,Não informado
TXN_5962196,2023-11-29,2023,11,29,Smoothie,2.0,4.0,8.0,8.0,0.0,Cash,Takeaway
TXN_4342098,2023-05-24,2023,5,24,Smoothie,4.0,4.0,16.0,16.0,0.0,Cash,In-store
TXN_7367134,2023-10-03,2023,10,3,Smoothie,4.0,4.0,16.0,16.0,0.0,Digital Wallet,Não informado
TXN_3651743,2023-04-24,2023,4,24,Cake,5.0,3.0,15.0,15.0,0.0,Cash,In-store
TXN_4411007,2023-05-17,2023,5,17,Cookie,5.0,1.0,5.0,5.0,0.0,Digital Wallet,Takeaway
TXN_6026451,2023-11-06,2023,11,6,Juice,2.0,3.0,6.0,6.0,0.0,Cash,In-store
TXN_5093312,2023-08-12,2023,8,12,Cookie,4.0,1.0,4.0,4.0,0.0,Credit Card,Takeaway
TXN_6685570,2023-03-14,2023,3,14,Tea,1.0,1.5,1.5,1.5,0.0,Credit Card,In-store
TXN_7905853,2023-07-25,2023,7,25,Cookie,4.0,1.0,4.0,4.0,0.0,Digital Wallet,Não informado
TXN_3020475,2023-09-13,2023,9,13,Salad,4.0,5.0,20.0,20.0,0.0,Não informado,Takeaway
TXN_7665695,2023-10-21,2023,10,21,Tea,3.0,1.5,4.5,4.5,0.0,Não informado,In-store
TXN_2355099,2023-03-18,2023,3,18,Salad,5.0,5.0,25.0,25.0,0.0,Cash,Takeaway
TXN_6071866,2023-10-14,2023,10,14,Tea,4.0,1.5,6.0,6.0,0.0,Não informado,Não informado
TXN_4548715,2023-02-16,2023,2,16,Sandwich,2.0,4.0,8.0,8.0,0.0,Não informado,Não informado
TXN_8344035,2023-08-23,2023,8,23,Smoothie,2.0,4.0,8.0,8.0,0.0,Cash,Não informado
TXN_7332192,2023-11-17,2023,11,17,Coffee,1.0,2.0,2.0,2.0,0.0,Credit Card,Takeaway
TXN_4713356,2023-05-08,2023,5,8,Smoothie,5.0,4.0,20.0,20.0,0.0,Não informado,In-store
TXN_6400461,2023-01-18,2023,1,18,Coffee,4.0,2.0,8.0,8.0,0.0,Digital Wallet,Não informado
TXN_9262504,2023-12-01,2023,12,1,Smoothie,3.0,4.0,12.0,12.0,0.0,Credit Card,Não informado
TXN_6225305,2023-05-05,2023,5,5,Cake,1.0,3.0,3.0,3.0,0.0,Cash,Takeaway
TXN_1266278,2023-11-03,2023,11,3,Smoothie,1.0,4.0,4.0,4.0,0.0,Não informado,Takeaway
TXN_2797871,2023-09-21,2023,9,21,Cookie,2.0,1.0,2.0,2.0,0.0,Não informado,Takeaway
TXN_7606965,2023-12-08,2023,12,8,Juice,5.0,3.0,15.0,15.0,0.0,Digital Wallet,In-store
TXN_5516374,2023-07-25,2023,7,25,Smoothie,2.0,4.0,8.0,8.0,0.0,Não informado,In-store
TXN_8059034,2023-01-10,2023,1,10,Coffee,1.0,2.0,2.0,2.0,0.0,Digital Wallet,Não informado
TXN_2238287,2023-05-22,2023,5,22,Salad,3.0,5.0,15.0,15.0,0.0,Digital Wallet,In-store
TXN_9667721,2023-04-29,2023,4,29,Tea,5.0,1.5,7.5,7.5,0.0,Credit Card,Takeaway
TXN_6317991,2023-03-03,2023,3,3,Cookie,5.0,1.0,5.0,5.0,0.0,Digital Wallet,In-store
TXN_7866723,2023-03-26,2023,3,26,Sandwich,2.0,4.0,8.0,8.0,0.0,Credit Card,In-store
TXN_5251180,2023-06-25,2023,6,25,Cookie,1.0,1.0,1.0,1.0,0.0,Digital Wallet,Não informado
TXN_5891724,2023-12-10,2023,12,10,Salad,5.0,5.0,25.0,25.0,0.0,Credit Card,Não informado
TXN_5092646,2023-05-08,2023,5,8,Smoothie,2.0,4.0,8.0,8.0,0.0,Não informado,Takeaway
TXN_2638434,2023-09-18,2023,9,18,Juice,5.0,3.0,15.0,15.0,0.0,Credit Card,In-store
TXN_5452210,2023-04-17,2023,4,17,Tea,5.0,1.5,7.5,7.5,0.0,Digital Wallet,In-store
TXN_5337566,2023-03-08,2023,3,8,Cookie,5.0,1.0,5.0,5.0,0.0,Cash,Takeaway
TXN_3341779,2023-07-30,2023,7,30,Tea,3.0,1.5,4.5,4.5,0.0,Cash,Takeaway
TXN_7977951,2023-12-22,2023,12,22,Cake,5.0,3.0,15.0,15.0,0.0,Não informado,Não informado
TXN_8226985,2023-03-08,2023,3,8,Coffee,2.0,2.0,4.0,4.0,0.0,Não informado,Não informado
TXN_6875870,2023-09-07,2023,9,7,Salad,5.0,5.0,25.0,25.0,0.0,Não informado,Não informado
TXN_9086163,2023-07-31,2023,7,31,Cookie,2.0,1.0,2.0,2.0,0.0,Digital Wallet,Não informado
TXN_5061600,2023-11-23,2023,11,23,Juice,3.0,3.0,,9.0,,Não informado,In-store
TXN_9987017,2023-03-14,2023,3,14,Cookie,5.0,1.0,5.0,5.0,0.0,Cash,Takeaway
TXN_6533576,2023-08-14,2023,8,14,Salad,5.0,5.0,25.0,25.0,0.0,Cash,In-store
TXN_5229351,2023-08-14,2023,8,14,Coffee,3.0,2.0,6.0,6.0,0.0,Digital Wallet,Takeaway
TXN_5318263,2023-06-12,2023,6,12,Smoothie,1.0,4.0,4.0,4.0,0.0,Credit Card,Takeaway
TXN_8866088,2023-07-11,2023,7,11,Tea,4.0,1.5,6.0,6.0,0.0,Digital Wallet,Takeaway
TXN_7434172,2023-11-14,2023,11,14,Cookie,2.0,1.0,2.0,2.0,0.0,Digital Wallet,Takeaway
TXN_1849406,2023-11-30,2023,11,30,Sandwich,5.0,4.0,,20.0,,Cash,In-store
TXN_6289180,2023-03-14,2023,3,14,Juice,1.0,3.0,3.0,3.0,0.0,Cash,In-store
TXN_3974663,2023-10-02,2023,10,2,Juice,3.0,3.0,9.0,9.0,0.0,Cash,Takeaway
TXN_9041537,2023-08-28,2023,8,28,Sandwich,4.0,4.0,16.0,16.0,0.0,Não informado,Não informado
TXN_3145515,2023-03-31,2023,3,31,Smoothie,4.0,4.0,16.0,16.0,0.0,Cash,Não informado
TXN_6711224,2023-03-26,2023,3,26,Juice,1.0,3.0,3.0,3.0,0.0,Digital Wallet,Não informado
TXN_4035164,2023-11-26,2023,11,26,Juice,5.0,3.0,15.0,15.0,0.0,Não informado,In-store
TXN_1815061,2023-01-20,2023,1,20,Cake,3.0,3.0,9.0,9.0,0.0,Digital Wallet,In-store
TXN_9522690,2023-07-23,2023,7,23,Cookie,4.0,1.0,4.0,4.0,0.0,Credit Card,In-store
TXN_2858635,2023-09-28,2023,9,28,Sandwich,1.0,4.0,4.0,4.0,0.0,Digital Wallet,In-store
TXN_7030681,2023-10-01,2023,10,1,Juice,1.0,3.0,3.0,3.0,0.0,Cash,Não informado
TXN_7738316,2023-02-04,2023,2,4,Cookie,4.0,1.0,4.0,4.0,0.0,Não informado,Não informado
TXN_4430474,2023-06-08,2023,6,8,Cake,2.0,3.0,6.0,6.0,0.0,Digital Wallet,Não informado
TXN_2329938,2023-03-29,2023,3,29,Sandwich,3.0,4.0,12.0,12.0,0.0,Credit Card,Não informado
TXN_3642052,2023-07-19,2023,7,19,Cake,1.0,3.0,,3.0,,Não informado,Takeaway
TXN_6655913,2023-04-02,2023,4,2,Cookie,1.0,1.0,,1.0,,Credit Card,In-store
TXN_1617594,2023-04-23,2023,4,23,Sandwich,1.0,4.0,4.0,4.0,0.0,Não informado,In-store
TXN_7136372,2023-09-22,2023,9,22,Juice,3.0,3.0,9.0,9.0,0.0,Credit Card,Takeaway
TXN_7251969,2023-08-14,2023,8,14,Cookie,2.0,1.0,2.0,2.0,0.0,Não informado,In-store
TXN_5790695,2023-04-24,2023,4,24,Tea,5.0,1.5,7.5,7.5,0.0,Credit Card,Takeaway
TXN_7101802,2023-03-19,2023,3,19,Coffee,4.0,2.0,8.0,8.0,0.0,Não informado,Não informado
TXN_3277936,2023-06-21,2023,6,21,Tea,2.0,1.5,3.0,3.0,0.0,Digital Wallet,Takeaway
TXN_3233221,2023-06-15,2023,6,15,Cake,5.0,3.0,15.0,15.0,0.0,Não informado,Takeaway
TXN_6200423,2023-02-03,2023,2,3,Cookie,1.0,1.0,1.0,1.0,0.0,Não informado,In-store
TXN_6728574,2023-05-24,2023,5,24,Juice,3.0,3.0,9.0,9.0,0.0,Cash,Não informado
TXN_5968705,2023-12-16,2023,12,16,Sandwich,3.0,4.0,12.0,12.0,0.0,Credit Card,Takeaway
TXN_9657902,2023-10-30,2023,10,30,Juice,1.0,3.0,3.0,3.0,0.0,Digital Wallet,Não informado
TXN_8640383,2023-10-08,2023,10,8,Juice,2.0,3.0,6.0,6.0,0.0,Não informado,Não informado
TXN_2561071,2023-01-30,2023,1,30,Juice,5.0,3.0,15.0,15.0,0.0,Não informado,In-store
TXN_6543164,2023-07-10,2023,7,10,Tea,2.0,1.5,3.0,3.0,0.0,Digital Wallet,Não informado
TXN_3209025,2023-10-12,2023,10,12,Salad,2.0,5.0,10.0,10.0,0.0,Cash,Não informado
TXN_9975079,2023-08-26,2023,8,26,Smoothie,2.0,4.0,8.0,8.0,0.0,Cash,Não informado
TXN_4103665,2023-04-30,2023,4,30,Coffee,4.0,2.0,,8.0,,Não informado,In-store
TXN_8499618,2023-05-23,2023,5,23,Cake,2.0,3.0,6.0,6.0,0.0,Não informado,Não informado
TXN_7592199,2023-09-14,2023,9,14,Tea,3.0,1.5,4.5,4.5,0.0,Digital Wallet,Não informado
TXN_8888249,2023-10-17,2023,10,17,Coffee,5.0,2.0,10.0,10.0,0.0,Não informado,Não informado
TXN_7749759,2023-12-26,2023,12,26,Tea,1.0,1.5,1.5,1.5,0.0,Digital Wallet,In-store
TXN_7556108,2023-01-17,2023,1,17,Cookie,5.0,1.0,5.0,5.0,0.0,Não informado,Takeaway
TXN_9360886,2023-07-25,2023,7,25,Sandwich,1.0,4.0,4.0,4.0,0.0,Não informado,Não informado
TXN_5303464,2023-10-26,2023,10,26,Juice,4.0,3.0,12.0,12.0,0.0,Cash,Takeaway
TXN_5324330,2023-11-20,2023,11,20,Salad,3.0,5.0,15.0,15.0,0.0,Digital Wallet,Takeaway
TXN_5862289,2023-01-05,2023,1,5,Juice,4.0,3.0,12.0,12.0,0.0,Digital Wallet,Takeaway
TXN_8203190,2023-06-16,2023,6,16,Tea,2.0,1.5,3.0,3.0,0.0,Não informado,In-store
TXN_9699948,2023-04-18,2023,4,18,Coffee,5.0,2.0,10.0,10.0,0.0,Cash,In-store
TXN_8187087,2023-01-31,2023,1,31,Coffee,3.0,2.0,6.0,6.0,0.0,Digital Wallet,Takeaway
TXN_5409141,2023-02-02,2023,2,2,Coffee,5.0,2.0,10.0,10.0,0.0,Cash,Takeaway
TXN_9928409,2023-06-17,2023,6,17,Sandwich,4.0,4.0,16.0,16.0,0.0,Credit Card,Não informado
TXN_9952479,2023-12-06,2023,12,6,Sandwich,1.0,4.0,4.0,4.0,0.0,Digital Wallet,Takeaway
TXN_7207901,2023-12-11,2023,12,11,Smoothie,2.0,4.0,8.0,8.0,0.0,Digital Wallet,In-store
TXN_4321091,2023-06-15,2023,6,15,Smoothie,2.0,4.0,8.0,8.0,0.0,Cash,In-store
TXN_2721997,2023-05-20,2023,5,20,Cake,3.0,3.0,9.0,9.0,0.0,Não informado,Takeaway
TXN_6738137,2023-07-20,2023,7,20,Coffee,4.0,2.0,8.0,8.0,0.0,Não informado,Não informado
TXN_5365699,2023-05-22,2023,5,22,Sandwich,5.0,4.0,20.0,20.0,0.0,Não informado,Não informado
TXN_4807459,2023-08-11,2023,8,11,Sandwich,1.0,4.0,4.0,4.0,0.0,Não informado,Não informado
TXN_2790608,2023-12-18,2023,12,18,Juice,1.0,3.0,3.0,3.0,0.0,Cash,In-store
TXN_7429032,2023-08-18,2023,8,18,Sandwich,2.0,4.0,8.0,8.0,0.0,Não informado,Takeaway
TXN_5241723,2023-07-18,2023,7,18,Coffee,3.0,2.0,6.0,6.0,0.0,Cash,Não informado
TXN_5151706,2023-03-01,2023,3,1,Smoothie,1.0,4.0,4.0,4.0,0.0,Não informado,Takeaway
TXN_6231475,2023-03-18,2023,3,18,Salad,2.0,5.0,10.0,10.0,0.0,Credit Card,In-store
TXN_2631423,2023-01-07,2023,1,7,Cookie,3.0,1.0,3.0,3.0,0.0,Cash,Takeaway
TXN_6505914,2023-01-27,2023,1,27,Cake,3.0,3.0,9.0,9.0,0.0,Não informado,Não informado
TXN_1958614,2023-07-02,2023,7,2,Smoothie,2.0,4.0,8.0,8.0,0.0,Digital Wallet,Não informado
TXN_6702416,2023-09-14,2023,9,14,Cake,1.0,3.0,3.0,3.0,0.0,Não informado,Não informado
TXN_5649204,2023-03-05,2023,3,5,Smoothie,1.0,4.0,4.0,4.0,0.0,Cash,In-store
TXN_2066115,2023-08-18,2023,8,18,Salad,4.0,5.0,20.0,20.0,0.0,Credit Card,In-store
TXN_7986904,2023-08-11,2023,8,11,Cookie,3.0,1.0,3.0,3.0,0.0,Credit Card,Takeaway
TXN_4633457,2023-05-21,2023,5,21,Salad,1.0,5.0,5.0,5.0,0.0,Credit Card,Takeaway
TXN_9368550,2023-09-26,2023,9,26,Cake,3.0,3.0,9.0,9.0,0.0,Digital Wallet,Takeaway
TXN_8049058,2023-04-08,2023,4,8,Cake,2.0,3.0,6.0,6.0,0.0,Cash,Não informado
TXN_5131404,2023-06-18,2023,6,18,Sandwich,4.0,4.0,16.0,16.0,0.0,Credit Card,Takeaway
TXN_3480562,2023-12-24,2023,12,24,Coffee,5.0,2.0,10.0,10.0,0.0,Não informado,Não informado
TXN_6219454,2023-11-14,2023,11,14,Tea,1.0,1.5,1.5,1.5,0.0,Cash,In-store
TXN_2551378,2023-10-27,2023,10,27,Tea,2.0,1.5,3.0,3.0,0.0,Não informado,Takeaway
TXN_9024388,2023-02-27,2023,2,27,Salad,1.0,5.0,5.0,5.0,0.0,Cash,Não informado
TXN_3478329,2023-10-29,2023,10,29,Tea,3.0,1.5,4.5,4.5,0.0,Digital Wallet,In-store
TXN_6308974,2023-10-02,2023,10,2,Cookie,4.0,1.0,4.0,4.0,0.0,Não informado,In-store
TXN_5571904,2023-08-05,2023,8,5,Salad,5.0,5.0,25.0,25.0,0.0,Digital Wallet,Takeaway
TXN_6979356,2023-09-21,2023,9,21,Salad,2.0,5.0,10.0,10.0,0.0,Não informado,In-store
TXN_9171458,2023-03-29,2023,3,29,Cake,2.0,3.0,6.0,6.0,0.0,Não informado,Não informado
TXN_5537621,2023-02-28,2023,2,28,Juice,4.0,3.0,12.0,12.0,0.0,Digital Wallet,Takeaway
TXN_9288156,2023-11-05,2023,11,5,Coffee,3.0,2.0,6.0,6.0,0.0,Não informado,Não informado
TXN_8626720,2023-06-02,2023,6,2,Juice,4.0,3.0,12.0,12.0,0.0,Cash,Takeaway
TXN_5908362,2023-10-03,2023,10,3,Sandwich,5.0,4.0,20.0,20.0,0.0,Digital Wallet,Não informado
TXN_2086841,2023-03-16,2023,3,16,Salad,4.0,5.0,20.0,20.0,0.0,Credit Card,In-store
TXN_9944141,2023-07-18,2023,7,18,Juice,5.0,3.0,15.0,15.0,0.0,Credit Card,Takeaway
TXN_2438638,2023-08-12,2023,8,12,Cake,2.0,3.0,6.0,6.0,0.0,Credit Card,Takeaway
TXN_9216933,2023-05-29,2023,5,29,Cookie,4.0,1.0,4.0,4.0,0.0,Não informado,Não informado
TXN_8308356,2023-11-21,2023,11,21,Smoothie,1.0,4.0,,4.0,,Digital Wallet,Não informado
TXN_7933500,2023-09-21,2023,9,21,Tea,3.0,1.5,4.5,4.5,0.0,Não informado,In-store
TXN_7563589,2023-09-19,2023,9,19,Smoothie,5.0,4.0,20.0,20.0,0.0,Cash,Não informado
TXN_7864482,2023-01-28,2023,1,28,Sandwich,1.0,4.0,4.0,4.0,0.0,Credit Card,Takeaway
TXN_7942343,2023-06-15,2023,6,15,Cookie,4.0,1.0,4.0,4.0,0.0,Digital Wallet,Não informado
TXN_1585329,2023-07-16,2023,7,16,Smoothie,4.0,4.0,16.0,16.0,0.0,Credit Card,Não informado
TXN_6550460,2023-03-15,2023,3,15,Sandwich,5.0,4.0,,20.0,,Não informado,Não informado
TXN_3416466,2023-09-13,2023,9,13,Juice,2.0,3.0,6.0,6.0,0.0,Digital Wallet,Não informado
TXN_5125759,2023-06-15,2023,6,15,Coffee,3.0,2.0,6.0,6.0,0.0,Digital Wallet,Takeaway
TXN_7321946,2023-02-12,2023,2,12,Cake,3.0,3.0,9.0,9.0,0.0,Cash,Takeaway
TXN_4336291,2023-03-25,2023,3,25,Salad,5.0,5.0,25.0,25.0,0.0,Cash,In-store
TXN_5240229,2023-06-10,2023,6,10,Salad,1.0,5.0,5.0,5.0,0.0,Não informado,In-store
TXN_7854253,2023-07-26,2023,7,26,Coffee,4.0,2.0,8.0,8.0,0.0,Cash,Não informado
TXN_1971201,2023-11-07,2023,11,7,Smoothie,2.0,4.0,8.0,8.0,0.0,Digital Wallet,Não informado
TXN_2673104,2023-06-23,2023,6,23,Tea,1.0,1.5,1.5,1.5,0.0,Não informado,Não informado
TXN_7479695,2023-12-12,2023,12,12,Smoothie,5.0,4.0,20.0,20.0,0.0,Credit Card,Não informado
TXN_1084222,2023-06-03,2023,6,3,Coffee,4.0,2.0,8.0,8.0,0.0,Digital Wallet,In-store
TXN_1723062,2023-09-21,2023,9,21,Salad,1.0,5.0,5.0,5.0,0.0,Não informado,In-store
TXN_4987205,2023-06-24,2023,6,24,Tea,2.0,1.5,3.0,3.0,0.0,Não informado,Takeaway
TXN_8025478,2023-01-24,2023,1,24,Sandwich,4.0,4.0,16.0,16.0,0.0,Cash,Takeaway
TXN_7529735,2023-08-12,2023,8,12,Coffee,3.0,2.0,6.0,6.0,0.0,Não informado,In-store
TXN_7872478,2023-04-25,2023,4,25,Juice,4.0,3.0,12.0,12.0,0.0,Credit Card,In-store
TXN_9464398,2023-09-25,2023,9,25,Cake,4.0,3.0,12.0,12.0,0.0,Credit Card,Não informado
TXN_9319656,2023-12-22,2023,12,22,Tea,5.0,1.5,7.5,7.5,0.0,Não informado,Não informado
TXN_9212052,2023-10-15,2023,10,15,Salad,4.0,5.0,20.0,20.0,0.0,Cash,Não informado
TXN_2550923,2023-08-26,2023,8,26,Cake,2.0,3.0,6.0,6.0,0.0,Cash,Takeaway
TXN_2682803,2023-04-09,2023,4,9,Cake,5.0,3.0,15.0,15.0,0.0,Credit Card,Takeaway
TXN_4335735,2023-04-07,2023,4,7,Coffee,2.0,2.0,4.0,4.0,0.0,Não informado,Não informado
TXN_9264301,2023-10-24,2023,10,24,Coffee,1.0,2.0,2.0,2.0,0.0,Não informado,In-store
TXN_6547896,2023-03-02,2023,3,2,Coffee,3.0,2.0,,6.0,,Não informado,Não informado
TXN_9868114,2023-11-12,2023,11,12,Smoothie,2.0,4.0,8.0,8.0,0.0,Credit Card,In-store
TXN_5549557,2023-02-27,2023,2,27,Cake,2.0,3.0,6.0,6.0,0.0,Cash,In-store
TXN_4668762,2023-03-10,2023,3,10,Smoothie,3.0,4.0,12.0,12.0,0.0,Digital Wallet,Não informado
TXN_1058466,2023-12-07,2023,12,7,Cookie,3.0,1.0,3.0,3.0,0.0,Digital Wallet,Takeaway
TXN_8892230,2023-03-02,2023,3,2,Coffee,5.0,2.0,10.0,10.0,0.0,Não informado,Não informado
TXN_3332915,2023-01-19,2023,1,19,Cookie,2.0,1.0,2.0,2.0,0.0,Não informado,Takeaway
TXN_9596023,2023-11-30,2023,11,30,Coffee,5.0,2.0,10.0,10.0,0.0,Digital Wallet,Takeaway
TXN_6122423,2023-09-28,2023,9,28,Salad,4.0,5.0,,20.0,,Não informado,In-store
TXN_8934637,2023-01-07,2023,1,7,Smoothie,1.0,4.0,4.0,4.0,0.0,Não informado,In-store
TXN_4846406,2023-05-22,2023,5,22,Cookie,3.0,1.0,3.0,3.0,0.0,Cash,In-store
TXN_8917300,2023-03-04,2023,3,4,Cookie,1.0,1.0,1.0,1.0,0.0,Cash,Takeaway
TXN_7742182,2023-11-09,2023,11,9,Tea,2.0,1.5,3.0,3.0,0.0,Não informado,Não informado
TXN_8131533,2023-07-18,2023,7,18,Cake,1.0,3.0,3.0,3.0,0.0,Cash,In-store
TXN_1836754,2023-09-10,2023,9,10,Tea,1.0,1.5,1.5,1.5,0.0,Credit Card,In-store
TXN_2531878,2023-01-06,2023,1,6,Salad,3.0,5.0,15.0,15.0,0.0,Não informado,Não informado
TXN_8126586,2023-11-19,2023,11,19,Sandwich,5.0,4.0,20.0,20.0,0.0,Não informado,In-store
TXN_4522292,2023-07-12,2023,7,12,Cookie,1.0,1.0,1.0,1.0,0.0,Digital Wallet,In-store
TXN_4209377,2023-02-07,2023,2,7,Salad,2.0,5.0,10.0,10.0,0.0,Não informado,Não informado
TXN_9097321,2023-10-02,2023,10,2,Juice,2.0,3.0,6.0,6.0,0.0,Credit Card,Não informado
TXN_3267393,2023-02-24,2023,2,24,Sandwich,2.0,4.0,8.0,8.0,0.0,Não informado,In-store
TXN_2389110,2023-05-30,2023,5,30,Sandwich,2.0,4.0,8.0,8.0,0.0,Cash,In-store
TXN_2704452,2023-09-05,2023,9,5,Salad,2.0,5.0,10.0,10.0,0.0,Credit Card,Takeaway
TXN_4892165,2023-07-27,2023,7,27,Juice,3.0,3.0,9.0,9.0,0.0,Cash,In-store
TXN_6588156,2023-04-14,2023,4,14,Cake,4.0,3.0,12.0,12.0,0.0,Não informado,In-store
TXN_4721830,2023-11-15,2023,11,15,Sandwich,3.0,4.0,12.0,12.0,0.0,Não informado,Não informado
TXN_6941542,2023-09-27,2023,9,27,Sandwich,3.0,4.0,12.0,12.0,0.0,Não informado,In-store
TXN_3635874,2023-03-16,2023,3,16,Sandwich,2.0,4.0,8.0,8.0,0.0,Cash,Não informado
TXN_1721910,2023-03-21,2023,3,21,Juice,4.0,3.0,12.0,12.0,0.0,Digital Wallet,Não informado
TXN_1120969,2023-04-15,2023,4,15,Coffee,2.0,2.0,4.0,4.0,0.0,Credit Card,Não informado
TXN_4246000,2023-07-09,2023,7,9,Cookie,2.0,1.0,2.0,2.0,0.0,Credit Card,Takeaway
TXN_9699174,2023-01-03,2023,1,3,Smoothie,3.0,4.0,,12.0,,Não informado,Não informado
TXN_6036409,2023-02-16,2023,2,16,Tea,5.0,1.5,7.5,7.5,0.0,Cash,Takeaway
TXN_5927258,2023-10-18,2023,10,18,Tea,5.0,1.5,7.5,7.5,0.0,Não informado,In-store
TXN_6027031,2023-11-15,2023,11,15,Juice,5.0,3.0,15.0,15.0,0.0,Credit Card,In-store
TXN_1900906,2023-01-31,2023,1,31,Coffee,5.0,2.0,,10.0,,Cash,Não informado
TXN_7171590,2023-04-24,2023,4,24,Coffee,3.0,2.0,6.0,6.0,0.0,Credit Card,In-store
TXN_5746203,2023-07-08,2023,7,8,Tea,5.0,1.5,7.5,7.5,0.0,Cash,Não informado
TXN_1696300,2023-05-28,2023,5,28,Cookie,1.0,1.0,1.0,1.0,0.0,Digital Wallet,In-store
TXN_1255476,2023-08-28,2023,8,28,Smoothie,1.0,4.0,4.0,4.0,0.0,Não informado,Não informado
TXN_9403115,2023-04-17,2023,4,17,Tea,1.0,1.5,1.5,1.5,0.0,Não informado,Não informado
TXN_4476539,2023-04-19,2023,4,19,Salad,2.0,5.0,10.0,10.0,0.0,Cash,Não informado
TXN_5263133,2023-05-22,2023,5,22,Juice,2.0,3.0,6.0,6.0,0.0,Não informado,Takeaway
TXN_8473362,2023-11-22,2023,11,22,Juice,3.0,3.0,9.0,9.0,0.0,Digital Wallet,Não informado
TXN_8402606,2023-05-09,2023,5,9,Cookie,3.0,1.0,3.0,3.0,0.0,Não informado,Takeaway
TXN_6857799,2023-01-08,2023,1,8,Cookie,4.0,1.0,4.0,4.0,0.0,Cash,Não informado
TXN_9362993,2023-10-22,2023,10,22,Coffee,3.0,2.0,6.0,6.0,0.0,Cash,In-store
TXN_7458568,2023-05-09,2023,5,9,Smoothie,5.0,4.0,20.0,20.0,0.0,Digital Wallet,Não informado
TXN_1959082,2023-06-08,2023,6,8,Juice,5.0,3.0,15.0,15.0,0.0,Credit Card,Não informado
TXN_4290475,2023-04-20,2023,4,20,Smoothie,1.0,4.0,4.0,4.0,0.0,Não informado,Takeaway
TXN_4561296,2023-11-22,2023,11,22,Salad,5.0,5.0,25.0,25.0,0.0,Cash,In-store
TXN_6422545,2023-11-03,2023,11,3,Juice,2.0,3.0,6.0,6.0,0.0,Credit Card,Takeaway
TXN_6012728,2023-05-09,2023,5,9,Cake,4.0,3.0,12.0,12.0,0.0,Credit Card,In-store
TXN_8886678,2023-03-27,2023,3,27,Tea,5.0,1.5,7.5,7.5,0.0,Cash,Não informado
TXN_5424622,2023-07-12,2023,7,12,Tea,4.0,1.5,6.0,6.0,0.0,Não informado,In-store
TXN_1885495,2023-03-04,2023,3,4,Coffee,4.0,2.0,8.0,8.0,0.0,Cash,Não informado
TXN_3646359,2023-07-23,2023,7,23,Salad,2.0,5.0,10.0,10.0,0.0,Credit Card,Não informado
TXN_4533186,2023-04-19,2023,4,19,Tea,3.0,1.5,4.5,4.5,0.0,Não informado,Takeaway
TXN_3046567,2023-01-07,2023,1,7,Salad,2.0,5.0,10.0,10.0,0.0,Credit Card,In-store
TXN_3594827,2023-03-09,2023,3,9,Juice,5.0,3.0,15.0,15.0,0.0,Digital Wallet,In-store
TXN_2883054,2023-11-17,2023,11,17,Cake,4.0,3.0,12.0,12.0,0.0,Cash,In-store
TXN_1744319,2023-03-24,2023,3,24,Smoothie,3.0,4.0,12.0,12.0,0.0,Cash,Não informado
TXN_6182856,2023-04-02,2023,4,2,Cake,4.0,3.0,12.0,12.0,0.0,Credit Card,Takeaway
TXN_7341998,2023-02-18,2023,2,18,Cake,3.0,3.0,9.0,9.0,0.0,Digital Wallet,Não informado
TXN_5438422,2023-09-25,2023,9,25,Smoothie,3.0,4.0,,12.0,,Não informado,In-store
TXN_7187128,2023-08-24,2023,8,24,Tea,5.0,1.5,7.5,7.5,0.0,Não informado,Takeaway
TXN_8946752,2023-06-08,2023,6,8,Tea,4.0,1.5,6.0,6.0,0.0,Cash,Não informado
TXN_5453217,2023-07-11,2023,7,11,Coffee,1.0,2.0,2.0,2.0,0.0,Credit Card,In-store
TXN_9340973,2023-03-07,2023,3,7,Cookie,4.0,1.0,4.0,4.0,0.0,Cash,Não informado
TXN_8562684,2023-06-25,2023,6,25,Tea,5.0,1.5,7.5,7.5,0.0,Não informado,Takeaway
TXN_2030078,2023-04-10,2023,4,10,Smoothie,1.0,4.0,4.0,4.0,0.0,Digital Wallet,Takeaway
TXN_7077961,2023-09-19,2023,9,19,Tea,4.0,1.5,6.0,6.0,0.0,Digital Wallet,Takeaway
TXN_3343585,2023-09-17,2023,9,17,Cake,1.0,3.0,3.0,3.0,0.0,Cash,In-store
TXN_7896831,2023-04-01,2023,4,1,Coffee,5.0,2.0,10.0,10.0,0.0,Cash,Takeaway
TXN_3541337,2023-09-01,2023,9,1,Cookie,4.0,1.0,4.0,4.0,0.0,Digital Wallet,Takeaway
TXN_2140056,2023-12-07,2023,12,7,Cookie,1.0,1.0,1.0,1.0,0.0,Digital Wallet,Takeaway
TXN_9629256,2023-11-07,2023,11,7,Cake,4.0,3.0,12.0,12.0,0.0,Digital Wallet,In-store
TXN_8419985,2023-08-26,2023,8,26,Cake,3.0,3.0,9.0,9.0,0.0,Não informado,Não informado
TXN_6349916,2023-07-09,2023,7,9,Salad,1.0,5.0,5.0,5.0,0.0,Cash,Não informado
TXN_6568254,2023-02-09,2023,2,9,Salad,2.0,5.0,10.0,10.0,0.0,Credit Card,In-store
TXN_1730385,2023-03-01,2023,3,1,Cake,2.0,3.0,6.0,6.0,0.0,Credit Card,Não informado
TXN_6935600,2023-01-02,2023,1,2,Coffee,3.0,2.0,6.0,6.0,0.0,Não informado,Não informado
TXN_1851725,2023-02-19,2023,2,19,Cake,5.0,3.0,15.0,15.0,0.0,Cash,Takeaway
TXN_5691112,2023-03-24,2023,3,24,Juice,5.0,3.0,15.0,15.0,0.0,Não informado,Não informado
TXN_9514836,2023-03-29,2023,3,29,Coffee,3.0,2.0,6.0,6.0,0.0,Não informado,In-store
TXN_4172649,2023-05-19,2023,5,19,Salad,4.0,5.0,20.0,20.0,0.0,Digital Wallet,Não informado
TXN_6504096,2023-09-10,2023,9,10,Salad,5.0,5.0,25.0,25.0,0.0,Cash,Não informado
TXN_9921708,2023-07-20,2023,7,20,Cake,1.0,3.0,3.0,3.0,0.0,Cash,Takeaway
TXN_6361661,2023-11-05,2023,11,5,Smoothie,2.0,4.0,8.0,8.0,0.0,Cash,Não informado
TXN_4329116,2023-09-29,2023,9,29,Cake,3.0,3.0,9.0,9.0,0.0,Credit Card,In-store
TXN_4142781,2023-01-30,2023,1,30,Sandwich,5.0,4.0,20.0,20.0,0.0,Digital Wallet,Takeaway
TXN_6055428,2023-02-25,2023,2,25,Salad,5.0,5.0,,25.0,,Cash,Takeaway
TXN_4359885,2023-01-16,2023,1,16,Cookie,2.0,1.0,2.0,2.0,0.0,Credit Card,In-store
TXN_4255116,2023-12-24,2023,12,24,Juice,4.0,3.0,12.0,12.0,0.0,Credit Card,In-store
TXN_6511482,2023-03-17,2023,3,17,Tea,3.0,1.5,4.5,4.5,0.0,Credit Card,Não informado
TXN_9672367,2023-12-21,2023,12,21,Cookie,2.0,1.0,2.0,2.0,0.0,Não informado,In-store
TXN_1514364,2023-01-21,2023,1,21,Coffee,5.0,2.0,10.0,10.0,0.0,Digital Wallet,In-store
TXN_1643122,2023-05-15,2023,5,15,Juice,3.0,3.0,9.0,9.0,0.0,Não informado,In-store
TXN_2252586,2023-09-08,2023,9,8,Tea,3.0,1.5,4.5,4.5,0.0,Cash,Takeaway
TXN_8853027,2023-06-21,2023,6,21,Smoothie,5.0,4.0,20.0,20.0,0.0,Credit Card,In-store
TXN_2351890,2023-02-27,2023,2,27,Tea,4.0,1.5,6.0,6.0,0.0,Não informado,In-store
TXN_1026050,2023-04-23,2023,4,23,Cake,1.0,3.0,3.0,3.0,0.0,Não informado,Não informado
TXN_3882139,2023-12-28,2023,12,28,Smoothie,4.0,4.0,16.0,16.0,0.0,Não informado,Não informado
TXN_6149247,2023-09-21,2023,9,21,Sandwich,3.0,4.0,12.0,12.0,0.0,Não informado,Takeaway
TXN_3371429,2023-11-01,2023,11,1,Salad,2.0,5.0,10.0,10.0,0.0,Credit Card,Não informado
TXN_5722175,2023-03-01,2023,3,1,Tea,2.0,1.5,3.0,3.0,0.0,Digital Wallet,Takeaway
TXN_4075198,2023-08-27,2023,8,27,Salad,5.0,5.0,25.0,25.0,0.0,Cash,Não informado
TXN_3865627,2023-02-16,2023,2,16,Coffee,4.0,2.0,8.0,8.0,0.0,Não informado,In-store
TXN_2920551,2023-11-27,2023,11,27,Sandwich,4.0,4.0,16.0,16.0,0.0,Credit Card,Takeaway
TXN_9206923,2023-11-16,2023,11,16,Sandwich,1.0,4.0,4.0,4.0,0.0,Não informado,Não informado
TXN_6335909,2023-06-21,2023,6,21,Salad,4.0,5.0,20.0,20.0,0.0,Não informado,In-store
TXN_8107970,2023-06-03,2023,6,3,Coffee,2.0,2.0,4.0,4.0,0.0,Credit Card,Takeaway
TXN_2135358,2023-05-28,2023,5,28,Cake,5.0,3.0,15.0,15.0,0.0,Credit Card,Não informado
TXN_1313701,2023-10-03,2023,10,3,Cookie,2.0,1.0,2.0,2.0,0.0,Não informado,Não informado
TXN_4035669,2023-04-21,2023,4,21,Juice,3.0,3.0,9.0,9.0,0.0,Cash,Não informado
TXN_6879752,2023-10-07,2023,10,7,Tea,1.0,1.5,1.5,1.5,0.0,Digital Wallet,In-store
TXN_5535579,2023-12-21,2023,12,21,Coffee,5.0,2.0,10.0,10.0,0.0,Cash,In-store
TXN_2449402,2023-01-29,2023,1,29,Smoothie,5.0,4.0,20.0,20.0,0.0,Cash,Não informado
TXN_6097759,2023-06-18,2023,6,18,Smoothie,4.0,4.0,16.0,16.0,0.0,Cash,In-store
TXN_9579740,2023-03-05,2023,3,5,Cake,3.0,3.0,9.0,9.0,0.0,Digital Wallet,Não informado
TXN_3026936,2023-05-19,2023,5,19,Cake,5.0,3.0,15.0,15.0,0.0,Não informado,Não informado
TXN_2532519,2023-04-10,2023,4,10,Cake,2.0,3.0,6.0,6.0,0.0,Digital Wallet,Não informado
TXN_9959765,2023-02-19,2023,2,19,Juice,4.0,3.0,12.0,12.0,0.0,Cash,Não informado
TXN_9514996,2023-07-25,2023,7,25,Sandwich,2.0,4.0,8.0,8.0,0.0,Credit Card,Takeaway
TXN_6757560,2023-08-12,2023,8,12,Cake,4.0,3.0,12.0,12.0,0.0,Cash,Não informado
TXN_2222893,2023-12-20,2023,12,20,Coffee,4.0,2.0,8.0,8.0,0.0,Não informado,Takeaway
TXN_4346607,2023-03-17,2023,3,17,Salad,2.0,5.0,10.0,10.0,0.0,Digital Wallet,Não informado
TXN_2586830,2023-02-12,2023,2,12,Juice,1.0,3.0,3.0,3.0,0.0,Não informado,In-store
TXN_2706461,2023-12-13,2023,12,13,Salad,3.0,5.0,15.0,15.0,0.0,Credit Card,Não informado
TXN_1829391,2023-10-06,2023,10,6,Juice,4.0,3.0,12.0,12.0,0.0,Credit Card,Não informado
TXN_5022805,2023-12-17,2023,12,17,Sandwich,1.0,4.0,4.0,4.0,0.0,Credit Card,Takeaway
TXN_6815801,2023-03-15,2023,3,15,Cookie,1.0,1.0,1.0,1.0,0.0,Digital Wallet,Takeaway
TXN_2541441,2023-09-21,2023,9,21,Cake,1.0,3.0,3.0,3.0,0.0,Cash,Takeaway
TXN_5189465,2023-10-04,2023,10,4,Cookie,4.0,1.0,4.0,4.0,0.0,Não informado,Takeaway
TXN_1217810,2023-07-06,2023,7,6,Cookie,1.0,1.0,1.0,1.0,0.0,Digital Wallet,Não informado
TXN_4894647,2023-12-26,2023,12,26,Salad,2.0,5.0,10.0,10.0,0.0,Cash,Takeaway
TXN_7622855,2023-07-10,2023,7,10,Sandwich,2.0,4.0,8.0,8.0,0.0,Credit Card,Não informado
TXN_9931637,2023-09-17,2023,9,17,Cake,2.0,3.0,6.0,6.0,0.0,Cash,Takeaway
TXN_6625294,2023-03-05,2023,3,5,Sandwich,2.0,4.0,8.0,8.0,0.0,Digital Wallet,Não informado
TXN_4577368,2023-05-29,2023,5,29,Cake,4.0,3.0,12.0,12.0,0.0,Cash,Não informado
TXN_4158904,2023-01-31,2023,1,31,Juice,2.0,3.0,6.0,6.0,0.0,Digital Wallet,In-store
TXN_1208926,2023-12-07,2023,12,7,Cookie,4.0,1.0,4.0,4.0,0.0,Credit Card,In-store
TXN_8090361,2023-03-12,2023,3,12,Coffee,1.0,2.0,2.0,2.0,0.0,Não informado,Não informado
TXN_8363628,2023-04-07,2023,4,7,Salad,1.0,5.0,,5.0,,Digital Wallet,Não informado
TXN_4761088,2023-08-27,2023,8,27,Cake,4.0,3.0,12.0,12.0,0.0,Digital Wallet,Não informado
TXN_2453194,2023-11-18,2023,11,18,Cake,4.0,3.0,12.0,12.0,0.0,Digital Wallet,Não informado
TXN_9970195,2023-11-10,2023,11,10,Coffee,2.0,2.0,4.0,4.0,0.0,Não informado,Não informado
TXN_4458848,2023-10-30,2023,10,30,Cookie,2.0,1.0,2.0,2.0,0.0,Não informado,In-store
TXN_1606273,2023-11-02,2023,11,2,Coffee,1.0,2.0,2.0,2.0,0.0,Digital Wallet,Takeaway
TXN_8053946,2023-09-18,2023,9,18,Tea,1.0,1.5,1.5,1.5,0.0,Não informado,Takeaway
TXN_7963189,2023-03-24,2023,3,24,Cookie,4.0,1.0,4.0,4.0,0.0,Digital Wallet,Takeaway
TXN_9151273,2023-04-09,2023,4,9,Tea,2.0,1.5,3.0,3.0,0.0,Cash,Não informado
TXN_4702345,2023-01-08,2023,1,8,Salad,4.0,5.0,20.0,20.0,0.0,Digital Wallet,Não informado
TXN_4832452,2023-02-05,2023,2,5,Tea,5.0,1.5,,7.5,,Cash,Não informado
TXN_9314690,2023-12-11,2023,12,11,Salad,2.0,5.0,10.0,10.0,0.0,Credit Card,Não informado
TXN_3852141,2023-08-04,2023,8,4,Cake,5.0,3.0,15.0,15.0,0.0,Credit Card,In-store
TXN_4723529,2023-03-25,2023,3,25,Sandwich,2.0,4.0,8.0,8.0,0.0,Não informado,Não informado
TXN_6039321,2023-02-15,2023,2,15,Salad,2.0,5.0,10.0,10.0,0.0,Credit Card,Não informado
TXN_5797307,2023-03-16,2023,3,16,Tea,5.0,1.5,7.5,7.5,0.0,Não informado,In-store
TXN_2262398,2023-09-12,2023,9,12,Tea,1.0,1.5,,1.5,,Credit Card,Takeaway
TXN_9813095,2023-06-12,2023,6,12,Juice,2.0,3.0,,6.0,,Cash,Não informado
TXN_8627869,2023-10-31,2023,10,31,Juice,1.0,3.0,3.0,3.0,0.0,Não informado,Não informado
TXN_1123346,2023-07-31,2023,7,31,Tea,3.0,1.5,4.5,4.5,0.0,Não informado,Não informado
TXN_6729852,2023-06-29,2023,6,29,Cookie,4.0,1.0,4.0,4.0,0.0,Não informado,Não informado
TXN_9300618,2023-03-06,2023,3,6,Tea,3.0,1.5,4.5,4.5,0.0,Credit Card,Não informado
TXN_7832527,2023-01-26,2023,1,26,Cake,3.0,3.0,9.0,9.0,0.0,Cash,In-store
TXN_4703100,2023-01-26,2023,1,26,Sandwich,1.0,4.0,4.0,4.0,0.0,Não informado,Não informado
TXN_1650385,2023-07-24,2023,7,24,Sandwich,1.0,4.0,4.0,4.0,0.0,Não informado,Não informado
TXN_2132434,2023-06-03,2023,6,3,Salad,4.0,5.0,20.0,20.0,0.0,Digital Wallet,In-store
TXN_3847176,2023-05-07,2023,5,7,Sandwich,3.0,4.0,12.0,12.0,0.0,Não informado,Takeaway
TXN_9691955,2023-11-03,2023,11,3,Juice,3.0,3.0,9.0,9.0,0.0,Credit Card,In-store
TXN_4985415,2023-08-01,2023,8,1,Tea,4.0,1.5,6.0,6.0,0.0,Digital Wallet,Não informado
TXN_1172121,2023-08-26,2023,8,26,Coffee,5.0,2.0,10.0,10.0,0.0,Cash,Takeaway
TXN_2521185,2023-03-20,2023,3,20,Smoothie,2.0,4.0,8.0,8.0,0.0,Cash,Takeaway
TXN_6233021,2023-12-22,2023,12,22,Juice,5.0,3.0,15.0,15.0,0.0,Digital Wallet,Takeaway
TXN_7498795,2023-03-11,2023,3,11,Cookie,2.0,1.0,2.0,2.0,0.0,Cash,Takeaway
TXN_6730130,2023-10-16,2023,10,16,Tea,2.0,1.5,3.0,3.0,0.0,Não informado,Não informado
TXN_8810855,2023-04-30,2023,4,30,Sandwich,4.0,4.0,16.0,16.0,0.0,Não informado,Não informado
TXN_1599516,2023-05-11,2023,5,11,Juice,3.0,3.0,9.0,9.0,0.0,Cash,In-store
TXN_6888839,2023-11-19,2023,11,19,Tea,3.0,1.5,,4.5,,Digital Wallet,Takeaway
TXN_4559065,2023-05-03,2023,5,3,Juice,1.0,3.0,3.0,3.0,0.0,Cash,In-store
TXN_7637325,2023-05-03,2023,5,3,Cookie,4.0,1.0,4.0,4.0,0.0,Não informado,Não informado
TXN_9685491,2023-09-20,2023,9,20,Coffee,4.0,2.0,8.0,8.0,0.0,Cash,Não informado
TXN_1767321,2023-03-24,2023,3,24,Sandwich,1.0,4.0,4.0,4.0,0.0,Não informado,In-store
TXN_9046415,2023-06-06,2023,6,6,Smoothie,2.0,4.0,8.0,8.0,0.0,Não informado,Não informado
TXN_2696377,2023-04-11,2023,4,11,Juice,4.0,3.0,12.0,12.0,0.0,Digital Wallet,In-store
TXN_7754382,2023-06-28,2023,6,28,Sandwich,4.0,4.0,16.0,16.0,0.0,Credit Card,Não informado
TXN_4602865,2023-09-27,2023,9,27,Cookie,5.0,1.0,5.0,5.0,0.0,Digital Wallet,Takeaway
TXN_5966765,2023-11-09,2023,11,9,Cake,5.0,3.0,15.0,15.0,0.0,Credit Card,Takeaway
TXN_4328228,2023-01-08,2023,1,8,Sandwich,5.0,4.0,20.0,20.0,0.0,Não informado,Não informado
TXN_2462604,2023-07-13,2023,7,13,Tea,5.0,1.5,7.5,7.5,0.0,Credit Card,Não informado
TXN_2897354,2023-06-22,2023,6,22,Juice,4.0,3.0,12.0,12.0,0.0,Não informado,In-store
TXN_3283631,2023-03-15,2023,3,15,Sandwich,2.0,4.0,8.0,8.0,0.0,Credit Card,In-store
TXN_8929329,2023-10-29,2023,10,29,Juice,4.0,3.0,12.0,12.0,0.0,Não informado,Não informado
TXN_1328953,2023-12-28,2023,12,28,Smoothie,3.0,4.0,12.0,12.0,0.0,Não informado,Não informado
TXN_4852852,2023-10-06,2023,10,6,Smoothie,2.0,4.0,8.0,8.0,0.0,Não informado,Não informado
TXN_3344089,2023-08-10,2023,8,10,Sandwich,4.0,4.0,16.0,16.0,0.0,Cash,In-store
TXN_7551280,2023-04-14,2023,4,14,Cookie,4.0,1.0,4.0,4.0,0.0,Credit Card,Takeaway
TXN_5390533,2023-11-18,2023,11,18,Smoothie,3.0,4.0,12.0,12.0,0.0,Não informado,In-store
TXN_8487216,2023-07-01,2023,7,1,Tea,1.0,1.5,1.5,1.5,0.0,Cash,Não informado
TXN_3863163,2023-10-12,2023,10,12,Cookie,3.0,1.0,3.0,3.0,0.0,Digital Wallet,Takeaway
TXN_4260865,2023-02-25,2023,2,25,Smoothie,4.0,4.0,16.0,16.0,0.0,Não informado,Não informado
TXN_7922471,2023-04-18,2023,4,18,Cake,3.0,3.0,9.0,9.0,0.0,Cash,Não informado
TXN_3653560,2023-07-01,2023,7,1,Coffee,4.0,2.0,8.0,8.0,0.0,Digital Wallet,Takeaway
TXN_4075817,2023-03-18,2023,3,18,Cookie,2.0,1.0,2.0,2.0,0.0,Cash,Não informado
TXN_3715065,2023-03-17,2023,3,17,Salad,3.0,5.0,15.0,15.0,0.0,Credit Card,Não informado
TXN_9549208,2023-10-30,2023,10,30,Coffee,1.0,2.0,2.0,2.0,0.0,Digital Wallet,In-store
TXN_2670824,2023-03-03,2023,3,3,Juice,2.0,3.0,6.0,6.0,0.0,Digital Wallet,Takeaway
TXN_7455953,2023-05-01,2023,5,1,Coffee,2.0,2.0,4.0,4.0,0.0,Não informado,Não informado
TXN_5926432,2023-06-29,2023,6,29,Smoothie,4.0,4.0,16.0,16.0,0.0,Cash,In-store
TXN_8235381,2023-03-01,2023,3,1,Cookie,3.0,1.0,3.0,3.0,0.0,Digital Wallet,In-store
TXN_6206679,2023-05-01,2023,5,1,Tea,1.0,1.5,1.5,1.5,0.0,Não informado,In-store
TXN_2954630,2023-09-30,2023,9,30,Salad,2.0,5.0,10.0,10.0,0.0,Credit Card,Não informado
TXN_1402641,2023-09-12,2023,9,12,Tea,3.0,1.5,,4.5,,Credit Card,Takeaway
TXN_6405489,2023-05-04,2023,5,4,Sandwich,3.0,4.0,12.0,12.0,0.0,Credit Card,Takeaway
TXN_3003311,2023-08-01,2023,8,1,Cake,5.0,3.0,15.0,15.0,0.0,Digital Wallet,In-store
TXN_9436342,2023-11-26,2023,11,26,Juice,4.0,3.0,12.0,12.0,0.0,Digital Wallet,In-store
TXN_1999100,2023-11-08,2023,11,8,Smoothie,3.0,4.0,12.0,12.0,0.0,Digital Wallet,Não informado
TXN_2406283,2023-02-24,2023,2,24,Juice,4.0,3.0,12.0,12.0,0.0,Digital Wallet,In-store
TXN_8964166,2023-11-10,2023,11,10,Juice,5.0,3.0,15.0,15.0,0.0,Cash,Não informado
TXN_1354464,2023-03-18,2023,3,18,Cake,5.0,3.0,15.0,15.0,0.0,Digital Wallet,In-store
TXN_5582443,2023-04-13,2023,4,13,Salad,3.0,5.0,15.0,15.0,0.0,Credit Card,In-store
TXN_6204081,2023-07-12,2023,7,12,Cake,1.0,3.0,3.0,3.0,0.0,Digital Wallet,Takeaway
TXN_8647048,2023-11-03,2023,11,3,Sandwich,2.0,4.0,8.0,8.0,0.0,Credit Card,In-store
TXN_1689024,2023-04-17,2023,4,17,Coffee,5.0,2.0,,10.0,,Credit Card,In-store
TXN_5422928,2023-09-20,2023,9,20,Tea,4.0,1.5,6.0,6.0,0.0,Digital Wallet,Takeaway
TXN_9855567,2023-05-25,2023,5,25,Cookie,3.0,1.0,3.0,3.0,0.0,Credit Card,Não informado
TXN_3311860,2023-11-21,2023,11,21,Juice,1.0,3.0,3.0,3.0,0.0,Digital Wallet,In-store
TXN_4147675,2023-01-04,2023,1,4,Tea,2.0,1.5,3.0,3.0,0.0,Credit Card,In-store
TXN_7560178,2023-08-17,2023,8,17,Cookie,5.0,1.0,5.0,5.0,0.0,Digital Wallet,In-store
TXN_4677478,2023-07-09,2023,7,9,Cake,4.0,3.0,12.0,12.0,0.0,Não informado,In-store
TXN_3930990,2023-02-27,2023,2,27,Tea,4.0,1.5,6.0,6.0,0.0,Digital Wallet,Takeaway
TXN_6621596,2023-09-25,2023,9,25,Salad,2.0,5.0,10.0,10.0,0.0,Credit Card,Não informado
TXN_8076942,2023-04-29,2023,4,29,Cookie,2.0,1.0,2.0,2.0,0.0,Cash,Takeaway
TXN_4367689,2023-09-30,2023,9,30,Cookie,2.0,1.0,2.0,2.0,0.0,Cash,Não informado
TXN_2941800,2023-04-25,2023,4,25,Salad,5.0,5.0,25.0,25.0,0.0,Cash,Não informado
TXN_7072581,2023-08-12,2023,8,12,Cookie,2.0,1.0,2.0,2.0,0.0,Credit Card,Não informado
TXN_7809506,2023-06-05,2023,6,5,Salad,2.0,5.0,10.0,10.0,0.0,Não informado,Takeaway
TXN_6864420,2023-06-18,2023,6,18,Cookie,2.0,1.0,2.0,2.0,0.0,Credit Card,Takeaway
TXN_3109057,2023-11-26,2023,11,26,Tea,4.0,1.5,6.0,6.0,0.0,Cash,Não informado
TXN_2257337,2023-07-24,2023,7,24,Cookie,4.0,1.0,,4.0,,Cash,Não informado
TXN_9417344,2023-11-09,2023,11,9,Tea,3.0,1.5,4.5,4.5,0.0,Não informado,Takeaway
TXN_6503884,2023-05-28,2023,5,28,Juice,1.0,3.0,3.0,3.0,0.0,Cash,In-store
TXN_2206639,2023-06-29,2023,6,29,Coffee,4.0,2.0,8.0,8.0,0.0,Cash,Takeaway
TXN_9337894,2023-12-30,2023,12,30,Tea,2.0,1.5,3.0,3.0,0.0,Não informado,Não informado
TXN_7068361,2023-12-25,2023,12,25,Juice,5.0,3.0,15.0,15.0,0.0,Credit Card,Não informado
TXN_5423024,2023-04-30,2023,4,30,Smoothie,1.0,4.0,4.0,4.0,0.0,Digital Wallet,In-store
TXN_2802630,2023-06-18,2023,6,18,Cookie,4.0,1.0,4.0,4.0,0.0,Não informado,Takeaway
TXN_3134595,2023-02-25,2023,2,25,Juice,3.0,3.0,9.0,9.0,0.0,Credit Card,Takeaway
TXN_2251128,2023-06-07,2023,6,7,Smoothie,3.0,4.0,12.0,12.0,0.0,Credit Card,In-store
TXN_4213071,2023-04-10,2023,4,10,Salad,1.0,5.0,5.0,5.0,0.0,Não informado,Takeaway
TXN_6220280,2023-02-15,2023,2,15,Tea,1.0,1.5,1.5,1.5,0.0,Credit Card,Não informado
TXN_4832163,2023-11-17,2023,11,17,Cake,4.0,3.0,12.0,12.0,0.0,Cash,Takeaway
TXN_6663451,2023-08-05,2023,8,5,Cake,1.0,3.0,3.0,3.0,0.0,Cash,Não informado
TXN_1443928,2023-12-03,2023,12,3,Cake,4.0,3.0,12.0,12.0,0.0,Cash,Takeaway
TXN_1670597,2023-05-21,2023,5,21,Coffee,2.0,2.0,4.0,4.0,0.0,Cash,Takeaway
TXN_3854210,2023-12-30,2023,12,30,Smoothie,1.0,4.0,4.0,4.0,0.0,Cash,Não informado
TXN_2165745,2023-01-31,2023,1,31,Coffee,4.0,2.0,8.0,8.0,0.0,Credit Card,In-store
TXN_3082888,2023-09-20,2023,9,20,Tea,1.0,1.5,1.5,1.5,0.0,Cash,In-store
TXN_2294397,2023-02-25,2023,2,25,Coffee,5.0,2.0,10.0,10.0,0.0,Digital Wallet,In-store
TXN_4160784,2023-05-20,2023,5,20,Cookie,5.0,1.0,5.0,5.0,0.0,Não informado,In-store
TXN_7248594,2023-03-26,2023,3,26,Coffee,3.0,2.0,6.0,6.0,0.0,Credit Card,In-store
TXN_5031020,2023-11-25,2023,11,25,Coffee,5.0,2.0,10.0,10.0,0.0,Não informado,Não informado
TXN_3059966,2023-12-24,2023,12,24,Smoothie,1.0,4.0,4.0,4.0,0.0,Digital Wallet,In-store
TXN_1022220,2023-08-03,2023,8,3,Juice,3.0,3.0,9.0,9.0,0.0,Não informado,Takeaway
TXN_7144740,2023-07-24,2023,7,24,Cake,4.0,3.0,12.0,12.0,0.0,Não informado,Não informado
TXN_7666945,2023-07-07,2023,7,7,Tea,5.0,1.5,7.5,7.5,0.0,Não informado,Não informado
TXN_7880000,2023-01-28,2023,1,28,Salad,3.0,5.0,15.0,15.0,0.0,Credit Card,In-store
TXN_4900574,2023-05-06,2023,5,6,Juice,3.0,3.0,9.0,9.0,0.0,Não informado,Não informado
TXN_7838576,2023-11-11,2023,11,11,Coffee,3.0,2.0,6.0,6.0,0.0,Não informado,In-store
TXN_1419188,2023-11-26,2023,11,26,Cake,5.0,3.0,15.0,15.0,0.0,Credit Card,Não informado
TXN_2964794,2023-03-09,2023,3,9,Cake,2.0,3.0,6.0,6.0,0.0,Não informado,Takeaway
TXN_3936162,2023-02-26,2023,2,26,Cookie,1.0,1.0,1.0,1.0,0.0,Não informado,Não informado
TXN_4432082,2023-04-20,2023,4,20,Juice,5.0,3.0,15.0,15.0,0.0,Não informado,Não informado
TXN_9496791,2023-07-19,2023,7,19,Salad,4.0,5.0,20.0,20.0,0.0,Credit Card,In-store
TXN_4194115,2023-08-17,2023,8,17,Tea,5.0,1.5,7.5,7.5,0.0,Não informado,Não informado
TXN_7741707,2023-05-09,2023,5,9,Salad,3.0,5.0,15.0,15.0,0.0,Não informado,Takeaway
TXN_4216055,2023-12-27,2023,12,27,Cookie,5.0,1.0,5.0,5.0,0.0,Digital Wallet,Não informado
TXN_2320493,2023-03-22,2023,3,22,Smoothie,1.0,4.0,4.0,4.0,0.0,Digital Wallet,In-store
TXN_4835929,2023-10-03,2023,10,3,Coffee,2.0,2.0,4.0,4.0,0.0,Não informado,In-store
TXN_6755791,2023-04-01,2023,4,1,Coffee,2.0,2.0,4.0,4.0,0.0,Cash,Não informado
TXN_9861432,2023-12-09,2023,12,9,Cookie,2.0,1.0,2.0,2.0,0.0,Não informado,Takeaway
TXN_8271278,2023-07-01,2023,7,1,Tea,1.0,1.5,1.5,1.5,0.0,Não informado,Não informado
TXN_2005032,2023-11-30,2023,11,30,Cookie,2.0,1.0,2.0,2.0,0.0,Digital Wallet,Não informado
TXN_5714767,2023-03-02,2023,3,2,Salad,4.0,5.0,20.0,20.0,0.0,Digital Wallet,Takeaway
TXN_5844851,2023-02-15,2023,2,15,Smoothie,5.0,4.0,20.0,20.0,0.0,Não informado,Não informado
TXN_8141558,2023-12-05,2023,12,5,Cake,5.0,3.0,15.0,15.0,0.0,Credit Card,Não informado
TXN_4314314,2023-01-02,2023,1,2,Cake,4.0,3.0,12.0,12.0,0.0,Cash,Não informado
TXN_4155001,2023-11-30,2023,11,30,Smoothie,1.0,4.0,4.0,4.0,0.0,Não informado,Não informado
TXN_1072678,2023-05-30,2023,5,30,Juice,2.0,3.0,,6.0,,Cash,Não informado
TXN_7981162,2023-05-30,2023,5,30,Cake,3.0,3.0,9.0,9.0,0.0,Credit Card,Takeaway
TXN_2316206,2023-01-23,2023,1,23,Cookie,1.0,1.0,1.0,1.0,0.0,Credit Card,In-store
TXN_7343342,2023-12-21,2023,12,21,Cookie,2.0,1.0,2.0,2.0,0.0,Cash,Takeaway
TXN_4573096,2023-08-13,2023,8,13,Coffee,1.0,2.0,2.0,2.0,0.0,Digital Wallet,In-store
TXN_6370625,2023-08-26,2023,8,26,Sandwich,3.0,4.0,12.0,12.0,0.0,Credit Card,In-store
TXN_7580803,2023-04-06,2023,4,6,Juice,4.0,3.0,12.0,12.0,0.0,Cash,In-store
TXN_8306028,2023-02-27,2023,2,27,Salad,1.0,5.0,5.0,5.0,0.0,Não informado,Takeaway
TXN_7530692,2023-06-30,2023,6,30,Coffee,1.0,2.0,2.0,2.0,0.0,Credit Card,Não informado
TXN_4383002,2023-12-18,2023,12,18,Coffee,1.0,2.0,2.0,2.0,0.0,Não informado,In-store
TXN_2939069,2023-09-06,2023,9,6,Smoothie,5.0,4.0,20.0,20.0,0.0,Credit Card,Takeaway
TXN_2301001,2023-01-06,2023,1,6,Smoothie,1.0,4.0,4.0,4.0,0.0,Não informado,Takeaway
TXN_5009924,2023-09-08,2023,9,8,Cake,3.0,3.0,9.0,9.0,0.0,Digital Wallet,Não informado
TXN_9988801,2023-10-20,2023,10,20,Smoothie,5.0,4.0,20.0,20.0,0.0,Cash,Não informado
TXN_8432045,2023-11-09,2023,11,9,Cake,3.0,3.0,9.0,9.0,0.0,Credit Card,Não informado
TXN_8127433,2023-07-11,2023,7,11,Sandwich,3.0,4.0,12.0,12.0,0.0,Não informado,Takeaway
TXN_7640914,2023-02-12,2023,2,12,Salad,1.0,5.0,5.0,5.0,0.0,Credit Card,Não informado
TXN_4374963,2023-07-04,2023,7,4,Juice,1.0,3.0,3.0,3.0,0.0,Cash,In-store
TXN_3212317,2023-05-25,2023,5,25,Salad,5.0,5.0,25.0,25.0,0.0,Não informado,Takeaway
TXN_7744874,2023-06-28,2023,6,28,Coffee,1.0,2.0,2.0,2.0,0.0,Cash,Não informado
TXN_7768350,2023-08-19,2023,8,19,Cookie,1.0,1.0,,1.0,,Cash,In-store
TXN_9128859,2023-11-28,2023,11,28,Coffee,2.0,2.0,4.0,4.0,0.0,Não informado,Takeaway
TXN_9375649,2023-03-06,2023,3,6,Cookie,4.0,1.0,4.0,4.0,0.0,Não informado,In-store
TXN_4401563,2023-09-20,2023,9,20,Juice,5.0,3.0,15.0,15.0,0.0,Digital Wallet,Takeaway
TXN_8502946,2023-09-15,2023,9,15,Smoothie,3.0,4.0,12.0,12.0,0.0,Não informado,In-store
TXN_8687294,2023-08-01,2023,8,1,Smoothie,3.0,4.0,12.0,12.0,0.0,Credit Card,Não informado
TXN_8443384,2023-02-13,2023,2,13,Sandwich,5.0,4.0,20.0,20.0,0.0,Digital Wallet,In-store
TXN_5053064,2023-06-19,2023,6,19,Salad,3.0,5.0,15.0,15.0,0.0,Não informado,Não informado
TXN_7824739,2023-07-17,2023,7,17,Cookie,3.0,1.0,3.0,3.0,0.0,Digital Wallet,Não informado
TXN_7226406,2023-02-11,2023,2,11,Cake,1.0,3.0,3.0,3.0,0.0,Credit Card,Não informado
TXN_9793806,2023-04-25,2023,4,25,Tea,3.0,1.5,4.5,4.5,0.0,Digital Wallet,Takeaway
TXN_8195843,2023-06-02,2023,6,2,Cookie,4.0,1.0,4.0,4.0,0.0,Não informado,Não informado
TXN_5438652,2023-03-17,2023,3,17,Sandwich,4.0,4.0,16.0,16.0,0.0,Cash,Não informado
TXN_8385625,2023-12-23,2023,12,23,Tea,4.0,1.5,6.0,6.0,0.0,Digital Wallet,Takeaway
TXN_7814715,2023-04-24,2023,4,24,Cookie,5.0,1.0,5.0,5.0,0.0,Cash,Não informado
TXN_6532452,2023-02-24,2023,2,24,Smoothie,5.0,4.0,20.0,20.0,0.0,Cash,Takeaway
TXN_9706608,2023-05-22,2023,5,22,Smoothie,1.0,4.0,4.0,4.0,0.0,Cash,Não informado
TXN_5963749,2023-11-04,2023,11,4,Cake,1.0,3.0,3.0,3.0,0.0,Digital Wallet,In-store
TXN_6885218,2023-10-23,2023,10,23,Salad,1.0,5.0,5.0,5.0,0.0,Não informado,In-store
TXN_3845871,2023-10-29,2023,10,29,Sandwich,1.0,4.0,4.0,4.0,0.0,Não informado,In-store
TXN_5767392,2023-10-24,2023,10,24,Cake,5.0,3.0,15.0,15.0,0.0,Credit Card,Não informado
TXN_3205079,2023-11-07,2023,11,7,Cake,5.0,3.0,15.0,15.0,0.0,Credit Card,Não informado
TXN_1523626,2023-07-21,2023,7,21,Cake,4.0,3.0,12.0,12.0,0.0,Não informado,Takeaway
TXN_8944202,2023-06-08,2023,6,8,Smoothie,3.0,4.0,12.0,12.0,0.0,Credit Card,Takeaway
TXN_2402993,2023-06-11,2023,6,11,Cookie,5.0,1.0,5.0,5.0,0.0,Cash,Takeaway
TXN_1340358,2023-06-09,2023,6,9,Sandwich,3.0,4.0,12.0,12.0,0.0,Cash,Takeaway
TXN_6959328,2023-04-23,2023,4,23,Sandwich,3.0,4.0,12.0,12.0,0.0,Credit Card,Takeaway
TXN_1613996,2023-10-12,2023,10,12,Juice,2.0,3.0,6.0,6.0,0.0,Não informado,In-store
TXN_9285475,2023-11-14,2023,11,14,Tea,5.0,1.5,7.5,7.5,0.0,Digital Wallet,Não informado
TXN_8077929,2023-08-06,2023,8,6,Tea,3.0,1.5,4.5,4.5,0.0,Digital Wallet,Takeaway
TXN_9213505,2023-11-01,2023,11,1,Sandwich,2.0,4.0,8.0,8.0,0.0,Não informado,Não informado
TXN_8724602,2023-06-26,2023,6,26,Juice,4.0,3.0,12.0,12.0,0.0,Credit Card,Takeaway
TXN_9714116,2023-11-17,2023,11,17,Sandwich,4.0,4.0,16.0,16.0,0.0,Não informado,In-store
TXN_8987697,2023-12-19,2023,12,19,Cookie,5.0,1.0,5.0,5.0,0.0,Cash,Não informado
TXN_1940778,2023-02-01,2023,2,1,Tea,2.0,1.5,3.0,3.0,0.0,Cash,In-store
TXN_8124795,2023-08-11,2023,8,11,Salad,5.0,5.0,25.0,25.0,0.0,Não informado,In-store
TXN_7860953,2023-09-10,2023,9,10,Sandwich,1.0,4.0,4.0,4.0,0.0,Digital Wallet,Takeaway
TXN_8164119,2023-01-07,2023,1,7,Tea,3.0,1.5,4.5,4.5,0.0,Credit Card,Takeaway
TXN_7809290,2023-10-14,2023,10,14,Cake,1.0,3.0,3.0,3.0,0.0,Cash,Takeaway
TXN_5332538,2023-01-15,2023,1,15,Coffee,3.0,2.0,6.0,6.0,0.0,Não informado,Não informado
TXN_5675095,2023-05-18,2023,5,18,Sandwich,4.0,4.0,16.0,16.0,0.0,Digital Wallet,Takeaway
TXN_7931086,2023-06-25,2023,6,25,Sandwich,3.0,4.0,12.0,12.0,0.0,Credit Card,Não informado
TXN_9110336,2023-04-06,2023,4,6,Cookie,5.0,1.0,5.0,5.0,0.0,Digital Wallet,Não informado
TXN_3901665,2023-10-19,2023,10,19,Juice,1.0,3.0,3.0,3.0,0.0,Credit Card,Takeaway
TXN_9211917,2023-12-17,2023,12,17,Smoothie,4.0,4.0,,16.0,,Não informado,In-store
TXN_4296023,2023-10-08,2023,10,8,Tea,5.0,1.5,7.5,7.5,0.0,Digital Wallet,In-store
TXN_3403409,2023-02-22,2023,2,22,Cake,2.0,3.0,6.0,6.0,0.0,Não informado,Não informado
TXN_1398511,2023-12-19,2023,12,19,Coffee,5.0,2.0,10.0,10.0,0.0,Não informado,Takeaway
TXN_4350854,2023-01-31,2023,1,31,Cookie,2.0,1.0,2.0,2.0,0.0,Cash,In-store
TXN_1867158,2023-05-16,2023,5,16,Cookie,4.0,1.0,4.0,4.0,0.0,Digital Wallet,Takeaway
TXN_2662711,2023-11-02,2023,11,2,Juice,1.0,3.0,3.0,3.0,0.0,Não informado,Não informado
TXN_4439660,2023-02-06,2023,2,6,Coffee,3.0,2.0,6.0,6.0,0.0,Não informado,Não informado
TXN_9417252,2023-08-17,2023,8,17,Sandwich,2.0,4.0,8.0,8.0,0.0,Credit Card,Não informado
TXN_8453282,2023-03-08,2023,3,8,Cookie,3.0,1.0,3.0,3.0,0.0,Cash,Não informado
TXN_5921766,2023-11-06,2023,11,6,Smoothie,3.0,4.0,12.0,12.0,0.0,Não informado,In-store
TXN_7688029,2023-05-30,2023,5,30,Cake,5.0,3.0,15.0,15.0,0.0,Credit Card,In-store
TXN_3420633,2023-04-11,2023,4,11,Salad,4.0,5.0,20.0,20.0,0.0,Digital Wallet,Takeaway
TXN_3431892,2023-07-18,2023,7,18,Cake,2.0,3.0,6.0,6.0,0.0,Não informado,In-store
TXN_5220527,2023-08-06,2023,8,6,Cookie,4.0,1.0,4.0,4.0,0.0,Digital Wallet,Takeaway
TXN_1205773,2023-01-27,2023,1,27,Salad,5.0,5.0,25.0,25.0,0.0,Cash,Não informado
TXN_3061405,2023-12-01,2023,12,1,Smoothie,5.0,4.0,20.0,20.0,0.0,Não informado,Takeaway
TXN_8696857,2023-10-01,2023,10,1,Coffee,1.0,2.0,2.0,2.0,0.0,Digital Wallet,Takeaway
TXN_9668265,2023-06-20,2023,6,20,Cookie,3.0,1.0,3.0,3.0,0.0,Credit Card,Não informado
TXN_7463102,2023-11-27,2023,11,27,Smoothie,5.0,4.0,20.0,20.0,0.0,Cash,Takeaway
TXN_4547294,2023-09-30,2023,9,30,Tea,1.0,1.5,1.5,1.5,0.0,Não informado,Não informado
TXN_8430882,2023-06-17,2023,6,17,Sandwich,2.0,4.0,8.0,8.0,0.0,Digital Wallet,Takeaway
TXN_9114647,2023-11-19,2023,11,19,Salad,5.0,5.0,25.0,25.0,0.0,Digital Wallet,In-store
TXN_5413433,2023-06-03,2023,6,3,Juice,4.0,3.0,12.0,12.0,0.0,Digital Wallet,In-store
TXN_9388222,2023-04-21,2023,4,21,Cookie,1.0,1.0,1.0,1.0,0.0,Digital Wallet,In-store
TXN_6618750,2023-03-07,2023,3,7,Smoothie,5.0,4.0,20.0,20.0,0.0,Credit Card,Não informado
TXN_6712087,2023-06-06,2023,6,6,Cake,2.0,3.0,6.0,6.0,0.0,Não informado,In-store
TXN_1862184,2023-01-21,2023,1,21,Coffee,4.0,2.0,8.0,8.0,0.0,Não informado,In-store
TXN_6149800,2023-05-05,2023,5,5,Sandwich,4.0,4.0,16.0,16.0,0.0,Digital Wallet,Não informado
TXN_6433525,2023-09-02,2023,9,2,Smoothie,2.0,4.0,8.0,8.0,0.0,Não informado,Não informado
TXN_2642834,2023-11-13,2023,11,13,Salad,2.0,5.0,10.0,10.0,0.0,Cash,Não informado
TXN_6745398,2023-02-28,2023,2,28,Tea,4.0,1.5,6.0,6.0,0.0,Não informado,Não informado
TXN_5660949,2023-01-10,2023,1,10,Cookie,3.0,1.0,3.0,3.0,0.0,Credit Card,In-store
TXN_9540340,2023-11-15,2023,11,15,Sandwich,2.0,4.0,8.0,8.0,0.0,Cash,Não informado
TXN_4118960,2023-09-24,2023,9,24,Smoothie,5.0,4.0,20.0,20.0,0.0,Credit Card,Takeaway
TXN_2265543,2023-02-19,2023,2,19,Salad,3.0,5.0,15.0,15.0,0.0,Não informado,Takeaway
TXN_7360979,2023-08-16,2023,8,16,Sandwich,1.0,4.0,,4.0,,Não informado,In-store
TXN_1849597,2023-11-01,2023,11,1,Sandwich,2.0,4.0,8.0,8.0,0.0,Cash,Não informado
TXN_3214521,2023-06-30,2023,6,30,Tea,4.0,1.5,6.0,6.0,0.0,Não informado,Não informado
TXN_5107249,2023-03-20,2023,3,20,Smoothie,4.0,4.0,16.0,16.0,0.0,Cash,Não informado
TXN_3228646,2023-09-19,2023,9,19,Cookie,5.0,1.0,5.0,5.0,0.0,Credit Card,Não informado
TXN_3717422,2023-06-15,2023,6,15,Salad,2.0,5.0,10.0,10.0,0.0,Cash,Não informado
TXN_5350735,2023-04-08,2023,4,8,Tea,2.0,1.5,3.0,3.0,0.0,Cash,Não informado
TXN_1128577,2023-11-23,2023,11,23,Sandwich,1.0,4.0,4.0,4.0,0.0,Digital Wallet,In-store
TXN_6533267,2023-07-14,2023,7,14,Tea,3.0,1.5,4.5,4.5,0.0,Cash,In-store
TXN_1413310,2023-04-06,2023,4,6,Smoothie,3.0,4.0,12.0,12.0,0.0,Não informado,Takeaway
TXN_5087453,2023-04-09,2023,4,9,Tea,3.0,1.5,4.5,4.5,0.0,Cash,Takeaway
TXN_4001774,2023-02-10,2023,2,10,Tea,5.0,1.5,7.5,7.5,0.0,Não informado,Takeaway
TXN_9627891,2023-01-09,2023,1,9,Coffee,2.0,2.0,4.0,4.0,0.0,Credit Card,In-store
TXN_5584275,2023-07-10,2023,7,10,Smoothie,1.0,4.0,4.0,4.0,0.0,Credit Card,In-store
TXN_1873800,2023-02-01,2023,2,1,Smoothie,3.0,4.0,12.0,12.0,0.0,Não informado,In-store
TXN_3602823,2023-08-26,2023,8,26,Coffee,4.0,2.0,8.0,8.0,0.0,Não informado,Não informado
TXN_5528426,2023-06-01,2023,6,1,Smoothie,4.0,4.0,16.0,16.0,0.0,Cash,Takeaway
TXN_4432546,2023-11-29,2023,11,29,Coffee,2.0,2.0,4.0,4.0,0.0,Digital Wallet,Não informado
TXN_6372031,2023-08-11,2023,8,11,Juice,3.0,3.0,9.0,9.0,0.0,Digital Wallet,In-store
TXN_6874059,2023-01-12,2023,1,12,Salad,4.0,5.0,20.0,20.0,0.0,Não informado,Takeaway
TXN_3843111,2023-09-15,2023,9,15,Smoothie,2.0,4.0,8.0,8.0,0.0,Não informado,Não informado
TXN_8916446,2023-07-19,2023,7,19,Cookie,2.0,1.0,2.0,2.0,0.0,Cash,Não informado
TXN_1823906,2023-06-26,2023,6,26,Salad,3.0,5.0,15.0,15.0,0.0,Digital Wallet,In-store
TXN_7484638,2023-10-17,2023,10,17,Sandwich,3.0,4.0,12.0,12.0,0.0,Digital Wallet,In-store
TXN_1610137,2023-04-02,2023,4,2,Coffee,3.0,2.0,6.0,6.0,0.0,Cash,Takeaway
TXN_9094628,2023-02-13,2023,2,13,Coffee,2.0,2.0,4.0,4.0,0.0,Não informado,In-store
TXN_2262195,2023-10-13,2023,10,13,Smoothie,3.0,4.0,12.0,12.0,0.0,Cash,Não informado
TXN_8047234,2023-08-29,2023,8,29,Juice,3.0,3.0,,9.0,,Credit Card,Não informado
TXN_7108012,2023-12-31,2023,12,31,Tea,1.0,1.5,1.5,1.5,0.0,Digital Wallet,Takeaway
TXN_3272946,2023-09-06,2023,9,6,Salad,3.0,5.0,15.0,15.0,0.0,Credit Card,In-store
TXN_6896663,2023-05-16,2023,5,16,Cake,3.0,3.0,9.0,9.0,0.0,Não informado,In-store
TXN_7308096,2023-08-13,2023,8,13,Tea,2.0,1.5,3.0,3.0,0.0,Cash,Takeaway
TXN_3607778,2023-11-20,2023,11,20,Smoothie,2.0,4.0,8.0,8.0,0.0,Cash,Não informado
TXN_7105069,2023-12-06,2023,12,6,Coffee,1.0,2.0,,2.0,,Cash,Takeaway
TXN_7461544,2023-08-22,2023,8,22,Cookie,4.0,1.0,4.0,4.0,0.0,Credit Card,Não informado
TXN_5853281,2023-08-29,2023,8,29,Coffee,4.0,2.0,8.0,8.0,0.0,Não informado,Não informado
TXN_5488764,2023-06-30,2023,6,30,Coffee,4.0,2.0,8.0,8.0,0.0,Digital Wallet,Takeaway
TXN_4268746,2023-01-12,2023,1,12,Cake,5.0,3.0,15.0,15.0,0.0,Credit Card,In-store
TXN_1767872,2023-01-05,2023,1,5,Salad,2.0,5.0,10.0,10.0,0.0,Credit Card,In-store
TXN_9684822,2023-11-18,2023,11,18,Juice,1.0,3.0,3.0,3.0,0.0,Não informado,Não informado
TXN_7208983,2023-09-28,2023,9,28,Salad,1.0,5.0,5.0,5.0,0.0,Digital Wallet,In-store
TXN_8704128,2023-02-25,2023,2,25,Juice,5.0,3.0,15.0,15.0,0.0,Não informado,Não informado
TXN_7971660,2023-10-02,2023,10,2,Cookie,3.0,1.0,3.0,3.0,0.0,Cash,Takeaway
TXN_6179190,2023-07-23,2023,7,23,Coffee,1.0,2.0,2.0,2.0,0.0,Não informado,Takeaway
TXN_9271577,2023-04-13,2023,4,13,Cake,2.0,3.0,6.0,6.0,0.0,Credit Card,In-store
TXN_6440555,2023-07-11,2023,7,11,Smoothie,1.0,4.0,4.0,4.0,0.0,Cash,In-store
TXN_9839214,2023-12-25,2023,12,25,Juice,1.0,3.0,3.0,3.0,0.0,Digital Wallet,Não informado
TXN_7368194,2023-10-29,2023,10,29,Smoothie,2.0,4.0,8.0,8.0,0.0,Credit Card,In-store
TXN_1328230,2023-02-03,2023,2,3,Sandwich,5.0,4.0,20.0,20.0,0.0,Cash,Não informado
TXN_9789310,2023-05-09,2023,5,9,Sandwich,4.0,4.0,16.0,16.0,0.0,Credit Card,In-store
TXN_6425706,2023-12-09,2023,12,9,Juice,1.0,3.0,3.0,3.0,0.0,Não informado,Takeaway
TXN_5996973,2023-05-02,2023,5,2,Sandwich,5.0,4.0,20.0,20.0,0.0,Não informado,In-store
TXN_2561970,2023-03-16,2023,3,16,Sandwich,3.0,4.0,12.0,12.0,0.0,Não informado,In-store
TXN_7137256,2023-06-22,2023,6,22,Sandwich,2.0,4.0,,8.0,,Cash,Não informado
TXN_5926982,2023-05-16,2023,5,16,Coffee,4.0,2.0,8.0,8.0,0.0,Não informado,Takeaway
TXN_3398611,2023-10-01,2023,10,1,Sandwich,5.0,4.0,20.0,20.0,0.0,Cash,Não informado
TXN_4539758,2023-06-01,2023,6,1,Sandwich,3.0,4.0,12.0,12.0,0.0,Não informado,In-store
TXN_6259087,2023-12-27,2023,12,27,Sandwich,2.0,4.0,8.0,8.0,0.0,Digital Wallet,In-store
TXN_2987590,2023-02-17,2023,2,17,Sandwich,5.0,4.0,20.0,20.0,0.0,Não informado,In-store
TXN_1199898,2023-10-26,2023,10,26,Smoothie,1.0,4.0,4.0,4.0,0.0,Credit Card,Não informado
TXN_4787990,2023-02-04,2023,2,4,Cookie,3.0,1.0,3.0,3.0,0.0,Digital Wallet,Não informado
TXN_9606045,2023-10-14,2023,10,14,Tea,2.0,1.5,3.0,3.0,0.0,Digital Wallet,Não informado
TXN_1569248,2023-11-14,2023,11,14,Tea,1.0,1.5,1.5,1.5,0.0,Credit Card,Não informado
TXN_1151605,2023-05-02,2023,5,2,Coffee,1.0,2.0,2.0,2.0,0.0,Digital Wallet,Takeaway
TXN_4602430,2023-01-31,2023,1,31,Sandwich,3.0,4.0,12.0,12.0,0.0,Credit Card,In-store
TXN_3232043,2023-07-05,2023,7,5,Tea,2.0,1.5,3.0,3.0,0.0,Não informado,In-store
TXN_3251340,2023-06-18,2023,6,18,Salad,4.0,5.0,20.0,20.0,0.0,Não informado,In-store
TXN_7412782,2023-03-28,2023,3,28,Cookie,2.0,1.0,2.0,2.0,0.0,Digital Wallet,Takeaway
TXN_5570967,2023-12-12,2023,12,12,Coffee,1.0,2.0,2.0,2.0,0.0,Credit Card,In-store
TXN_8271541,2023-09-07,2023,9,7,Smoothie,2.0,4.0,8.0,8.0,0.0,Não informado,Não informado
TXN_2564718,2023-10-10,2023,10,10,Salad,5.0,5.0,25.0,25.0,0.0,Não informado,Takeaway
TXN_6533450,2023-11-22,2023,11,22,Smoothie,1.0,4.0,4.0,4.0,0.0,Não informado,In-store
TXN_8046891,2023-02-24,2023,2,24,Coffee,1.0,2.0,2.0,2.0,0.0,Credit Card,Takeaway
TXN_7770487,2023-08-09,2023,8,9,Smoothie,1.0,4.0,4.0,4.0,0.0,Cash,In-store
TXN_9943050,2023-05-16,2023,5,16,Tea,1.0,1.5,1.5,1.5,0.0,Digital Wallet,Takeaway
TXN_2694605,2023-11-09,2023,11,9,Cookie,2.0,1.0,2.0,2.0,0.0,Credit Card,Takeaway
TXN_2161957,2023-05-19,2023,5,19,Cookie,2.0,1.0,2.0,2.0,0.0,Não informado,Takeaway
TXN_3647474,2023-05-05,2023,5,5,Coffee,4.0,2.0,8.0,8.0,0.0,Não informado,Takeaway
TXN_1927704,2023-01-05,2023,1,5,Salad,2.0,5.0,10.0,10.0,0.0,Digital Wallet,In-store
TXN_8076152,2023-12-18,2023,12,18,Tea,4.0,1.5,6.0,6.0,0.0,Digital Wallet,Não informado
TXN_1929398,2023-02-23,2023,2,23,Sandwich,1.0,4.0,4.0,4.0,0.0,Digital Wallet,In-store
TXN_2131494,2023-02-27,2023,2,27,Salad,2.0,5.0,10.0,10.0,0.0,Cash,Não informado
TXN_3093284,2023-01-01,2023,1,1,Coffee,4.0,2.0,8.0,8.0,0.0,Digital Wallet,In-store
TXN_3679245,2023-09-16,2023,9,16,Smoothie,4.0,4.0,16.0,16.0,0.0,Não informado,In-store
TXN_2276426,2023-10-21,2023,10,21,Juice,5.0,3.0,15.0,15.0,0.0,Credit Card,In-store
TXN_9608095,2023-12-07,2023,12,7,Coffee,1.0,2.0,2.0,2.0,0.0,Credit Card,In-store
TXN_9587704,2023-07-29,2023,7,29,Juice,5.0,3.0,15.0,15.0,0.0,Cash,Takeaway
TXN_2372348,2023-01-05,2023,1,5,Cake,2.0,3.0,6.0,6.0,0.0,Digital Wallet,Takeaway
TXN_3386311,2023-11-30,2023,11,30,Juice,1.0,3.0,3.0,3.0,0.0,Cash,In-store
TXN_4112230,2023-11-19,2023,11,19,Smoothie,5.0,4.0,20.0,20.0,0.0,Não informado,Takeaway
TXN_1675510,2023-09-09,2023,9,9,Sandwich,3.0,4.0,12.0,12.0,0.0,Não informado,Não informado
TXN_4187673,2023-04-02,2023,4,2,Juice,2.0,3.0,6.0,6.0,0.0,Digital Wallet,Não informado
TXN_3017494,2023-11-21,2023,11,21,Tea,1.0,1.5,1.5,1.5,0.0,Não informado,Takeaway
TXN_5729112,2023-06-30,2023,6,30,Coffee,1.0,2.0,2.0,2.0,0.0,Credit Card,Não informado
TXN_4613595,2023-07-07,2023,7,7,Salad,3.0,5.0,15.0,15.0,0.0,Credit Card,Takeaway
TXN_4152991,2023-12-17,2023,12,17,Sandwich,5.0,4.0,20.0,20.0,0.0,Digital Wallet,Takeaway
TXN_1196324,2023-09-26,2023,9,26,Tea,4.0,1.5,6.0,6.0,0.0,Credit Card,In-store
TXN_5944318,2023-01-23,2023,1,23,Cookie,1.0,1.0,1.0,1.0,0.0,Cash,Não informado
TXN_5148823,2023-03-27,2023,3,27,Juice,1.0,3.0,3.0,3.0,0.0,Digital Wallet,Não informado
TXN_7312736,2023-12-02,2023,12,2,Cookie,2.0,1.0,2.0,2.0,0.0,Digital Wallet,Não informado
TXN_4442095,2023-02-18,2023,2,18,Salad,4.0,5.0,20.0,20.0,0.0,Digital Wallet,Não informado
TXN_6621007,2023-03-05,2023,3,5,Cake,2.0,3.0,6.0,6.0,0.0,Digital Wallet,Takeaway
TXN_6740691,2023-07-06,2023,7,6,Tea,1.0,1.5,1.5,1.5,0.0,Cash,Não informado
TXN_4359568,2023-12-21,2023,12,21,Coffee,3.0,2.0,6.0,6.0,0.0,Não informado,Não informado
TXN_3941164,2023-04-16,2023,4,16,Coffee,4.0,2.0,8.0,8.0,0.0,Não informado,Não informado
TXN_8181326,2023-02-28,2023,2,28,Tea,5.0,1.5,7.5,7.5,0.0,Cash,Não informado
TXN_8912589,2023-10-19,2023,10,19,Smoothie,3.0,4.0,12.0,12.0,0.0,Cash,Não informado
TXN_1234390,2023-06-02,2023,6,2,Cake,2.0,3.0,6.0,6.0,0.0,Digital Wallet,Takeaway
TXN_5336437,2023-05-07,2023,5,7,Tea,5.0,1.5,7.5,7.5,0.0,Credit Card,Não informado
TXN_6271633,2023-03-07,2023,3,7,Juice,2.0,3.0,6.0,6.0,0.0,Digital Wallet,In-store
TXN_4805204,2023-04-25,2023,4,25,Tea,5.0,1.5,7.5,7.5,0.0,Digital Wallet,In-store
TXN_3094786,2023-01-16,2023,1,16,Sandwich,4.0,4.0,16.0,16.0,0.0,Credit Card,Takeaway
TXN_4807049,2023-06-07,2023,6,7,Cookie,1.0,1.0,1.0,1.0,0.0,Credit Card,Não informado
TXN_1840584,2023-05-28,2023,5,28,Cake,5.0,3.0,15.0,15.0,0.0,Digital Wallet,Não informado
TXN_8030379,2023-07-21,2023,7,21,Salad,4.0,5.0,20.0,20.0,0.0,Cash,In-store
TXN_7746634,2023-07-04,2023,7,4,Cake,5.0,3.0,15.0,15.0,0.0,Digital Wallet,In-store
TXN_2361290,2023-07-16,2023,7,16,Salad,4.0,5.0,20.0,20.0,0.0,Cash,Não informado
TXN_8659963,2023-01-21,2023,1,21,Cake,4.0,3.0,12.0,12.0,0.0,Cash,Takeaway
TXN_3676131,2023-09-11,2023,9,11,Coffee,3.0,2.0,6.0,6.0,0.0,Não informado,Não informado
TXN_2935758,2023-09-03,2023,9,3,Smoothie,1.0,4.0,4.0,4.0,0.0,Credit Card,In-store
TXN_1711730,2023-06-01,2023,6,1,Juice,5.0,3.0,15.0,15.0,0.0,Não informado,Takeaway
TXN_5360210,2023-06-29,2023,6,29,Tea,5.0,1.5,7.5,7.5,0.0,Cash,Takeaway
TXN_7970325,2023-03-13,2023,3,13,Cake,2.0,3.0,6.0,6.0,0.0,Não informado,Takeaway
TXN_8521037,2023-11-21,2023,11,21,Sandwich,1.0,4.0,4.0,4.0,0.0,Não informado,In-store
TXN_5473680,2023-12-24,2023,12,24,Coffee,3.0,2.0,6.0,6.0,0.0,Credit Card,Takeaway
TXN_6677631,2023-12-14,2023,12,14,Tea,5.0,1.5,7.5,7.5,0.0,Digital Wallet,In-store
TXN_9775900,2023-08-29,2023,8,29,Juice,4.0,3.0,12.0,12.0,0.0,Digital Wallet,In-store
TXN_2408143,2023-11-15,2023,11,15,Coffee,2.0,2.0,4.0,4.0,0.0,Digital Wallet,Não informado
TXN_6383779,2023-11-29,2023,11,29,Coffee,1.0,2.0,2.0,2.0,0.0,Não informado,Não informado
TXN_1342359,2023-07-14,2023,7,14,Cake,4.0,3.0,12.0,12.0,0.0,Cash,Takeaway
TXN_6975499,2023-07-03,2023,7,3,Coffee,1.0,2.0,,2.0,,Digital Wallet,In-store
TXN_9861083,2023-01-21,2023,1,21,Sandwich,5.0,4.0,20.0,20.0,0.0,Credit Card,In-store
TXN_3762778,2023-06-14,2023,6,14,Coffee,5.0,2.0,10.0,10.0,0.0,Não informado,Não informado
TXN_4548698,2023-03-04,2023,3,4,Salad,2.0,5.0,10.0,10.0,0.0,Cash,Takeaway
TXN_8735820,2023-12-08,2023,12,8,Tea,2.0,1.5,3.0,3.0,0.0,Credit Card,Takeaway
TXN_8803798,2023-07-14,2023,7,14,Smoothie,4.0,4.0,16.0,16.0,0.0,Não informado,Não informado
TXN_1950008,2023-07-24,2023,7,24,Smoothie,4.0,4.0,16.0,16.0,0.0,Digital Wallet,In-store
TXN_3894173,2023-10-07,2023,10,7,Sandwich,5.0,4.0,20.0,20.0,0.0,Digital Wallet,Takeaway
TXN_5929797,2023-05-12,2023,5,12,Sandwich,1.0,4.0,4.0,4.0,0.0,Credit Card,In-store
TXN_1228927,2023-11-28,2023,11,28,Tea,2.0,1.5,3.0,3.0,0.0,Credit Card,Não informado
TXN_6486912,2023-05-10,2023,5,10,Tea,2.0,1.5,3.0,3.0,0.0,Não informado,Não informado
TXN_3447069,2023-03-11,2023,3,11,Juice,2.0,3.0,6.0,6.0,0.0,Credit Card,Não informado
TXN_8219298,2023-09-01,2023,9,1,Juice,5.0,3.0,15.0,15.0,0.0,Credit Card,Não informado
TXN_6376329,2023-03-30,2023,3,30,Cake,1.0,3.0,3.0,3.0,0.0,Não informado,Takeaway
TXN_1897783,2023-02-02,2023,2,2,Smoothie,3.0,4.0,12.0,12.0,0.0,Cash,Não informado
TXN_2767034,2023-08-12,2023,8,12,Salad,4.0,5.0,20.0,20.0,0.0,Cash,Não informado
TXN_9365766,2023-02-13,2023,2,13,Cake,4.0,3.0,12.0,12.0,0.0,Digital Wallet,In-store
TXN_5680396,2023-12-21,2023,12,21,Sandwich,2.0,4.0,8.0,8.0,0.0,Digital Wallet,Não informado
TXN_6205234,2023-04-09,2023,4,9,Cake,5.0,3.0,15.0,15.0,0.0,Digital Wallet,Não informado
TXN_4489757,2023-05-03,2023,5,3,Smoothie,5.0,4.0,20.0,20.0,0.0,Credit Card,Não informado
TXN_8362750,2023-04-01,2023,4,1,Salad,4.0,5.0,20.0,20.0,0.0,Não informado,In-store
TXN_2422584,2023-11-28,2023,11,28,Tea,1.0,1.5,1.5,1.5,0.0,Cash,In-store
TXN_3966911,2023-07-16,2023,7,16,Tea,3.0,1.5,4.5,4.5,0.0,Credit Card,Não informado
TXN_6880338,2023-11-06,2023,11,6,Cake,3.0,3.0,9.0,9.0,0.0,Digital Wallet,Takeaway
TXN_9362958,2023-07-19,2023,7,19,Juice,1.0,3.0,3.0,3.0,0.0,Cash,In-store
TXN_4032956,2023-03-15,2023,3,15,Coffee,5.0,2.0,10.0,10.0,0.0,Credit Card,Não informado
TXN_7894069,2023-11-20,2023,11,20,Juice,2.0,3.0,6.0,6.0,0.0,Digital Wallet,In-store
TXN_5296578,2023-04-15,2023,4,15,Coffee,1.0,2.0,2.0,2.0,0.0,Credit Card,Takeaway
TXN_8211303,2023-08-26,2023,8,26,Salad,5.0,5.0,25.0,25.0,0.0,Não informado,Não informado
TXN_8472252,2023-02-04,2023,2,4,Smoothie,1.0,4.0,4.0,4.0,0.0,Não informado,Não informado
TXN_2435025,2023-10-08,2023,10,8,Juice,1.0,3.0,3.0,3.0,0.0,Cash,In-store
TXN_5179156,2023-10-25,2023,10,25,Coffee,5.0,2.0,10.0,10.0,0.0,Não informado,In-store
TXN_4197090,2023-11-17,2023,11,17,Juice,3.0,3.0,9.0,9.0,0.0,Credit Card,Takeaway
TXN_1777171,2023-08-17,2023,8,17,Coffee,2.0,2.0,4.0,4.0,0.0,Não informado,In-store
TXN_5706734,2023-09-09,2023,9,9,Juice,1.0,3.0,3.0,3.0,0.0,Cash,Não informado
TXN_6228847,2023-01-13,2023,1,13,Smoothie,3.0,4.0,12.0,12.0,0.0,Cash,Não informado
TXN_6479368,2023-09-08,2023,9,8,Smoothie,2.0,4.0,8.0,8.0,0.0,Credit Card,Takeaway
TXN_6991528,2023-08-17,2023,8,17,Cookie,3.0,1.0,3.0,3.0,0.0,Digital Wallet,Takeaway
TXN_2154866,2023-08-11,2023,8,11,Tea,2.0,1.5,3.0,3.0,0.0,Credit Card,Takeaway
TXN_1333524,2023-05-05,2023,5,5,Cake,2.0,3.0,6.0,6.0,0.0,Credit Card,Não informado
TXN_8903514,2023-09-14,2023,9,14,Salad,4.0,5.0,20.0,20.0,0.0,Não informado,Takeaway
TXN_5762828,2023-03-23,2023,3,23,Tea,2.0,1.5,3.0,3.0,0.0,Digital Wallet,Não informado
TXN_2099497,2023-02-27,2023,2,27,Juice,1.0,3.0,3.0,3.0,0.0,Não informado,Takeaway
TXN_5679935,2023-07-19,2023,7,19,Coffee,2.0,2.0,4.0,4.0,0.0,Credit Card,Não informado
TXN_5236861,2023-10-27,2023,10,27,Coffee,4.0,2.0,8.0,8.0,0.0,Cash,Takeaway
TXN_9433035,2023-03-26,2023,3,26,Sandwich,1.0,4.0,4.0,4.0,0.0,Cash,In-store
TXN_4239051,2023-09-30,2023,9,30,Juice,2.0,3.0,6.0,6.0,0.0,Cash,Não informado
TXN_2970600,2023-08-18,2023,8,18,Salad,1.0,5.0,5.0,5.0,0.0,Credit Card,In-store
TXN_6226412,2023-03-20,2023,3,20,Juice,3.0,3.0,9.0,9.0,0.0,Não informado,Takeaway
TXN_2571835,2023-03-03,2023,3,3,Salad,3.0,5.0,15.0,15.0,0.0,Não informado,In-store
TXN_3984842,2023-03-22,2023,3,22,Tea,4.0,1.5,6.0,6.0,0.0,Credit Card,Takeaway
TXN_1191068,2023-05-19,2023,5,19,Salad,1.0,5.0,5.0,5.0,0.0,Não informado,Não informado
TXN_2897727,2023-02-15,2023,2,15,Smoothie,5.0,4.0,20.0,20.0,0.0,Credit Card,Takeaway
TXN_3801179,2023-12-07,2023,12,7,Juice,2.0,3.0,6.0,6.0,0.0,Cash,In-store
TXN_7116267,2023-07-29,2023,7,29,Smoothie,4.0,4.0,16.0,16.0,0.0,Não informado,Não informado
TXN_9878237,2023-10-06,2023,10,6,Cake,1.0,3.0,,3.0,,Credit Card,Não informado
TXN_2153838,2023-12-19,2023,12,19,Tea,4.0,1.5,,6.0,,Digital Wallet,In-store
TXN_7835785,2023-10-12,2023,10,12,Salad,1.0,5.0,5.0,5.0,0.0,Cash,In-store
TXN_5335079,2023-02-20,2023,2,20,Cake,1.0,3.0,3.0,3.0,0.0,Cash,In-store
TXN_2174821,2023-11-08,2023,11,8,Coffee,1.0,2.0,2.0,2.0,0.0,Não informado,Não informado
TXN_5951573,2023-12-22,2023,12,22,Salad,3.0,5.0,15.0,15.0,0.0,Cash,Não informado
TXN_4612146,2023-12-31,2023,12,31,Cake,3.0,3.0,9.0,9.0,0.0,Cash,Não informado
TXN_7954368,2023-10-06,2023,10,6,Cake,3.0,3.0,9.0,9.0,0.0,Credit Card,Não informado
TXN_7898391,2023-02-26,2023,2,26,Salad,4.0,5.0,20.0,20.0,0.0,Credit Card,Não informado
TXN_5746800,2023-07-04,2023,7,4,Coffee,4.0,2.0,8.0,8.0,0.0,Credit Card,Takeaway
TXN_4630658,2023-07-10,2023,7,10,Smoothie,1.0,4.0,4.0,4.0,0.0,Cash,Takeaway
TXN_6096492,2023-12-23,2023,12,23,Sandwich,5.0,4.0,20.0,20.0,0.0,Não informado,Takeaway
TXN_8918905,2023-06-05,2023,6,5,Cookie,5.0,1.0,5.0,5.0,0.0,Digital Wallet,In-store
TXN_5906365,2023-03-13,2023,3,13,Cookie,1.0,1.0,1.0,1.0,0.0,Não informado,Não informado
TXN_3956062,2023-06-04,2023,6,4,Coffee,3.0,2.0,6.0,6.0,0.0,Não informado,Takeaway
TXN_6610487,2023-09-18,2023,9,18,Coffee,5.0,2.0,10.0,10.0,0.0,Digital Wallet,Takeaway
TXN_7821658,2023-09-03,2023,9,3,Coffee,5.0,2.0,10.0,10.0,0.0,Não informado,In-store
TXN_6396940,2023-02-26,2023,2,26,Cookie,2.0,1.0,2.0,2.0,0.0,Credit Card,Takeaway
TXN_2556368,2023-10-26,2023,10,26,Smoothie,1.0,4.0,4.0,4.0,0.0,Digital Wallet,Não informado
TXN_7655838,2023-01-22,2023,1,22,Juice,3.0,3.0,9.0,9.0,0.0,Digital Wallet,Não informado
TXN_2807590,2023-09-05,2023,9,5,Smoothie,4.0,4.0,16.0,16.0,0.0,Cash,Takeaway
TXN_5381129,2023-04-20,2023,4,20,Cookie,5.0,1.0,5.0,5.0,0.0,Não informado,Não informado
TXN_1474329,2023-03-02,2023,3,2,Smoothie,2.0,4.0,8.0,8.0,0.0,Digital Wallet,Takeaway
TXN_5935394,2023-04-16,2023,4,16,Coffee,4.0,2.0,8.0,8.0,0.0,Digital Wallet,Não informado
TXN_1488458,2023-08-21,2023,8,21,Coffee,4.0,2.0,8.0,8.0,0.0,Não informado,Não informado
TXN_7964661,2023-04-01,2023,4,1,Cake,3.0,3.0,9.0,9.0,0.0,Cash,Não informado
TXN_2798736,2023-01-15,2023,1,15,Sandwich,2.0,4.0,8.0,8.0,0.0,Digital Wallet,In-store
TXN_5007051,2023-12-26,2023,12,26,Salad,2.0,5.0,10.0,10.0,0.0,Digital Wallet,Não informado
TXN_2325141,2023-08-26,2023,8,26,Tea,3.0,1.5,4.5,4.5,0.0,Digital Wallet,Não informado
TXN_1489194,2023-07-18,2023,7,18,Coffee,3.0,2.0,6.0,6.0,0.0,Digital Wallet,Takeaway
TXN_9531201,2023-05-28,2023,5,28,Sandwich,2.0,4.0,8.0,8.0,0.0,Não informado,Não informado
TXN_7627772,2023-10-22,2023,10,22,Sandwich,4.0,4.0,16.0,16.0,0.0,Credit Card,Takeaway
TXN_4349970,2023-05-25,2023,5,25,Cookie,5.0,1.0,5.0,5.0,0.0,Não informado,In-store
TXN_3936883,2023-09-08,2023,9,8,Coffee,2.0,2.0,4.0,4.0,0.0,Digital Wallet,In-store
TXN_1817275,2023-09-02,2023,9,2,Salad,2.0,5.0,10.0,10.0,0.0,Cash,In-store
TXN_8018272,2023-03-01,2023,3,1,Smoothie,4.0,4.0,,16.0,,Não informado,Não informado
TXN_3617989,2023-09-29,2023,9,29,Sandwich,3.0,4.0,12.0,12.0,0.0,Credit Card,Takeaway
TXN_1566564,2023-09-08,2023,9,8,Cookie,3.0,1.0,3.0,3.0,0.0,Credit Card,Takeaway
TXN_5170047,2023-12-15,2023,12,15,Salad,4.0,5.0,20.0,20.0,0.0,Cash,Não informado
TXN_6513163,2023-04-01,2023,4,1,Cake,2.0,3.0,6.0,6.0,0.0,Digital Wallet,Takeaway
TXN_7014478,2023-04-26,2023,4,26,Smoothie,5.0,4.0,20.0,20.0,0.0,Cash,Não informado
TXN_9929732,2023-10-04,2023,10,4,Sandwich,4.0,4.0,16.0,16.0,0.0,Credit Card,Não informado
TXN_2346362,2023-12-30,2023,12,30,Juice,4.0,3.0,12.0,12.0,0.0,Não informado,In-store
TXN_9039882,2023-08-31,2023,8,31,Smoothie,4.0,4.0,16.0,16.0,0.0,Não informado,In-store
TXN_7440057,2023-07-05,2023,7,5,Juice,1.0,3.0,3.0,3.0,0.0,Credit Card,Não informado
TXN_9894831,2023-07-05,2023,7,5,Cake,5.0,3.0,15.0,15.0,0.0,Não informado,Não informado
TXN_2911863,2023-07-09,2023,7,9,Sandwich,2.0,4.0,8.0,8.0,0.0,Credit Card,Takeaway
TXN_1991987,2023-10-22,2023,10,22,Cake,3.0,3.0,9.0,9.0,0.0,Credit Card,In-store
TXN_7232524,2023-12-23,2023,12,23,Cookie,3.0,1.0,3.0,3.0,0.0,Cash,In-store
TXN_7476348,2023-10-09,2023,10,9,Coffee,2.0,2.0,4.0,4.0,0.0,Não informado,In-store
TXN_4165923,2023-03-14,2023,3,14,Sandwich,3.0,4.0,12.0,12.0,0.0,Não informado,Takeaway
TXN_1467367,2023-02-18,2023,2,18,Sandwich,3.0,4.0,12.0,12.0,0.0,Não informado,Não informado
TXN_4234636,2023-01-30,2023,1,30,Smoothie,1.0,4.0,,4.0,,Credit Card,In-store
TXN_4750383,2023-06-30,2023,6,30,Coffee,2.0,2.0,4.0,4.0,0.0,Cash,Não informado
TXN_1701465,2023-06-15,2023,6,15,Cake,1.0,3.0,3.0,3.0,0.0,Cash,Não informado
TXN_8941409,2023-11-12,2023,11,12,Cake,3.0,3.0,9.0,9.0,0.0,Não informado,Não informado
TXN_2480488,2023-03-01,2023,3,1,Juice,2.0,3.0,6.0,6.0,0.0,Cash,Takeaway
TXN_6158834,2023-09-23,2023,9,23,Coffee,2.0,2.0,4.0,4.0,0.0,Credit Card,Não informado
TXN_9773646,2023-04-01,2023,4,1,Cake,4.0,3.0,,12.0,,Credit Card,Takeaway
TXN_1442096,2023-06-27,2023,6,27,Cookie,3.0,1.0,3.0,3.0,0.0,Credit Card,In-store
TXN_2337888,2023-02-10,2023,2,10,Coffee,1.0,2.0,2.0,2.0,0.0,Credit Card,In-store
TXN_8297751,2023-04-08,2023,4,8,Salad,3.0,5.0,15.0,15.0,0.0,Cash,Takeaway
TXN_9675838,2023-02-06,2023,2,6,Cake,2.0,3.0,6.0,6.0,0.0,Digital Wallet,Não informado
TXN_9241048,2023-08-27,2023,8,27,Cake,4.0,3.0,12.0,12.0,0.0,Credit Card,In-store
TXN_1978687,2023-12-13,2023,12,13,Juice,2.0,3.0,6.0,6.0,0.0,Não informado,Não informado
TXN_7548260,2023-02-27,2023,2,27,Juice,2.0,3.0,6.0,6.0,0.0,Cash,Takeaway
TXN_7047040,2023-02-16,2023,2,16,Salad,2.0,5.0,10.0,10.0,0.0,Não informado,Não informado
TXN_1234907,2023-05-02,2023,5,2,Juice,1.0,3.0,3.0,3.0,0.0,Credit Card,In-store
TXN_8821839,2023-11-11,2023,11,11,Sandwich,5.0,4.0,20.0,20.0,0.0,Não informado,Takeaway
TXN_7543765,2023-10-26,2023,10,26,Cake,1.0,3.0,3.0,3.0,0.0,Não informado,Não informado
TXN_7317475,2023-06-21,2023,6,21,Salad,4.0,5.0,20.0,20.0,0.0,Cash,Takeaway
TXN_9786525,2023-02-19,2023,2,19,Cake,5.0,3.0,15.0,15.0,0.0,Não informado,Takeaway
TXN_9874256,2023-02-17,2023,2,17,Juice,3.0,3.0,9.0,9.0,0.0,Não informado,Não informado
TXN_3120637,2023-08-11,2023,8,11,Sandwich,3.0,4.0,12.0,12.0,0.0,Não informado,Takeaway
TXN_6754546,2023-02-19,2023,2,19,Cake,3.0,3.0,9.0,9.0,0.0,Não informado,Não informado
TXN_1317114,2023-11-06,2023,11,6,Cookie,2.0,1.0,2.0,2.0,0.0,Digital Wallet,Takeaway
TXN_8046087,2023-04-15,2023,4,15,Cake,2.0,3.0,6.0,6.0,0.0,Não informado,Takeaway
TXN_6655017,2023-12-04,2023,12,4,Smoothie,4.0,4.0,16.0,16.0,0.0,Cash,Takeaway
TXN_7478306,2023-06-14,2023,6,14,Tea,2.0,1.5,3.0,3.0,0.0,Digital Wallet,In-store
TXN_3163567,2023-06-01,2023,6,1,Salad,2.0,5.0,,10.0,,Digital Wallet,Takeaway
TXN_6420900,2023-09-18,2023,9,18,Tea,3.0,1.5,4.5,4.5,0.0,Não informado,Não informado
TXN_3954378,2023-08-21,2023,8,21,Tea,4.0,1.5,6.0,6.0,0.0,Cash,Não informado
TXN_5138053,2023-02-16,2023,2,16,Sandwich,5.0,4.0,20.0,20.0,0.0,Não informado,Takeaway
TXN_4224350,2023-07-09,2023,7,9,Tea,2.0,1.5,3.0,3.0,0.0,Não informado,In-store
TXN_7763212,2023-01-10,2023,1,10,Sandwich,1.0,4.0,4.0,4.0,0.0,Credit Card,Não informado
TXN_6889357,2023-03-08,2023,3,8,Salad,1.0,5.0,5.0,5.0,0.0,Cash,Takeaway
TXN_8565218,2023-05-03,2023,5,3,Cake,1.0,3.0,3.0,3.0,0.0,Digital Wallet,Não informado
TXN_8235675,2023-08-08,2023,8,8,Tea,1.0,1.5,1.5,1.5,0.0,Credit Card,Não informado
TXN_6323915,2023-02-09,2023,2,9,Tea,3.0,1.5,,4.5,,Credit Card,In-store
TXN_3232227,2023-03-30,2023,3,30,Cookie,4.0,1.0,4.0,4.0,0.0,Não informado,Takeaway
TXN_2931403,2023-05-29,2023,5,29,Juice,2.0,3.0,6.0,6.0,0.0,Credit Card,In-store
TXN_8036247,2023-09-29,2023,9,29,Coffee,1.0,2.0,2.0,2.0,0.0,Credit Card,Takeaway
TXN_4143264,2023-08-17,2023,8,17,Salad,1.0,5.0,5.0,5.0,0.0,Credit Card,Takeaway
TXN_3709117,2023-02-04,2023,2,4,Smoothie,5.0,4.0,,20.0,,Cash,Não informado
TXN_5124519,2023-09-07,2023,9,7,Smoothie,3.0,4.0,12.0,12.0,0.0,Credit Card,In-store
TXN_1529845,2023-01-25,2023,1,25,Juice,3.0,3.0,9.0,9.0,0.0,Credit Card,In-store
TXN_4615245,2023-04-26,2023,4,26,Sandwich,4.0,4.0,16.0,16.0,0.0,Não informado,Não informado
TXN_1464694,2023-07-23,2023,7,23,Sandwich,1.0,4.0,,4.0,,Não informado,In-store
TXN_2674372,2023-11-14,2023,11,14,Cookie,4.0,1.0,4.0,4.0,0.0,Credit Card,Takeaway
TXN_7215900,2023-08-26,2023,8,26,Coffee,3.0,2.0,6.0,6.0,0.0,Cash,Takeaway
TXN_6622980,2023-09-26,2023,9,26,Salad,4.0,5.0,20.0,20.0,0.0,Digital Wallet,Takeaway
TXN_5744026,2023-04-03,2023,4,3,Salad,4.0,5.0,20.0,20.0,0.0,Não informado,Não informado
TXN_1759314,2023-08-23,2023,8,23,Salad,5.0,5.0,25.0,25.0,0.0,Não informado,Não informado
TXN_2050630,2023-01-18,2023,1,18,Cookie,3.0,1.0,3.0,3.0,0.0,Não informado,Takeaway
TXN_3447575,2023-01-17,2023,1,17,Sandwich,4.0,4.0,,16.0,,Credit Card,Takeaway
TXN_1131785,2023-12-19,2023,12,19,Sandwich,1.0,4.0,4.0,4.0,0.0,Cash,Não informado
TXN_8572783,2023-03-29,2023,3,29,Salad,3.0,5.0,15.0,15.0,0.0,Não informado,Não informado
TXN_4284507,2023-07-17,2023,7,17,Smoothie,4.0,4.0,16.0,16.0,0.0,Não informado,Não informado
TXN_9819697,2023-05-16,2023,5,16,Smoothie,3.0,4.0,12.0,12.0,0.0,Digital Wallet,In-store
TXN_1731476,2023-04-19,2023,4,19,Sandwich,1.0,4.0,4.0,4.0,0.0,Digital Wallet,Takeaway
TXN_1721342,2023-08-23,2023,8,23,Smoothie,5.0,4.0,20.0,20.0,0.0,Digital Wallet,In-store
TXN_7278328,2023-01-29,2023,1,29,Smoothie,1.0,4.0,4.0,4.0,0.0,Credit Card,Não informado
TXN_6037924,2023-11-14,2023,11,14,Coffee,4.0,2.0,8.0,8.0,0.0,Não informado,Takeaway
TXN_7979028,2023-07-12,2023,7,12,Sandwich,3.0,4.0,12.0,12.0,0.0,Cash,Takeaway
TXN_2474395,2023-12-28,2023,12,28,Smoothie,4.0,4.0,16.0,16.0,0.0,Digital Wallet,Takeaway
TXN_9168898,2023-09-28,2023,9,28,Juice,2.0,3.0,6.0,6.0,0.0,Cash,Takeaway
TXN_9675940,2023-06-02,2023,6,2,Juice,5.0,3.0,15.0,15.0,0.0,Credit Card,In-store
TXN_3618603,2023-03-19,2023,3,19,Salad,4.0,5.0,20.0,20.0,0.0,Cash,Não informado
TXN_9653377,2023-07-31,2023,7,31,Sandwich,2.0,4.0,8.0,8.0,0.0,Não informado,Takeaway
TXN_1326993,2023-12-30,2023,12,30,Cookie,3.0,1.0,3.0,3.0,0.0,Não informado,In-store
TXN_7427357,2023-10-31,2023,10,31,Cake,4.0,3.0,12.0,12.0,0.0,Digital Wallet,In-store
TXN_5806624,2023-07-09,2023,7,9,Cookie,5.0,1.0,5.0,5.0,0.0,Credit Card,In-store
TXN_6670371,2023-05-01,2023,5,1,Tea,3.0,1.5,4.5,4.5,0.0,Credit Card,Takeaway
TXN_8708588,2023-06-03,2023,6,3,Coffee,5.0,2.0,10.0,10.0,0.0,Digital Wallet,Não informado
TXN_6755874,2023-04-12,2023,4,12,Smoothie,3.0,4.0,,12.0,,Não informado,In-store
TXN_7777864,2023-02-06,2023,2,6,Cookie,3.0,1.0,,3.0,,Não informado,In-store
TXN_8698717,2023-05-11,2023,5,11,Coffee,4.0,2.0,8.0,8.0,0.0,Digital Wallet,Não informado
TXN_2302259,2023-09-20,2023,9,20,Juice,3.0,3.0,9.0,9.0,0.0,Credit Card,Takeaway
TXN_7004494,2023-03-17,2023,3,17,Coffee,4.0,2.0,8.0,8.0,0.0,Não informado,Takeaway
TXN_1302920,2023-08-16,2023,8,16,Coffee,2.0,2.0,4.0,4.0,0.0,Não informado,Não informado
TXN_8175702,2023-08-27,2023,8,27,Tea,1.0,1.5,1.5,1.5,0.0,Não informado,Takeaway
TXN_4921865,2023-02-06,2023,2,6,Tea,2.0,1.5,3.0,3.0,0.0,Digital Wallet,In-store
TXN_7755372,2023-01-10,2023,1,10,Juice,5.0,3.0,15.0,15.0,0.0,Não informado,Takeaway
TXN_7218134,2023-01-14,2023,1,14,Cake,5.0,3.0,,15.0,,Cash,Não informado
TXN_2897794,2023-01-29,2023,1,29,Cookie,4.0,1.0,4.0,4.0,0.0,Credit Card,Takeaway
TXN_5743616,2023-12-14,2023,12,14,Cake,4.0,3.0,12.0,12.0,0.0,Não informado,Não informado
TXN_4623642,2023-09-12,2023,9,12,Sandwich,1.0,4.0,4.0,4.0,0.0,Cash,Takeaway
TXN_6047710,2023-06-16,2023,6,16,Smoothie,3.0,4.0,12.0,12.0,0.0,Não informado,Takeaway
TXN_2813872,2023-05-01,2023,5,1,Salad,1.0,5.0,5.0,5.0,0.0,Credit Card,Takeaway
TXN_1891978,2023-09-13,2023,9,13,Salad,4.0,5.0,20.0,20.0,0.0,Digital Wallet,In-store
TXN_6626928,2023-05-10,2023,5,10,Sandwich,2.0,4.0,8.0,8.0,0.0,Não informado,In-store
TXN_6320502,2023-08-16,2023,8,16,Juice,4.0,3.0,12.0,12.0,0.0,Credit Card,Não informado
TXN_1797690,2023-08-10,2023,8,10,Cake,5.0,3.0,15.0,15.0,0.0,Credit Card,Takeaway
TXN_4587806,2023-07-27,2023,7,27,Cookie,4.0,1.0,,4.0,,Não informado,Não informado
TXN_7735127,2023-02-22,2023,2,22,Smoothie,1.0,4.0,,4.0,,Não informado,Takeaway
TXN_9831537,2023-08-07,2023,8,7,Cake,4.0,3.0,12.0,12.0,0.0,Credit Card,Não informado
TXN_7866805,2023-03-14,2023,3,14,Sandwich,3.0,4.0,12.0,12.0,0.0,Digital Wallet,In-store
TXN_1760092,2023-04-15,2023,4,15,Coffee,1.0,2.0,2.0,2.0,0.0,Credit Card,Takeaway
TXN_1887555,2023-01-08,2023,1,8,Juice,2.0,3.0,6.0,6.0,0.0,Cash,In-store
TXN_9872258,2023-07-24,2023,7,24,Juice,4.0,3.0,12.0,12.0,0.0,Cash,Takeaway
TXN_2437725,2023-01-27,2023,1,27,Sandwich,4.0,4.0,16.0,16.0,0.0,Credit Card,Takeaway
TXN_6581580,2023-06-18,2023,6,18,Coffee,3.0,2.0,6.0,6.0,0.0,Não informado,In-store
TXN_6440109,2023-09-09,2023,9,9,Cake,2.0,3.0,6.0,6.0,0.0,Não informado,In-store
TXN_8790282,2023-10-18,2023,10,18,Coffee,3.0,2.0,6.0,6.0,0.0,Não informado,Não informado
TXN_7581760,2023-08-13,2023,8,13,Coffee,3.0,2.0,6.0,6.0,0.0,Não informado,Não informado
TXN_2903973,2023-12-26,2023,12,26,Cake,2.0,3.0,6.0,6.0,0.0,Credit Card,Takeaway
TXN_9107842,2023-12-04,2023,12,4,Tea,2.0,1.5,3.0,3.0,0.0,Não informado,Takeaway
TXN_8306630,2023-04-26,2023,4,26,Sandwich,2.0,4.0,8.0,8.0,0.0,Credit Card,In-store
TXN_4612207,2023-01-21,2023,1,21,Juice,5.0,3.0,15.0,15.0,0.0,Digital Wallet,Não informado
TXN_1811216,2023-01-18,2023,1,18,Sandwich,1.0,4.0,4.0,4.0,0.0,Digital Wallet,Takeaway
TXN_9487384,2023-11-27,2023,11,27,Cake,1.0,3.0,3.0,3.0,0.0,Credit Card,Não informado
TXN_2205690,2023-03-02,2023,3,2,Cookie,5.0,1.0,5.0,5.0,0.0,Não informado,In-store
TXN_9219961,2023-04-04,2023,4,4,Coffee,5.0,2.0,10.0,10.0,0.0,Credit Card,Não informado
TXN_6425954,2023-03-28,2023,3,28,Sandwich,2.0,4.0,8.0,8.0,0.0,Não informado,In-store
TXN_9131153,2023-11-17,2023,11,17,Smoothie,3.0,4.0,12.0,12.0,0.0,Não informado,Takeaway
TXN_1332623,2023-07-15,2023,7,15,Cookie,2.0,1.0,2.0,2.0,0.0,Não informado,Takeaway
TXN_5549522,2023-12-16,2023,12,16,Juice,5.0,3.0,15.0,15.0,0.0,Digital Wallet,Takeaway
TXN_4234750,2023-09-03,2023,9,3,Juice,2.0,3.0,6.0,6.0,0.0,Cash,Não informado
TXN_9694799,2023-04-14,2023,4,14,Tea,3.0,1.5,4.5,4.5,0.0,Cash,Takeaway
TXN_6733436,2023-02-02,2023,2,2,Juice,2.0,3.0,6.0,6.0,0.0,Credit Card,Takeaway
TXN_8496788,2023-06-14,2023,6,14,Juice,4.0,3.0,12.0,12.0,0.0,Cash,Não informado
TXN_3131168,2023-03-24,2023,3,24,Sandwich,3.0,4.0,12.0,12.0,0.0,Cash,Não informado
TXN_1995528,2023-06-24,2023,6,24,Coffee,5.0,2.0,10.0,10.0,0.0,Não informado,In-store
TXN_1727281,2023-01-05,2023,1,5,Juice,4.0,3.0,12.0,12.0,0.0,Não informado,Takeaway
TXN_2437112,2023-04-06,2023,4,6,Cookie,3.0,1.0,3.0,3.0,0.0,Não informado,Não informado
TXN_8240436,2023-07-05,2023,7,5,Salad,5.0,5.0,25.0,25.0,0.0,Não informado,In-store
TXN_4177796,2023-04-17,2023,4,17,Juice,4.0,3.0,,12.0,,Cash,Takeaway
TXN_2905118,2023-03-04,2023,3,4,Tea,5.0,1.5,7.5,7.5,0.0,Digital Wallet,Takeaway
TXN_8058105,2023-03-07,2023,3,7,Tea,3.0,1.5,4.5,4.5,0.0,Cash,Não informado
TXN_5005793,2023-01-21,2023,1,21,Sandwich,4.0,4.0,16.0,16.0,0.0,Credit Card,In-store
TXN_2840861,2023-05-31,2023,5,31,Tea,2.0,1.5,3.0,3.0,0.0,Digital Wallet,Takeaway
TXN_1088497,2023-07-05,2023,7,5,Sandwich,1.0,4.0,4.0,4.0,0.0,Digital Wallet,Takeaway
TXN_4083872,2023-08-05,2023,8,5,Salad,2.0,5.0,10.0,10.0,0.0,Digital Wallet,Takeaway
TXN_5296083,2023-12-08,2023,12,8,Sandwich,3.0,4.0,12.0,12.0,0.0,Não informado,Não informado
TXN_3052953,2023-02-28,2023,2,28,Coffee,5.0,2.0,10.0,10.0,0.0,Digital Wallet,Não informado
TXN_4064326,2023-01-07,2023,1,7,Cookie,2.0,1.0,2.0,2.0,0.0,Cash,Takeaway
TXN_8749775,2023-10-30,2023,10,30,Cake,5.0,3.0,15.0,15.0,0.0,Cash,Takeaway
TXN_6541284,2023-03-01,2023,3,1,Tea,4.0,1.5,6.0,6.0,0.0,Cash,Takeaway
TXN_7937905,2023-10-15,2023,10,15,Salad,5.0,5.0,25.0,25.0,0.0,Não informado,Não informado
TXN_1311519,2023-01-28,2023,1,28,Smoothie,5.0,4.0,20.0,20.0,0.0,Cash,Não informado
TXN_8209509,2023-11-09,2023,11,9,Cookie,4.0,1.0,4.0,4.0,0.0,Não informado,Takeaway
TXN_3413156,2023-10-16,2023,10,16,Juice,1.0,3.0,3.0,3.0,0.0,Credit Card,In-store
TXN_7418152,2023-09-21,2023,9,21,Cookie,4.0,1.0,4.0,4.0,0.0,Cash,Takeaway
TXN_7991782,2023-01-11,2023,1,11,Juice,2.0,3.0,6.0,6.0,0.0,Não informado,In-store
TXN_2822949,2023-11-19,2023,11,19,Smoothie,2.0,4.0,8.0,8.0,0.0,Digital Wallet,Não informado
TXN_5868082,2023-10-22,2023,10,22,Coffee,5.0,2.0,10.0,10.0,0.0,Credit Card,In-store
TXN_2947622,2023-08-06,2023,8,6,Smoothie,5.0,4.0,20.0,20.0,0.0,Não informado,Não informado
TXN_1413335,2023-05-17,2023,5,17,Salad,1.0,5.0,5.0,5.0,0.0,Digital Wallet,Takeaway
TXN_7086603,2023-03-18,2023,3,18,Cake,4.0,3.0,,12.0,,Credit Card,Não informado
TXN_6919325,2023-02-05,2023,2,5,Cake,3.0,3.0,9.0,9.0,0.0,Cash,Não informado
TXN_7286934,2023-03-27,2023,3,27,Smoothie,2.0,4.0,8.0,8.0,0.0,Credit Card,In-store
TXN_5213014,2023-05-09,2023,5,9,Sandwich,3.0,4.0,,12.0,,Credit Card,Não informado
TXN_3121483,2023-01-06,2023,1,6,Salad,2.0,5.0,10.0,10.0,0.0,Não informado,Takeaway
TXN_7595042,2023-04-03,2023,4,3,Salad,1.0,5.0,5.0,5.0,0.0,Não informado,Takeaway
TXN_9250024,2023-03-21,2023,3,21,Cookie,2.0,1.0,2.0,2.0,0.0,Digital Wallet,Não informado
TXN_1353266,2023-08-30,2023,8,30,Smoothie,1.0,4.0,4.0,4.0,0.0,Digital Wallet,Takeaway
TXN_3950331,2023-03-02,2023,3,2,Tea,5.0,1.5,7.5,7.5,0.0,Digital Wallet,Não informado
TXN_3766657,2023-08-16,2023,8,16,Smoothie,5.0,4.0,20.0,20.0,0.0,Não informado,Não informado
TXN_7233393,2023-11-22,2023,11,22,Juice,5.0,3.0,15.0,15.0,0.0,Credit Card,In-store
TXN_8273645,2023-11-02,2023,11,2,Juice,2.0,3.0,6.0,6.0,0.0,Cash,Takeaway
TXN_2474286,2023-12-09,2023,12,9,Juice,2.0,3.0,6.0,6.0,0.0,Digital Wallet,In-store
TXN_6700141,2023-04-12,2023,4,12,Sandwich,1.0,4.0,4.0,4.0,0.0,Cash,Takeaway
TXN_4006771,2023-02-06,2023,2,6,Cookie,3.0,1.0,3.0,3.0,0.0,Credit Card,Não informado
TXN_4406290,2023-07-02,2023,7,2,Coffee,5.0,2.0,10.0,10.0,0.0,Não informado,In-store
TXN_2714524,2023-01-02,2023,1,2,Sandwich,4.0,4.0,16.0,16.0,0.0,Cash,Takeaway
TXN_3585097,2023-05-31,2023,5,31,Coffee,3.0,2.0,6.0,6.0,0.0,Não informado,Takeaway
TXN_5432582,2023-08-30,2023,8,30,Juice,3.0,3.0,9.0,9.0,0.0,Não informado,Não informado
TXN_5367923,2023-04-19,2023,4,19,Sandwich,4.0,4.0,16.0,16.0,0.0,Não informado,Não informado
TXN_4030519,2023-01-22,2023,1,22,Smoothie,2.0,4.0,8.0,8.0,0.0,Digital Wallet,Takeaway
TXN_8716594,2023-08-26,2023,8,26,Salad,4.0,5.0,20.0,20.0,0.0,Credit Card,Takeaway
TXN_5159483,2023-05-24,2023,5,24,Juice,2.0,3.0,6.0,6.0,0.0,Digital Wallet,In-store
TXN_6347482,2023-07-10,2023,7,10,Tea,2.0,1.5,3.0,3.0,0.0,Digital Wallet,Não informado
TXN_4688236,2023-07-05,2023,7,5,Coffee,4.0,2.0,8.0,8.0,0.0,Cash,In-store
TXN_7021722,2023-07-27,2023,7,27,Tea,3.0,1.5,4.5,4.5,0.0,Não informado,Takeaway
TXN_4878020,2023-03-17,2023,3,17,Cake,3.0,3.0,9.0,9.0,0.0,Não informado,In-store
TXN_3158921,2023-04-16,2023,4,16,Sandwich,1.0,4.0,4.0,4.0,0.0,Digital Wallet,In-store
TXN_8555334,2023-06-16,2023,6,16,Coffee,1.0,2.0,2.0,2.0,0.0,Não informado,In-store
TXN_7476268,2023-06-07,2023,6,7,Juice,2.0,3.0,6.0,6.0,0.0,Credit Card,Não informado
TXN_2741928,2023-10-06,2023,10,6,Cake,1.0,3.0,3.0,3.0,0.0,Digital Wallet,In-store
TXN_8477945,2023-07-19,2023,7,19,Cookie,4.0,1.0,4.0,4.0,0.0,Não informado,In-store
TXN_2838958,2023-03-10,2023,3,10,Coffee,1.0,2.0,2.0,2.0,0.0,Cash,Takeaway
TXN_4937411,2023-08-21,2023,8,21,Juice,1.0,3.0,3.0,3.0,0.0,Não informado,Takeaway
TXN_1124655,2023-10-23,2023,10,23,Salad,3.0,5.0,15.0,15.0,0.0,Cash,Não informado
TXN_1367723,2023-10-25,2023,10,25,Coffee,3.0,2.0,,6.0,,Cash,In-store
TXN_1710476,2023-05-22,2023,5,22,Juice,4.0,3.0,12.0,12.0,0.0,Digital Wallet,Takeaway
TXN_2248497,2023-03-07,2023,3,7,Salad,2.0,5.0,10.0,10.0,0.0,Cash,Takeaway
TXN_9403754,2023-06-19,2023,6,19,Cake,5.0,3.0,15.0,15.0,0.0,Credit Card,Takeaway
TXN_2495788,2023-12-16,2023,12,16,Cookie,2.0,1.0,2.0,2.0,0.0,Credit Card,Takeaway
TXN_7528294,2023-09-27,2023,9,27,Juice,3.0,3.0,9.0,9.0,0.0,Digital Wallet,Não informado
TXN_2844982,2023-03-04,2023,3,4,Cookie,1.0,1.0,1.0,1.0,0.0,Digital Wallet,Takeaway
TXN_9345439,2023-08-07,2023,8,7,Coffee,2.0,2.0,4.0,4.0,0.0,Cash,Takeaway
TXN_9710430,2023-01-10,2023,1,10,Sandwich,3.0,4.0,12.0,12.0,0.0,Credit Card,Takeaway
TXN_8859035,2023-01-19,2023,1,19,Cake,3.0,3.0,9.0,9.0,0.0,Digital Wallet,Takeaway
TXN_7131251,2023-06-28,2023,6,28,Tea,2.0,1.5,3.0,3.0,0.0,Não informado,In-store
TXN_9577339,2023-03-10,2023,3,10,Cake,2.0,3.0,6.0,6.0,0.0,Digital Wallet,Não informado
TXN_9206049,2023-09-17,2023,9,17,Cookie,1.0,1.0,1.0,1.0,0.0,Credit Card,In-store
TXN_8748070,2023-07-31,2023,7,31,Cookie,2.0,1.0,2.0,2.0,0.0,Credit Card,In-store
TXN_1079241,2023-07-16,2023,7,16,Juice,3.0,3.0,9.0,9.0,0.0,Digital Wallet,Takeaway
TXN_8250845,2023-12-09,2023,12,9,Cookie,1.0,1.0,1.0,1.0,0.0,Cash,Não informado
TXN_7878520,2023-08-29,2023,8,29,Sandwich,3.0,4.0,12.0,12.0,0.0,Digital Wallet,Takeaway
TXN_8789137,2023-09-25,2023,9,25,Sandwich,1.0,4.0,4.0,4.0,0.0,Não informado,Takeaway
TXN_6846861,2023-11-26,2023,11,26,Smoothie,4.0,4.0,16.0,16.0,0.0,Não informado,In-store
TXN_7682621,2023-11-07,2023,11,7,Sandwich,4.0,4.0,16.0,16.0,0.0,Cash,Takeaway
TXN_2770536,2023-11-03,2023,11,3,Smoothie,2.0,4.0,8.0,8.0,0.0,Não informado,In-store
TXN_3291900,2023-05-04,2023,5,4,Smoothie,4.0,4.0,16.0,16.0,0.0,Cash,Takeaway
TXN_1390917,2023-01-16,2023,1,16,Sandwich,1.0,4.0,4.0,4.0,0.0,Credit Card,Não informado
TXN_2879543,2023-03-30,2023,3,30,Juice,5.0,3.0,15.0,15.0,0.0,Não informado,Não informado
TXN_7334418,2023-03-24,2023,3,24,Cookie,2.0,1.0,2.0,2.0,0.0,Digital Wallet,Não informado
TXN_7927109,2023-04-18,2023,4,18,Tea,1.0,1.5,1.5,1.5,0.0,Cash,Não informado
TXN_9352814,2023-09-10,2023,9,10,Tea,4.0,1.5,6.0,6.0,0.0,Cash,Não informado
TXN_8305586,2023-01-06,2023,1,6,Coffee,4.0,2.0,8.0,8.0,0.0,Cash,Não informado
TXN_6501091,2023-05-07,2023,5,7,Juice,2.0,3.0,6.0,6.0,0.0,Digital Wallet,Takeaway
TXN_8349096,2023-12-12,2023,12,12,Cookie,5.0,1.0,5.0,5.0,0.0,Não informado,Não informado
TXN_1721366,2023-04-09,2023,4,9,Smoothie,5.0,4.0,20.0,20.0,0.0,Digital Wallet,In-store
TXN_3924170,2023-08-07,2023,8,7,Tea,3.0,1.5,4.5,4.5,0.0,Credit Card,In-store
TXN_6206421,2023-04-06,2023,4,6,Sandwich,2.0,4.0,8.0,8.0,0.0,Não informado,In-store
TXN_3740465,2023-03-08,2023,3,8,Cookie,4.0,1.0,4.0,4.0,0.0,Digital Wallet,Não informado
TXN_5227798,2023-09-02,2023,9,2,Salad,4.0,5.0,20.0,20.0,0.0,Cash,Não informado
TXN_9374286,2023-08-07,2023,8,7,Coffee,5.0,2.0,10.0,10.0,0.0,Cash,In-store
TXN_6577619,2023-07-22,2023,7,22,Salad,3.0,5.0,15.0,15.0,0.0,Credit Card,In-store
TXN_6412590,2023-06-12,2023,6,12,Salad,1.0,5.0,5.0,5.0,0.0,Digital Wallet,Não informado
TXN_1577802,2023-11-29,2023,11,29,Juice,2.0,3.0,6.0,6.0,0.0,Credit Card,In-store
TXN_3202346,2023-11-19,2023,11,19,Salad,2.0,5.0,10.0,10.0,0.0,Não informado,In-store
TXN_2141924,2023-11-27,2023,11,27,Salad,5.0,5.0,25.0,25.0,0.0,Cash,In-store
TXN_6775972,2023-09-15,2023,9,15,Coffee,3.0,2.0,6.0,6.0,0.0,Credit Card,Não informado
TXN_8799599,2023-09-10,2023,9,10,Coffee,1.0,2.0,2.0,2.0,0.0,Credit Card,Não informado
TXN_2866735,2023-03-13,2023,3,13,Cookie,4.0,1.0,4.0,4.0,0.0,Cash,Takeaway
TXN_2199500,2023-04-04,2023,4,4,Smoothie,1.0,4.0,4.0,4.0,0.0,Credit Card,Não informado
TXN_8279269,2023-06-14,2023,6,14,Smoothie,4.0,4.0,16.0,16.0,0.0,Digital Wallet,Não informado
TXN_2829951,2023-06-28,2023,6,28,Smoothie,4.0,4.0,16.0,16.0,0.0,Credit Card,Não informado
TXN_6748374,2023-07-24,2023,7,24,Salad,1.0,5.0,5.0,5.0,0.0,Credit Card,Takeaway
TXN_5056971,2023-08-22,2023,8,22,Tea,4.0,1.5,6.0,6.0,0.0,Cash,Takeaway
TXN_8675052,2023-11-23,2023,11,23,Cookie,3.0,1.0,3.0,3.0,0.0,Credit Card,Não informado
TXN_6481150,2023-03-30,2023,3,30,Salad,4.0,5.0,20.0,20.0,0.0,Digital Wallet,In-store
TXN_2371827,2023-04-03,2023,4,3,Cookie,5.0,1.0,5.0,5.0,0.0,Cash,In-store
TXN_3677109,2023-12-02,2023,12,2,Cake,5.0,3.0,15.0,15.0,0.0,Digital Wallet,Não informado
TXN_5457767,2023-08-14,2023,8,14,Cake,3.0,3.0,9.0,9.0,0.0,Cash,In-store
TXN_3661311,2023-04-30,2023,4,30,Juice,2.0,3.0,6.0,6.0,0.0,Digital Wallet,Não informado
TXN_5520841,2023-09-04,2023,9,4,Cake,1.0,3.0,3.0,3.0,0.0,Não informado,Takeaway
TXN_6443522,2023-06-22,2023,6,22,Smoothie,4.0,4.0,16.0,16.0,0.0,Digital Wallet,In-store
TXN_4907008,2023-10-30,2023,10,30,Coffee,3.0,2.0,6.0,6.0,0.0,Não informado,In-store
TXN_6297375,2023-07-16,2023,7,16,Coffee,5.0,2.0,,10.0,,Não informado,Não informado
TXN_1641000,2023-08-19,2023,8,19,Sandwich,2.0,4.0,8.0,8.0,0.0,Cash,Não informado
TXN_1228888,2023-10-05,2023,10,5,Cookie,1.0,1.0,1.0,1.0,0.0,Credit Card,In-store
TXN_2917349,2023-01-15,2023,1,15,Tea,4.0,1.5,,6.0,,Não informado,Não informado
TXN_8099578,2023-03-02,2023,3,2,Coffee,3.0,2.0,6.0,6.0,0.0,Não informado,Takeaway
TXN_9949241,2023-07-26,2023,7,26,Salad,1.0,5.0,5.0,5.0,0.0,Não informado,In-store
TXN_3221795,2023-10-01,2023,10,1,Sandwich,5.0,4.0,20.0,20.0,0.0,Cash,Não informado
TXN_8432624,2023-06-24,2023,6,24,Juice,3.0,3.0,9.0,9.0,0.0,Cash,Takeaway
TXN_1883231,2023-10-21,2023,10,21,Juice,5.0,3.0,15.0,15.0,0.0,Não informado,In-store
TXN_2490699,2023-10-05,2023,10,5,Coffee,1.0,2.0,2.0,2.0,0.0,Cash,Não informado
TXN_1898102,2023-10-17,2023,10,17,Cake,4.0,3.0,12.0,12.0,0.0,Credit Card,Takeaway
TXN_6142529,2023-07-21,2023,7,21,Tea,5.0,1.5,7.5,7.5,0.0,Credit Card,In-store
TXN_9279935,2023-06-02,2023,6,2,Coffee,2.0,2.0,4.0,4.0,0.0,Digital Wallet,In-store
TXN_3233211,2023-06-07,2023,6,7,Tea,2.0,1.5,3.0,3.0,0.0,Não informado,Takeaway
TXN_1607650,2023-04-27,2023,4,27,Cookie,2.0,1.0,2.0,2.0,0.0,Não informado,Não informado
TXN_2501656,2023-07-02,2023,7,2,Cake,5.0,3.0,15.0,15.0,0.0,Digital Wallet,Takeaway
TXN_8917809,2023-07-29,2023,7,29,Salad,5.0,5.0,25.0,25.0,0.0,Cash,Não informado
TXN_8850815,2023-07-23,2023,7,23,Smoothie,5.0,4.0,20.0,20.0,0.0,Não informado,Não informado
TXN_6959065,2023-05-05,2023,5,5,Coffee,5.0,2.0,10.0,10.0,0.0,Digital Wallet,Takeaway
TXN_1893337,2023-05-16,2023,5,16,Cake,2.0,3.0,6.0,6.0,0.0,Não informado,Takeaway
TXN_6907555,2023-09-21,2023,9,21,Tea,2.0,1.5,3.0,3.0,0.0,Credit Card,Não informado
TXN_2437751,2023-03-18,2023,3,18,Sandwich,1.0,4.0,4.0,4.0,0.0,Não informado,In-store
TXN_8285283,2023-09-21,2023,9,21,Juice,5.0,3.0,15.0,15.0,0.0,Digital Wallet,Não informado
TXN_5426405,2023-11-26,2023,11,26,Tea,5.0,1.5,7.5,7.5,0.0,Não informado,In-store
TXN_6794035,2023-11-04,2023,11,4,Sandwich,1.0,4.0,4.0,4.0,0.0,Digital Wallet,Não informado
TXN_6265760,2023-06-21,2023,6,21,Cake,1.0,3.0,3.0,3.0,0.0,Credit Card,Takeaway
TXN_9905396,2023-08-20,2023,8,20,Salad,1.0,5.0,5.0,5.0,0.0,Não informado,Não informado
TXN_1955127,2023-02-18,2023,2,18,Juice,5.0,3.0,15.0,15.0,0.0,Não informado,In-store
TXN_1296879,2023-11-17,2023,11,17,Cake,1.0,3.0,3.0,3.0,0.0,Não informado,Takeaway
TXN_8882176,2023-03-28,2023,3,28,Cookie,4.0,1.0,4.0,4.0,0.0,Cash,Takeaway
TXN_7052672,2023-06-29,2023,6,29,Juice,1.0,3.0,3.0,3.0,0.0,Não informado,In-store
TXN_3492861,2023-11-09,2023,11,9,Cookie,5.0,1.0,5.0,5.0,0.0,Cash,Não informado
TXN_3655322,2023-10-03,2023,10,3,Juice,3.0,3.0,9.0,9.0,0.0,Digital Wallet,Takeaway
TXN_5734319,2023-06-01,2023,6,1,Coffee,5.0,2.0,10.0,10.0,0.0,Cash,Takeaway
TXN_2535662,2023-05-01,2023,5,1,Juice,1.0,3.0,3.0,3.0,0.0,Cash,Não informado
TXN_8436360,2023-12-16,2023,12,16,Juice,2.0,3.0,6.0,6.0,0.0,Não informado,Não informado
TXN_1370465,2023-03-25,2023,3,25,Cookie,4.0,1.0,,4.0,,Digital Wallet,Não informado
TXN_7343660,2023-08-06,2023,8,6,Salad,5.0,5.0,25.0,25.0,0.0,Credit Card,In-store
TXN_7777602,2023-04-26,2023,4,26,Salad,1.0,5.0,5.0,5.0,0.0,Cash,Não informado
TXN_3430805,2023-11-12,2023,11,12,Juice,4.0,3.0,12.0,12.0,0.0,Credit Card,Não informado
TXN_8219472,2023-11-09,2023,11,9,Cookie,4.0,1.0,4.0,4.0,0.0,Credit Card,Não informado
TXN_7171303,2023-04-30,2023,4,30,Sandwich,1.0,4.0,4.0,4.0,0.0,Não informado,Não informado
TXN_2330694,2023-05-31,2023,5,31,Salad,3.0,5.0,15.0,15.0,0.0,Cash,In-store
TXN_4476076,2023-03-26,2023,3,26,Smoothie,2.0,4.0,8.0,8.0,0.0,Digital Wallet,Takeaway
TXN_4183749,2023-01-25,2023,1,25,Cake,4.0,3.0,12.0,12.0,0.0,Credit Card,Takeaway
TXN_8132145,2023-08-04,2023,8,4,Tea,1.0,1.5,1.5,1.5,0.0,Digital Wallet,Não informado
TXN_9286960,2023-12-26,2023,12,26,Cookie,3.0,1.0,3.0,3.0,0.0,Cash,Não informado
TXN_6901619,2023-10-16,2023,10,16,Tea,2.0,1.5,,3.0,,Digital Wallet,In-store
TXN_2184573,2023-04-26,2023,4,26,Tea,4.0,1.5,6.0,6.0,0.0,Não informado,Takeaway
TXN_6337189,2023-04-11,2023,4,11,Cake,1.0,3.0,3.0,3.0,0.0,Não informado,Não informado
TXN_6071905,2023-11-06,2023,11,6,Cake,1.0,3.0,3.0,3.0,0.0,Não informado,In-store
TXN_7847913,2023-05-17,2023,5,17,Smoothie,3.0,4.0,,12.0,,Digital Wallet,In-store
TXN_1792405,2023-07-06,2023,7,6,Tea,3.0,1.5,4.5,4.5,0.0,Digital Wallet,Takeaway
TXN_6101067,2023-09-05,2023,9,5,Smoothie,1.0,4.0,4.0,4.0,0.0,Credit Card,Takeaway
TXN_2260070,2023-10-06,2023,10,6,Salad,1.0,5.0,5.0,5.0,0.0,Cash,Não informado
TXN_3994585,2023-07-24,2023,7,24,Cake,3.0,3.0,9.0,9.0,0.0,Digital Wallet,In-store
TXN_5202752,2023-05-08,2023,5,8,Smoothie,5.0,4.0,20.0,20.0,0.0,Credit Card,Takeaway
TXN_8714850,2023-04-30,2023,4,30,Juice,5.0,3.0,15.0,15.0,0.0,Cash,In-store
TXN_3504925,2023-09-21,2023,9,21,Smoothie,5.0,4.0,,20.0,,Cash,Não informado
TXN_4919285,2023-10-15,2023,10,15,Coffee,4.0,2.0,8.0,8.0,0.0,Cash,Takeaway
TXN_4876398,2023-04-21,2023,4,21,Salad,2.0,5.0,10.0,10.0,0.0,Cash,Não informado
TXN_5456362,2023-07-06,2023,7,6,Smoothie,4.0,4.0,16.0,16.0,0.0,Credit Card,Não informado
TXN_4377249,2023-07-26,2023,7,26,Coffee,3.0,2.0,6.0,6.0,0.0,Digital Wallet,Não informado
TXN_1571824,2023-10-16,2023,10,16,Cookie,4.0,1.0,4.0,4.0,0.0,Cash,Takeaway
TXN_3920273,2023-09-05,2023,9,5,Smoothie,4.0,4.0,16.0,16.0,0.0,Digital Wallet,In-store
TXN_8222593,2023-05-11,2023,5,11,Sandwich,4.0,4.0,16.0,16.0,0.0,Credit Card,Não informado
TXN_5054719,2023-04-17,2023,4,17,Sandwich,2.0,4.0,8.0,8.0,0.0,Credit Card,Não informado
TXN_2242015,2023-08-26,2023,8,26,Tea,2.0,1.5,3.0,3.0,0.0,Cash,Não informado
TXN_7268387,2023-04-09,2023,4,9,Juice,3.0,3.0,9.0,9.0,0.0,Credit Card,Takeaway
TXN_6268823,2023-04-18,2023,4,18,Smoothie,2.0,4.0,8.0,8.0,0.0,Digital Wallet,Takeaway
TXN_5578828,2023-05-12,2023,5,12,Cookie,4.0,1.0,4.0,4.0,0.0,Cash,In-store
TXN_5727550,2023-10-11,2023,10,11,Coffee,3.0,2.0,6.0,6.0,0.0,Digital Wallet,Não informado
TXN_9597063,2023-07-20,2023,7,20,Coffee,2.0,2.0,4.0,4.0,0.0,Digital Wallet,In-store
TXN_6867132,2023-02-01,2023,2,1,Cake,2.0,3.0,6.0,6.0,0.0,Cash,In-store
TXN_1971865,2023-04-11,2023,4,11,Cake,1.0,3.0,3.0,3.0,0.0,Digital Wallet,Takeaway
TXN_6724588,2023-10-16,2023,10,16,Juice,2.0,3.0,6.0,6.0,0.0,Digital Wallet,In-store
TXN_2929426,2023-01-29,2023,1,29,Salad,5.0,5.0,25.0,25.0,0.0,Cash,Takeaway
TXN_9669749,2023-03-26,2023,3,26,Salad,4.0,5.0,20.0,20.0,0.0,Credit Card,Não informado
TXN_9105374,2023-01-25,2023,1,25,Juice,4.0,3.0,12.0,12.0,0.0,Digital Wallet,In-store
TXN_3346749,2023-05-06,2023,5,6,Tea,2.0,1.5,3.0,3.0,0.0,Não informado,Não informado
TXN_5594043,2023-06-22,2023,6,22,Cake,4.0,3.0,12.0,12.0,0.0,Cash,Não informado
TXN_1170807,2023-09-15,2023,9,15,Smoothie,5.0,4.0,20.0,20.0,0.0,Não informado,In-store
TXN_2882571,2023-05-24,2023,5,24,Cake,1.0,3.0,3.0,3.0,0.0,Credit Card,In-store
TXN_6640488,2023-04-01,2023,4,1,Tea,3.0,1.5,4.5,4.5,0.0,Credit Card,Takeaway
TXN_7621512,2023-07-24,2023,7,24,Salad,4.0,5.0,20.0,20.0,0.0,Digital Wallet,In-store
TXN_9529846,2023-09-23,2023,9,23,Smoothie,5.0,4.0,20.0,20.0,0.0,Não informado,Não informado
TXN_3338458,2023-10-27,2023,10,27,Cake,5.0,3.0,15.0,15.0,0.0,Cash,Não informado
TXN_3104867,2023-03-28,2023,3,28,Juice,3.0,3.0,9.0,9.0,0.0,Digital Wallet,Não informado
TXN_9286019,2023-05-28,2023,5,28,Smoothie,4.0,4.0,,16.0,,Cash,Takeaway
TXN_1923263,2023-03-12,2023,3,12,Sandwich,4.0,4.0,16.0,16.0,0.0,Digital Wallet,In-store
TXN_3172621,2023-10-15,2023,10,15,Sandwich,4.0,4.0,16.0,16.0,0.0,Não informado,Takeaway
TXN_5830991,2023-11-07,2023,11,7,Cookie,4.0,1.0,4.0,4.0,0.0,Não informado,Takeaway
TXN_7629728,2023-12-15,2023,12,15,Coffee,4.0,2.0,8.0,8.0,0.0,Digital Wallet,In-store
TXN_2831842,2023-05-20,2023,5,20,Cake,2.0,3.0,6.0,6.0,0.0,Não informado,Não informado
TXN_8903958,2023-11-12,2023,11,12,Juice,2.0,3.0,6.0,6.0,0.0,Digital Wallet,Takeaway
TXN_8951525,2023-06-08,2023,6,8,Juice,3.0,3.0,9.0,9.0,0.0,Não informado,Não informado
TXN_7511261,2023-03-26,2023,3,26,Juice,3.0,3.0,9.0,9.0,0.0,Não informado,Não informado
TXN_3896128,2023-01-04,2023,1,4,Cake,1.0,3.0,,3.0,,Não informado,In-store
TXN_6554101,2023-02-15,2023,2,15,Smoothie,3.0,4.0,12.0,12.0,0.0,Não informado,Não informado
TXN_3500571,2023-05-03,2023,5,3,Juice,3.0,3.0,9.0,9.0,0.0,Não informado,Takeaway
TXN_6761273,2023-10-13,2023,10,13,Juice,5.0,3.0,,15.0,,Digital Wallet,Não informado
TXN_6076602,2023-02-07,2023,2,7,Tea,4.0,1.5,6.0,6.0,0.0,Credit Card,In-store
TXN_7330330,2023-10-16,2023,10,16,Cookie,2.0,1.0,2.0,2.0,0.0,Não informado,In-store
TXN_2340643,2023-01-05,2023,1,5,Salad,5.0,5.0,25.0,25.0,0.0,Cash,In-store
TXN_4397349,2023-06-08,2023,6,8,Sandwich,2.0,4.0,8.0,8.0,0.0,Não informado,Não informado
TXN_1072984,2023-01-11,2023,1,11,Tea,4.0,1.5,6.0,6.0,0.0,Digital Wallet,Não informado
TXN_3238759,2023-07-20,2023,7,20,Sandwich,5.0,4.0,20.0,20.0,0.0,Digital Wallet,In-store
TXN_9802771,2023-02-11,2023,2,11,Smoothie,2.0,4.0,8.0,8.0,0.0,Não informado,Não informado
TXN_3858607,2023-12-02,2023,12,2,Salad,5.0,5.0,25.0,25.0,0.0,Digital Wallet,Não informado
TXN_3585602,2023-04-17,2023,4,17,Juice,2.0,3.0,6.0,6.0,0.0,Cash,In-store
TXN_8096618,2023-02-20,2023,2,20,Coffee,4.0,2.0,,8.0,,Digital Wallet,In-store
TXN_8363711,2023-05-21,2023,5,21,Smoothie,2.0,4.0,8.0,8.0,0.0,Não informado,In-store
TXN_2639283,2023-08-13,2023,8,13,Juice,5.0,3.0,15.0,15.0,0.0,Digital Wallet,Takeaway
TXN_1505837,2023-12-15,2023,12,15,Sandwich,3.0,4.0,12.0,12.0,0.0,Credit Card,In-store
TXN_2566299,2023-08-20,2023,8,20,Juice,2.0,3.0,6.0,6.0,0.0,Cash,Não informado
TXN_7292790,2023-06-13,2023,6,13,Cookie,4.0,1.0,4.0,4.0,0.0,Cash,In-store
TXN_7631496,2023-11-05,2023,11,5,Cookie,3.0,1.0,3.0,3.0,0.0,Digital Wallet,In-store
TXN_6251282,2023-11-15,2023,11,15,Juice,4.0,3.0,12.0,12.0,0.0,Cash,Não informado
TXN_6266750,2023-04-21,2023,4,21,Sandwich,1.0,4.0,4.0,4.0,0.0,Cash,Não informado
TXN_6770844,2023-05-08,2023,5,8,Juice,1.0,3.0,3.0,3.0,0.0,Digital Wallet,In-store
TXN_4699911,2023-07-21,2023,7,21,Coffee,2.0,2.0,4.0,4.0,0.0,Digital Wallet,Takeaway
TXN_3472433,2023-10-29,2023,10,29,Coffee,4.0,2.0,8.0,8.0,0.0,Credit Card,Takeaway
TXN_7179827,2023-06-28,2023,6,28,Juice,4.0,3.0,12.0,12.0,0.0,Credit Card,In-store
TXN_9800351,2023-06-16,2023,6,16,Tea,3.0,1.5,4.5,4.5,0.0,Cash,Não informado
TXN_4216821,2023-07-02,2023,7,2,Tea,2.0,1.5,3.0,3.0,0.0,Não informado,Não informado
TXN_5188872,2023-07-21,2023,7,21,Cake,3.0,3.0,9.0,9.0,0.0,Não informado,In-store
TXN_9927220,2023-09-14,2023,9,14,Juice,5.0,3.0,15.0,15.0,0.0,Cash,Não informado
TXN_7187578,2023-11-20,2023,11,20,Salad,5.0,5.0,25.0,25.0,0.0,Não informado,In-store
TXN_6046363,2023-03-20,2023,3,20,Smoothie,5.0,4.0,20.0,20.0,0.0,Digital Wallet,Takeaway
TXN_2920578,2023-09-06,2023,9,6,Smoothie,4.0,4.0,16.0,16.0,0.0,Cash,Não informado
TXN_7117210,2023-09-25,2023,9,25,Juice,4.0,3.0,12.0,12.0,0.0,Digital Wallet,In-store
TXN_5823330,2023-10-19,2023,10,19,Salad,3.0,5.0,15.0,15.0,0.0,Digital Wallet,In-store
TXN_8155540,2023-03-19,2023,3,19,Salad,5.0,5.0,25.0,25.0,0.0,Credit Card,Takeaway
TXN_2418609,2023-09-06,2023,9,6,Sandwich,2.0,4.0,8.0,8.0,0.0,Digital Wallet,In-store
TXN_8570149,2023-06-03,2023,6,3,Tea,1.0,1.5,1.5,1.5,0.0,Credit Card,Não informado
TXN_4382802,2023-07-17,2023,7,17,Sandwich,1.0,4.0,4.0,4.0,0.0,Digital Wallet,Takeaway
TXN_9970964,2023-07-07,2023,7,7,Smoothie,2.0,4.0,8.0,8.0,0.0,Credit Card,Takeaway
TXN_5946779,2023-05-25,2023,5,25,Sandwich,1.0,4.0,4.0,4.0,0.0,Cash,In-store
TXN_8982328,2023-10-20,2023,10,20,Juice,1.0,3.0,3.0,3.0,0.0,Credit Card,In-store
TXN_9969706,2023-03-17,2023,3,17,Cake,5.0,3.0,15.0,15.0,0.0,Não informado,In-store
TXN_1915046,2023-04-12,2023,4,12,Sandwich,5.0,4.0,20.0,20.0,0.0,Não informado,Não informado
TXN_4624019,2023-02-12,2023,2,12,Cookie,1.0,1.0,1.0,1.0,0.0,Cash,Não informado
TXN_1773856,2023-08-11,2023,8,11,Cake,2.0,3.0,6.0,6.0,0.0,Não informado,Não informado
TXN_6667083,2023-03-19,2023,3,19,Cake,1.0,3.0,3.0,3.0,0.0,Cash,Não informado
TXN_5144090,2023-05-15,2023,5,15,Coffee,5.0,2.0,10.0,10.0,0.0,Digital Wallet,Não informado
TXN_1322421,2023-03-05,2023,3,5,Juice,4.0,3.0,12.0,12.0,0.0,Credit Card,Takeaway
TXN_4474441,2023-08-23,2023,8,23,Coffee,4.0,2.0,8.0,8.0,0.0,Credit Card,Não informado
TXN_6598343,2023-07-10,2023,7,10,Juice,4.0,3.0,12.0,12.0,0.0,Não informado,Não informado
TXN_4972634,2023-07-22,2023,7,22,Sandwich,5.0,4.0,20.0,20.0,0.0,Credit Card,In-store
TXN_8159772,2023-10-02,2023,10,2,Cake,1.0,3.0,3.0,3.0,0.0,Credit Card,In-store
TXN_7137800,2023-02-22,2023,2,22,Tea,1.0,1.5,1.5,1.5,0.0,Não informado,Takeaway
TXN_4360970,2023-06-28,2023,6,28,Tea,3.0,1.5,4.5,4.5,0.0,Digital Wallet,Takeaway
TXN_6529863,2023-08-16,2023,8,16,Salad,3.0,5.0,15.0,15.0,0.0,Não informado,Takeaway
TXN_3886583,2023-05-03,2023,5,3,Tea,3.0,1.5,4.5,4.5,0.0,Digital Wallet,In-store
TXN_4039864,2023-07-24,2023,7,24,Cake,2.0,3.0,6.0,6.0,0.0,Cash,In-store
TXN_8103754,2023-01-29,2023,1,29,Salad,5.0,5.0,25.0,25.0,0.0,Cash,Takeaway
TXN_6318017,2023-06-23,2023,6,23,Tea,3.0,1.5,4.5,4.5,0.0,Cash,In-store
TXN_9608271,2023-10-24,2023,10,24,Coffee,2.0,2.0,4.0,4.0,0.0,Não informado,Não informado
TXN_4583009,2023-01-08,2023,1,8,Salad,5.0,5.0,25.0,25.0,0.0,Credit Card,In-store
TXN_2536821,2023-12-01,2023,12,1,Salad,5.0,5.0,25.0,25.0,0.0,Não informado,Takeaway
TXN_5820621,2023-12-01,2023,12,1,Cookie,5.0,1.0,,5.0,,Não informado,In-store
TXN_2878994,2023-05-19,2023,5,19,Sandwich,1.0,4.0,4.0,4.0,0.0,Não informado,Não informado
TXN_6492477,2023-02-03,2023,2,3,Coffee,5.0,2.0,10.0,10.0,0.0,Não informado,Não informado
TXN_4496616,2023-10-07,2023,10,7,Salad,5.0,5.0,25.0,25.0,0.0,Não informado,Takeaway
TXN_3190538,2023-06-03,2023,6,3,Coffee,2.0,2.0,4.0,4.0,0.0,Digital Wallet,Não informado
TXN_8863649,2023-03-05,2023,3,5,Cookie,1.0,1.0,1.0,1.0,0.0,Credit Card,In-store
TXN_8078312,2023-09-24,2023,9,24,Cookie,1.0,1.0,1.0,1.0,0.0,Não informado,Não informado
TXN_8942829,2023-03-11,2023,3,11,Salad,5.0,5.0,25.0,25.0,0.0,Cash,Não informado
TXN_1604072,2023-01-01,2023,1,1,Coffee,2.0,2.0,4.0,4.0,0.0,Não informado,Não informado
TXN_1830432,2023-11-02,2023,11,2,Cookie,3.0,1.0,3.0,3.0,0.0,Digital Wallet,Takeaway
TXN_4314504,2023-06-01,2023,6,1,Cake,1.0,3.0,3.0,3.0,0.0,Não informado,In-store
TXN_2880516,2023-03-26,2023,3,26,Tea,1.0,1.5,1.5,1.5,0.0,Cash,In-store
TXN_4649079,2023-07-26,2023,7,26,Cookie,4.0,1.0,4.0,4.0,0.0,Não informado,Takeaway
TXN_6383336,2023-01-21,2023,1,21,Cake,2.0,3.0,6.0,6.0,0.0,Não informado,Takeaway
TXN_7605163,2023-08-15,2023,8,15,Salad,1.0,5.0,5.0,5.0,0.0,Não informado,Takeaway
TXN_2294603,2023-09-02,2023,9,2,Tea,1.0,1.5,1.5,1.5,0.0,Credit Card,Takeaway
TXN_7097760,2023-10-24,2023,10,24,Coffee,3.0,2.0,6.0,6.0,0.0,Digital Wallet,Não informado
TXN_1220061,2023-09-03,2023,9,3,Sandwich,3.0,4.0,12.0,12.0,0.0,Digital Wallet,In-store
TXN_1329167,2023-01-14,2023,1,14,Tea,5.0,1.5,7.5,7.5,0.0,Não informado,Takeaway
TXN_3463337,2023-09-20,2023,9,20,Juice,5.0,3.0,15.0,15.0,0.0,Credit Card,In-store
TXN_8016623,2023-05-09,2023,5,9,Tea,2.0,1.5,3.0,3.0,0.0,Cash,Takeaway
TXN_9525078,2023-07-23,2023,7,23,Salad,5.0,5.0,25.0,25.0,0.0,Não informado,Takeaway
TXN_2841233,2023-12-01,2023,12,1,Cookie,1.0,1.0,1.0,1.0,0.0,Cash,Takeaway
TXN_1458905,2023-02-19,2023,2,19,Sandwich,1.0,4.0,4.0,4.0,0.0,Digital Wallet,Takeaway
TXN_3977520,2023-08-08,2023,8,8,Coffee,5.0,2.0,10.0,10.0,0.0,Não informado,Não informado
TXN_3330279,2023-11-13,2023,11,13,Cake,1.0,3.0,3.0,3.0,0.0,Credit Card,Não informado
TXN_6234882,2023-01-01,2023,1,1,Cookie,4.0,1.0,4.0,4.0,0.0,Credit Card,Não informado
TXN_6093955,2023-01-01,2023,1,1,Tea,5.0,1.5,,7.5,,Não informado,Takeaway
TXN_7994903,2023-01-09,2023,1,9,Smoothie,4.0,4.0,16.0,16.0,0.0,Credit Card,In-store
TXN_3109161,2023-09-11,2023,9,11,Sandwich,3.0,4.0,12.0,12.0,0.0,Digital Wallet,Não informado
TXN_2185727,2023-10-08,2023,10,8,Salad,4.0,5.0,20.0,20.0,0.0,Digital Wallet,In-store
TXN_8971366,2023-08-24,2023,8,24,Juice,2.0,3.0,6.0,6.0,0.0,Digital Wallet,In-store
TXN_3669866,2023-05-10,2023,5,10,Tea,3.0,1.5,4.5,4.5,0.0,Digital Wallet,In-store
TXN_9395223,2023-12-29,2023,12,29,Cookie,4.0,1.0,4.0,4.0,0.0,Credit Card,In-store
TXN_6325639,2023-07-19,2023,7,19,Juice,3.0,3.0,,9.0,,Não informado,In-store
TXN_4779192,2023-11-06,2023,11,6,Cookie,5.0,1.0,5.0,5.0,0.0,Digital Wallet,Não informado
TXN_5808719,2023-10-01,2023,10,1,Juice,1.0,3.0,3.0,3.0,0.0,Cash,In-store
TXN_2817210,2023-11-10,2023,11,10,Cake,4.0,3.0,12.0,12.0,0.0,Não informado,Não informado
TXN_1985396,2023-01-23,2023,1,23,Sandwich,3.0,4.0,12.0,12.0,0.0,Cash,In-store
TXN_1533652,2023-08-17,2023,8,17,Tea,3.0,1.5,4.5,4.5,0.0,Cash,In-store
TXN_6345619,2023-12-09,2023,12,9,Cake,5.0,3.0,15.0,15.0,0.0,Digital Wallet,Takeaway
TXN_3218971,2023-06-13,2023,6,13,Sandwich,5.0,4.0,20.0,20.0,0.0,Credit Card,Não informado
TXN_8127681,2023-09-02,2023,9,2,Smoothie,1.0,4.0,4.0,4.0,0.0,Credit Card,Takeaway
TXN_7328604,2023-02-25,2023,2,25,Salad,2.0,5.0,10.0,10.0,0.0,Credit Card,Não informado
TXN_4574757,2023-08-05,2023,8,5,Juice,2.0,3.0,6.0,6.0,0.0,Não informado,In-store
TXN_9505924,2023-03-17,2023,3,17,Cake,4.0,3.0,12.0,12.0,0.0,Não informado,Não informado
TXN_9482559,2023-08-04,2023,8,4,Cookie,1.0,1.0,1.0,1.0,0.0,Não informado,In-store
TXN_7705153,2023-01-25,2023,1,25,Tea,1.0,1.5,1.5,1.5,0.0,Digital Wallet,In-store
TXN_7037557,2023-05-02,2023,5,2,Salad,4.0,5.0,20.0,20.0,0.0,Cash,Não informado
TXN_9517548,2023-01-25,2023,1,25,Coffee,3.0,2.0,6.0,6.0,0.0,Cash,Takeaway
TXN_4467046,2023-09-27,2023,9,27,Salad,4.0,5.0,20.0,20.0,0.0,Digital Wallet,Takeaway
TXN_5074212,2023-05-14,2023,5,14,Juice,5.0,3.0,15.0,15.0,0.0,Não informado,Não informado
TXN_8167530,2023-03-08,2023,3,8,Cake,3.0,3.0,9.0,9.0,0.0,Cash,In-store
TXN_5492822,2023-12-16,2023,12,16,Coffee,4.0,2.0,8.0,8.0,0.0,Digital Wallet,Takeaway
TXN_8538125,2023-05-30,2023,5,30,Cake,5.0,3.0,15.0,15.0,0.0,Digital Wallet,Não informado
TXN_1091115,2023-11-04,2023,11,4,Sandwich,5.0,4.0,20.0,20.0,0.0,Cash,Takeaway
TXN_5350286,2023-02-18,2023,2,18,Sandwich,5.0,4.0,20.0,20.0,0.0,Credit Card,Não informado
TXN_1534223,2023-01-30,2023,1,30,Cake,3.0,3.0,9.0,9.0,0.0,Credit Card,Não informado
TXN_7961171,2023-01-27,2023,1,27,Juice,3.0,3.0,9.0,9.0,0.0,Cash,In-store
TXN_6177334,2023-02-15,2023,2,15,Juice,1.0,3.0,3.0,3.0,0.0,Credit Card,In-store
TXN_7466297,2023-07-13,2023,7,13,Cookie,1.0,1.0,1.0,1.0,0.0,Digital Wallet,Não informado
TXN_2693278,2023-11-26,2023,11,26,Tea,3.0,1.5,4.5,4.5,0.0,Não informado,Não informado
TXN_3561149,2023-05-20,2023,5,20,Juice,4.0,3.0,12.0,12.0,0.0,Digital Wallet,Takeaway
TXN_2227825,2023-06-05,2023,6,5,Sandwich,5.0,4.0,20.0,20.0,0.0,Credit Card,Não informado
TXN_9965686,2023-10-02,2023,10,2,Cake,4.0,3.0,12.0,12.0,0.0,Credit Card,Takeaway
TXN_5303413,2023-06-21,2023,6,21,Coffee,1.0,2.0,2.0,2.0,0.0,Digital Wallet,In-store
TXN_5328814,2023-10-18,2023,10,18,Tea,3.0,1.5,4.5,4.5,0.0,Cash,Não informado
TXN_2334962,2023-01-31,2023,1,31,Juice,5.0,3.0,15.0,15.0,0.0,Não informado,Não informado
TXN_9321776,2023-04-23,2023,4,23,Cake,1.0,3.0,3.0,3.0,0.0,Não informado,Não informado
TXN_7625537,2023-12-09,2023,12,9,Juice,3.0,3.0,9.0,9.0,0.0,Não informado,Takeaway
TXN_8722491,2023-04-24,2023,4,24,Smoothie,4.0,4.0,16.0,16.0,0.0,Cash,Não informado
TXN_6018020,2023-01-12,2023,1,12,Cookie,2.0,1.0,2.0,2.0,0.0,Credit Card,Takeaway
TXN_3305132,2023-01-30,2023,1,30,Cake,4.0,3.0,12.0,12.0,0.0,Credit Card,Takeaway
TXN_7951885,2023-12-08,2023,12,8,Salad,3.0,5.0,15.0,15.0,0.0,Credit Card,Não informado
TXN_9090875,2023-04-19,2023,4,19,Cake,2.0,3.0,6.0,6.0,0.0,Não informado,In-store
TXN_9175684,2023-09-16,2023,9,16,Tea,3.0,1.5,4.5,4.5,0.0,Não informado,Não informado
TXN_1640649,2023-12-05,2023,12,5,Cookie,4.0,1.0,4.0,4.0,0.0,Não informado,In-store
TXN_9845746,2023-09-23,2023,9,23,Cake,1.0,3.0,3.0,3.0,0.0,Digital Wallet,In-store
TXN_1547704,2023-02-14,2023,2,14,Coffee,5.0,2.0,10.0,10.0,0.0,Cash,In-store
TXN_8477415,2023-05-01,2023,5,1,Salad,2.0,5.0,10.0,10.0,0.0,Credit Card,Não informado
TXN_1039367,2023-03-12,2023,3,12,Sandwich,3.0,4.0,,12.0,,Cash,Não informado
TXN_5433982,2023-07-07,2023,7,7,Salad,5.0,5.0,25.0,25.0,0.0,Digital Wallet,Não informado
TXN_2838588,2023-01-28,2023,1,28,Coffee,2.0,2.0,4.0,4.0,0.0,Não informado,In-store
TXN_6135727,2023-12-15,2023,12,15,Juice,4.0,3.0,12.0,12.0,0.0,Digital Wallet,Takeaway
TXN_3660227,2023-05-13,2023,5,13,Juice,4.0,3.0,12.0,12.0,0.0,Credit Card,Takeaway
TXN_4064310,2023-07-24,2023,7,24,Tea,4.0,1.5,6.0,6.0,0.0,Cash,Takeaway
TXN_7418562,2023-01-15,2023,1,15,Sandwich,4.0,4.0,,16.0,,Não informado,Não informado
TXN_2978326,2023-12-02,2023,12,2,Smoothie,3.0,4.0,12.0,12.0,0.0,Cash,Não informado
TXN_9616828,2023-12-20,2023,12,20,Coffee,2.0,2.0,4.0,4.0,0.0,Digital Wallet,Takeaway
TXN_1522122,2023-02-14,2023,2,14,Cookie,5.0,1.0,5.0,5.0,0.0,Credit Card,In-store
TXN_2360229,2023-06-18,2023,6,18,Sandwich,1.0,4.0,4.0,4.0,0.0,Digital Wallet,Não informado
TXN_5285666,2023-03-20,2023,3,20,Coffee,5.0,2.0,10.0,10.0,0.0,Cash,Não informado
TXN_5029453,2023-06-24,2023,6,24,Sandwich,2.0,4.0,8.0,8.0,0.0,Digital Wallet,In-store
TXN_6117421,2023-05-04,2023,5,4,Cake,2.0,3.0,6.0,6.0,0.0,Cash,Não informado
TXN_8759461,2023-01-31,2023,1,31,Tea,2.0,1.5,3.0,3.0,0.0,Cash,In-store
TXN_2962728,2023-12-05,2023,12,5,Salad,4.0,5.0,20.0,20.0,0.0,Credit Card,Não informado
TXN_6527482,2023-08-27,2023,8,27,Juice,1.0,3.0,3.0,3.0,0.0,Não informado,Takeaway
TXN_4256200,2023-06-29,2023,6,29,Tea,5.0,1.5,7.5,7.5,0.0,Não informado,Não informado
TXN_6276679,2023-11-08,2023,11,8,Cookie,3.0,1.0,3.0,3.0,0.0,Digital Wallet,Takeaway
TXN_2507188,2023-02-04,2023,2,4,Coffee,1.0,2.0,2.0,2.0,0.0,Credit Card,Não informado
TXN_9386165,2023-06-01,2023,6,1,Sandwich,2.0,4.0,8.0,8.0,0.0,Digital Wallet,In-store
TXN_6064232,2023-04-09,2023,4,9,Tea,2.0,1.5,3.0,3.0,0.0,Credit Card,Takeaway
TXN_3604017,2023-09-21,2023,9,21,Cake,4.0,3.0,12.0,12.0,0.0,Digital Wallet,In-store
TXN_3486548,2023-07-08,2023,7,8,Tea,1.0,1.5,1.5,1.5,0.0,Digital Wallet,Não informado
TXN_1465584,2023-04-29,2023,4,29,Sandwich,1.0,4.0,4.0,4.0,0.0,Credit Card,In-store
TXN_7662502,2023-03-06,2023,3,6,Cake,1.0,3.0,3.0,3.0,0.0,Não informado,In-store
TXN_3212505,2023-07-15,2023,7,15,Sandwich,3.0,4.0,12.0,12.0,0.0,Credit Card,Não informado
TXN_2311188,2023-09-07,2023,9,7,Cake,2.0,3.0,6.0,6.0,0.0,Digital Wallet,Não informado
TXN_6344806,2023-05-08,2023,5,8,Juice,3.0,3.0,9.0,9.0,0.0,Credit Card,Não informado
TXN_4891221,2023-12-09,2023,12,9,Cookie,5.0,1.0,5.0,5.0,0.0,Não informado,Takeaway
TXN_7419274,2023-12-18,2023,12,18,Juice,2.0,3.0,6.0,6.0,0.0,Cash,Takeaway
TXN_2178059,2023-03-24,2023,3,24,Sandwich,4.0,4.0,16.0,16.0,0.0,Não informado,In-store
TXN_2205071,2023-11-23,2023,11,23,Coffee,5.0,2.0,10.0,10.0,0.0,Credit Card,In-store
TXN_5790078,2023-04-16,2023,4,16,Juice,4.0,3.0,12.0,12.0,0.0,Digital Wallet,Takeaway
TXN_4119210,2023-05-02,2023,5,2,Tea,3.0,1.5,4.5,4.5,0.0,Cash,In-store
TXN_2349072,2023-09-06,2023,9,6,Smoothie,5.0,4.0,20.0,20.0,0.0,Cash,Takeaway
TXN_3670103,2023-04-30,2023,4,30,Tea,2.0,1.5,3.0,3.0,0.0,Não informado,In-store
TXN_6444911,2023-02-11,2023,2,11,Juice,5.0,3.0,15.0,15.0,0.0,Credit Card,Não informado
TXN_4186842,2023-10-29,2023,10,29,Juice,5.0,3.0,15.0,15.0,0.0,Não informado,Takeaway
TXN_2194305,2023-09-16,2023,9,16,Sandwich,2.0,4.0,8.0,8.0,0.0,Credit Card,Takeaway
TXN_2002049,2023-03-17,2023,3,17,Coffee,5.0,2.0,10.0,10.0,0.0,Não informado,Não informado
TXN_4837447,2023-11-06,2023,11,6,Cake,2.0,3.0,6.0,6.0,0.0,Digital Wallet,Takeaway
TXN_5517185,2023-11-05,2023,11,5,Smoothie,3.0,4.0,12.0,12.0,0.0,Digital Wallet,Não informado
TXN_3373997,2023-02-01,2023,2,1,Salad,4.0,5.0,20.0,20.0,0.0,Não informado,Não informado
TXN_1950343,2023-07-25,2023,7,25,Cookie,2.0,1.0,2.0,2.0,0.0,Não informado,Não informado
TXN_4477016,2023-04-12,2023,4,12,Sandwich,4.0,4.0,,16.0,,Não informado,In-store
TXN_2644403,2023-12-22,2023,12,22,Tea,4.0,1.5,6.0,6.0,0.0,Não informado,Não informado
TXN_7246698,2023-06-22,2023,6,22,Sandwich,3.0,4.0,12.0,12.0,0.0,Não informado,In-store
TXN_8063016,2023-02-27,2023,2,27,Cookie,1.0,1.0,,1.0,,Cash,Não informado
TXN_6780463,2023-10-26,2023,10,26,Tea,3.0,1.5,4.5,4.5,0.0,Não informado,Não informado
TXN_5560669,2023-06-30,2023,6,30,Salad,5.0,5.0,25.0,25.0,0.0,Credit Card,Não informado
TXN_4046095,2023-10-12,2023,10,12,Juice,2.0,3.0,6.0,6.0,0.0,Digital Wallet,Takeaway
TXN_6559598,2023-05-08,2023,5,8,Juice,1.0,3.0,3.0,3.0,0.0,Digital Wallet,Não informado
TXN_9707159,2023-11-10,2023,11,10,Cake,5.0,3.0,15.0,15.0,0.0,Credit Card,In-store
TXN_9983518,2023-07-18,2023,7,18,Tea,2.0,1.5,3.0,3.0,0.0,Credit Card,In-store
TXN_1714348,2023-12-31,2023,12,31,Sandwich,2.0,4.0,8.0,8.0,0.0,Cash,Takeaway
TXN_8211288,2023-04-23,2023,4,23,Smoothie,1.0,4.0,4.0,4.0,0.0,Cash,In-store
TXN_6335423,2023-06-18,2023,6,18,Coffee,2.0,2.0,4.0,4.0,0.0,Credit Card,In-store
TXN_9475783,2023-02-11,2023,2,11,Sandwich,5.0,4.0,20.0,20.0,0.0,Credit Card,Takeaway
TXN_4108869,2023-05-02,2023,5,2,Smoothie,5.0,4.0,20.0,20.0,0.0,Não informado,Não informado
TXN_6011341,2023-12-21,2023,12,21,Juice,4.0,3.0,12.0,12.0,0.0,Não informado,In-store
TXN_5257531,2023-04-10,2023,4,10,Tea,2.0,1.5,3.0,3.0,0.0,Não informado,Não informado
TXN_1645743,2023-07-02,2023,7,2,Cookie,4.0,1.0,4.0,4.0,0.0,Digital Wallet,Takeaway
TXN_8167311,2023-10-09,2023,10,9,Salad,1.0,5.0,5.0,5.0,0.0,Não informado,Takeaway
TXN_2377667,2023-10-27,2023,10,27,Smoothie,3.0,4.0,12.0,12.0,0.0,Digital Wallet,Takeaway
TXN_3312574,2023-11-03,2023,11,3,Cookie,2.0,1.0,2.0,2.0,0.0,Não informado,Não informado
TXN_9208629,2023-03-30,2023,3,30,Cake,1.0,3.0,3.0,3.0,0.0,Não informado,Takeaway
TXN_6846085,2023-02-26,2023,2,26,Cookie,4.0,1.0,4.0,4.0,0.0,Digital Wallet,Não informado
TXN_6716151,2023-01-26,2023,1,26,Sandwich,3.0,4.0,12.0,12.0,0.0,Digital Wallet,Takeaway
TXN_5303258,2023-09-28,2023,9,28,Sandwich,4.0,4.0,16.0,16.0,0.0,Digital Wallet,In-store
TXN_2947683,2023-05-14,2023,5,14,Cake,3.0,3.0,9.0,9.0,0.0,Não informado,In-store
TXN_8831659,2023-01-29,2023,1,29,Sandwich,1.0,4.0,4.0,4.0,0.0,Credit Card,Não informado
TXN_2188342,2023-09-10,2023,9,10,Coffee,3.0,2.0,6.0,6.0,0.0,Cash,Não informado
TXN_3843943,2023-07-01,2023,7,1,Tea,5.0,1.5,7.5,7.5,0.0,Não informado,Takeaway
TXN_9456357,2023-02-21,2023,2,21,Cake,3.0,3.0,9.0,9.0,0.0,Credit Card,Não informado
TXN_9549021,2023-11-25,2023,11,25,Salad,2.0,5.0,10.0,10.0,0.0,Não informado,Não informado
TXN_9263030,2023-07-03,2023,7,3,Sandwich,5.0,4.0,20.0,20.0,0.0,Cash,Takeaway
TXN_4129476,2023-10-24,2023,10,24,Coffee,2.0,2.0,4.0,4.0,0.0,Cash,Não informado
TXN_7060691,2023-10-25,2023,10,25,Salad,5.0,5.0,25.0,25.0,0.0,Credit Card,Não informado
TXN_5528787,2023-10-22,2023,10,22,Juice,2.0,3.0,6.0,6.0,0.0,Digital Wallet,Não informado
TXN_8952145,2023-01-28,2023,1,28,Cake,3.0,3.0,9.0,9.0,0.0,Credit Card,Takeaway
TXN_8062811,2023-04-07,2023,4,7,Coffee,2.0,2.0,,4.0,,Cash,Takeaway
TXN_2020445,2023-03-06,2023,3,6,Smoothie,2.0,4.0,8.0,8.0,0.0,Cash,Não informado
TXN_7855761,2023-01-10,2023,1,10,Cookie,1.0,1.0,1.0,1.0,0.0,Cash,In-store
TXN_9455977,2023-03-10,2023,3,10,Tea,1.0,1.5,1.5,1.5,0.0,Digital Wallet,Takeaway
TXN_6684056,2023-09-14,2023,9,14,Smoothie,2.0,4.0,,8.0,,Não informado,Não informado
TXN_6085326,2023-08-22,2023,8,22,Cake,2.0,3.0,6.0,6.0,0.0,Não informado,Não informado
TXN_4528522,2023-12-04,2023,12,4,Coffee,5.0,2.0,10.0,10.0,0.0,Digital Wallet,Takeaway
TXN_7049861,2023-01-20,2023,1,20,Cake,5.0,3.0,15.0,15.0,0.0,Cash,In-store
TXN_7312448,2023-01-16,2023,1,16,Tea,1.0,1.5,1.5,1.5,0.0,Não informado,Não informado
TXN_4982382,2023-01-05,2023,1,5,Salad,1.0,5.0,5.0,5.0,0.0,Cash,Não informado
TXN_9001844,2023-08-02,2023,8,2,Sandwich,1.0,4.0,4.0,4.0,0.0,Cash,Takeaway
TXN_9104710,2023-03-20,2023,3,20,Salad,5.0,5.0,25.0,25.0,0.0,Cash,Takeaway
TXN_8266662,2023-04-09,2023,4,9,Coffee,5.0,2.0,10.0,10.0,0.0,Credit Card,Não informado
TXN_7755216,2023-02-03,2023,2,3,Salad,5.0,5.0,25.0,25.0,0.0,Não informado,In-store
TXN_2241162,2023-08-09,2023,8,9,Juice,3.0,3.0,,9.0,,Não informado,Não informado
TXN_5757933,2023-02-20,2023,2,20,Tea,1.0,1.5,1.5,1.5,0.0,Cash,Não informado
TXN_8859144,2023-01-15,2023,1,15,Cake,1.0,3.0,3.0,3.0,0.0,Digital Wallet,Takeaway
TXN_8740257,2023-06-09,2023,6,9,Cake,5.0,3.0,15.0,15.0,0.0,Digital Wallet,Não informado
TXN_4271034,2023-02-28,2023,2,28,Smoothie,3.0,4.0,12.0,12.0,0.0,Digital Wallet,In-store
TXN_2741424,2023-05-03,2023,5,3,Tea,4.0,1.5,6.0,6.0,0.0,Credit Card,In-store
TXN_6676143,2023-05-21,2023,5,21,Sandwich,5.0,4.0,20.0,20.0,0.0,Cash,In-store
TXN_2199647,2023-05-05,2023,5,5,Salad,1.0,5.0,5.0,5.0,0.0,Cash,Não informado
TXN_3016079,2023-09-24,2023,9,24,Smoothie,3.0,4.0,12.0,12.0,0.0,Digital Wallet,Takeaway
TXN_6881662,2023-07-10,2023,7,10,Salad,2.0,5.0,10.0,10.0,0.0,Digital Wallet,Takeaway
TXN_4238818,2023-04-05,2023,4,5,Coffee,2.0,2.0,4.0,4.0,0.0,Digital Wallet,Não informado
TXN_2146829,2023-12-26,2023,12,26,Salad,4.0,5.0,20.0,20.0,0.0,Cash,Não informado
TXN_8131537,2023-12-03,2023,12,3,Smoothie,2.0,4.0,8.0,8.0,0.0,Credit Card,Não informado
TXN_9812021,2023-02-12,2023,2,12,Tea,5.0,1.5,7.5,7.5,0.0,Credit Card,In-store
TXN_7947711,2023-12-06,2023,12,6,Salad,3.0,5.0,15.0,15.0,0.0,Digital Wallet,Takeaway
TXN_6774688,2023-01-18,2023,1,18,Salad,1.0,5.0,5.0,5.0,0.0,Credit Card,Não informado
TXN_3949676,2023-12-21,2023,12,21,Juice,4.0,3.0,12.0,12.0,0.0,Credit Card,In-store
TXN_4283693,2023-01-05,2023,1,5,Salad,2.0,5.0,10.0,10.0,0.0,Cash,In-store
TXN_2274945,2023-03-29,2023,3,29,Sandwich,4.0,4.0,16.0,16.0,0.0,Cash,In-store
TXN_6787259,2023-08-18,2023,8,18,Sandwich,2.0,4.0,8.0,8.0,0.0,Credit Card,In-store
TXN_7062893,2023-10-15,2023,10,15,Smoothie,2.0,4.0,,8.0,,Digital Wallet,In-store
TXN_8533584,2023-03-11,2023,3,11,Cookie,2.0,1.0,2.0,2.0,0.0,Cash,Takeaway
TXN_4311369,2023-08-18,2023,8,18,Smoothie,2.0,4.0,8.0,8.0,0.0,Digital Wallet,Takeaway
TXN_7123353,2023-02-08,2023,2,8,Cookie,4.0,1.0,4.0,4.0,0.0,Não informado,In-store
TXN_8230414,2023-11-20,2023,11,20,Sandwich,4.0,4.0,16.0,16.0,0.0,Cash,Não informado
TXN_3738314,2023-08-06,2023,8,6,Sandwich,4.0,4.0,16.0,16.0,0.0,Não informado,Não informado
TXN_3200434,2023-02-18,2023,2,18,Cake,4.0,3.0,12.0,12.0,0.0,Não informado,Não informado
TXN_7485706,2023-11-15,2023,11,15,Cookie,5.0,1.0,5.0,5.0,0.0,Credit Card,Takeaway
TXN_9908225,2023-01-04,2023,1,4,Smoothie,5.0,4.0,20.0,20.0,0.0,Credit Card,In-store
TXN_7163533,2023-08-17,2023,8,17,Smoothie,4.0,4.0,16.0,16.0,0.0,Credit Card,Takeaway
TXN_6867995,2023-10-15,2023,10,15,Cookie,3.0,1.0,3.0,3.0,0.0,Digital Wallet,In-store
TXN_9563685,2023-07-28,2023,7,28,Salad,1.0,5.0,5.0,5.0,0.0,Credit Card,Não informado
TXN_3345675,2023-09-23,2023,9,23,Cookie,4.0,1.0,4.0,4.0,0.0,Não informado,Não informado
TXN_9890734,2023-04-17,2023,4,17,Smoothie,4.0,4.0,16.0,16.0,0.0,Não informado,Takeaway
TXN_7697294,2023-01-17,2023,1,17,Smoothie,3.0,4.0,12.0,12.0,0.0,Não informado,Não informado
TXN_5256055,2023-02-07,2023,2,7,Salad,5.0,5.0,25.0,25.0,0.0,Credit Card,Takeaway
TXN_6067979,2023-07-29,2023,7,29,Sandwich,1.0,4.0,4.0,4.0,0.0,Credit Card,In-store
TXN_4340811,2023-04-15,2023,4,15,Cake,5.0,3.0,15.0,15.0,0.0,Não informado,In-store
TXN_6515226,2023-01-05,2023,1,5,Juice,1.0,3.0,3.0,3.0,0.0,Digital Wallet,Não informado
TXN_6069730,2023-02-05,2023,2,5,Juice,1.0,3.0,3.0,3.0,0.0,Cash,In-store
TXN_2396191,2023-05-12,2023,5,12,Juice,4.0,3.0,12.0,12.0,0.0,Credit Card,Não informado
TXN_5223162,2023-10-29,2023,10,29,Juice,3.0,3.0,9.0,9.0,0.0,Digital Wallet,Não informado
TXN_4224401,2023-12-18,2023,12,18,Salad,3.0,5.0,15.0,15.0,0.0,Digital Wallet,In-store
TXN_9298882,2023-01-13,2023,1,13,Sandwich,3.0,4.0,12.0,12.0,0.0,Não informado,Não informado
TXN_1048616,2023-10-10,2023,10,10,Tea,1.0,1.5,,1.5,,Cash,Não informado
TXN_5896141,2023-03-08,2023,3,8,Smoothie,5.0,4.0,20.0,20.0,0.0,Não informado,In-store
TXN_6929664,2023-03-05,2023,3,5,Coffee,1.0,2.0,2.0,2.0,0.0,Não informado,Takeaway
TXN_1570632,2023-02-28,2023,2,28,Sandwich,5.0,4.0,,20.0,,Digital Wallet,Não informado
TXN_4650811,2023-09-26,2023,9,26,Tea,5.0,1.5,7.5,7.5,0.0,Cash,Não informado
TXN_9858152,2023-01-28,2023,1,28,Smoothie,2.0,4.0,8.0,8.0,0.0,Digital Wallet,In-store
TXN_2666773,2023-06-29,2023,6,29,Juice,3.0,3.0,9.0,9.0,0.0,Credit Card,Não informado
TXN_4060332,2023-07-10,2023,7,10,Smoothie,3.0,4.0,12.0,12.0,0.0,Credit Card,Takeaway
TXN_2780349,2023-11-12,2023,11,12,Coffee,5.0,2.0,10.0,10.0,0.0,Cash,Não informado
TXN_2905218,2023-09-03,2023,9,3,Smoothie,5.0,4.0,20.0,20.0,0.0,Cash,In-store
TXN_2041190,2023-11-04,2023,11,4,Juice,1.0,3.0,3.0,3.0,0.0,Digital Wallet,Não informado
TXN_8269366,2023-10-31,2023,10,31,Sandwich,1.0,4.0,4.0,4.0,0.0,Não informado,Não informado
TXN_8277583,2023-08-15,2023,8,15,Cookie,5.0,1.0,5.0,5.0,0.0,Digital Wallet,Takeaway
TXN_3785049,2023-11-26,2023,11,26,Sandwich,4.0,4.0,16.0,16.0,0.0,Não informado,Não informado
TXN_8819928,2023-06-03,2023,6,3,Coffee,5.0,2.0,10.0,10.0,0.0,Não informado,Não informado
TXN_2078317,2023-09-21,2023,9,21,Tea,1.0,1.5,1.5,1.5,0.0,Cash,In-store
TXN_4442954,2023-12-15,2023,12,15,Coffee,2.0,2.0,4.0,4.0,0.0,Cash,Não informado
TXN_1560873,2023-07-19,2023,7,19,Cookie,2.0,1.0,2.0,2.0,0.0,Não informado,Takeaway
TXN_7057481,2023-07-11,2023,7,11,Smoothie,3.0,4.0,12.0,12.0,0.0,Cash,In-store
TXN_6869767,2023-06-06,2023,6,6,Smoothie,2.0,4.0,,8.0,,Digital Wallet,Takeaway
TXN_9714665,2023-11-11,2023,11,11,Salad,1.0,5.0,5.0,5.0,0.0,Não informado,Takeaway
TXN_4155770,2023-09-20,2023,9,20,Salad,5.0,5.0,25.0,25.0,0.0,Não informado,In-store
TXN_1828494,2023-07-21,2023,7,21,Juice,2.0,3.0,6.0,6.0,0.0,Digital Wallet,Takeaway
TXN_6011304,2023-11-20,2023,11,20,Cake,4.0,3.0,,12.0,,Cash,Não informado
TXN_6223157,2023-09-13,2023,9,13,Salad,1.0,5.0,5.0,5.0,0.0,Não informado,Takeaway
TXN_8526084,2023-03-05,2023,3,5,Cake,5.0,3.0,15.0,15.0,0.0,Não informado,Takeaway
TXN_3509609,2023-12-25,2023,12,25,Smoothie,3.0,4.0,12.0,12.0,0.0,Digital Wallet,Takeaway
TXN_4276442,2023-01-25,2023,1,25,Cake,4.0,3.0,12.0,12.0,0.0,Credit Card,In-store
TXN_7956243,2023-05-23,2023,5,23,Cake,4.0,3.0,12.0,12.0,0.0,Cash,Takeaway
TXN_4798335,2023-02-16,2023,2,16,Sandwich,5.0,4.0,20.0,20.0,0.0,Não informado,Takeaway
TXN_9336674,2023-01-18,2023,1,18,Salad,4.0,5.0,20.0,20.0,0.0,Não informado,Não informado
TXN_5257169,2023-01-12,2023,1,12,Juice,4.0,3.0,12.0,12.0,0.0,Credit Card,Não informado
TXN_5929633,2023-02-27,2023,2,27,Cake,3.0,3.0,9.0,9.0,0.0,Não informado,In-store
TXN_9323014,2023-08-15,2023,8,15,Cookie,3.0,1.0,3.0,3.0,0.0,Não informado,In-store
TXN_1473693,2023-05-14,2023,5,14,Smoothie,4.0,4.0,16.0,16.0,0.0,Não informado,Takeaway
TXN_3827851,2023-01-09,2023,1,9,Coffee,1.0,2.0,2.0,2.0,0.0,Não informado,Não informado
TXN_9087746,2023-04-03,2023,4,3,Coffee,4.0,2.0,,8.0,,Digital Wallet,Não informado
TXN_3709853,2023-08-21,2023,8,21,Smoothie,2.0,4.0,8.0,8.0,0.0,Credit Card,Takeaway
TXN_1408709,2023-04-14,2023,4,14,Smoothie,5.0,4.0,20.0,20.0,0.0,Cash,Takeaway
TXN_4003040,2023-09-12,2023,9,12,Cookie,4.0,1.0,4.0,4.0,0.0,Credit Card,In-store
TXN_1021087,2023-11-01,2023,11,1,Sandwich,1.0,4.0,4.0,4.0,0.0,Não informado,Não informado
TXN_2530326,2023-05-06,2023,5,6,Sandwich,5.0,4.0,20.0,20.0,0.0,Não informado,In-store
TXN_9781679,2023-09-08,2023,9,8,Sandwich,2.0,4.0,8.0,8.0,0.0,Credit Card,Takeaway
TXN_5499117,2023-07-16,2023,7,16,Salad,4.0,5.0,20.0,20.0,0.0,Digital Wallet,Não informado
TXN_9370771,2023-08-21,2023,8,21,Juice,5.0,3.0,15.0,15.0,0.0,Cash,In-store
TXN_5914284,2023-06-25,2023,6,25,Coffee,2.0,2.0,4.0,4.0,0.0,Credit Card,Takeaway
TXN_9590819,2023-11-21,2023,11,21,Coffee,3.0,2.0,6.0,6.0,0.0,Não informado,In-store
TXN_9878649,2023-09-18,2023,9,18,Smoothie,5.0,4.0,20.0,20.0,0.0,Cash,Takeaway
TXN_5909816,2023-09-19,2023,9,19,Juice,5.0,3.0,15.0,15.0,0.0,Cash,Takeaway
TXN_9461980,2023-04-14,2023,4,14,Salad,1.0,5.0,5.0,5.0,0.0,Credit Card,In-store
TXN_8090470,2023-11-18,2023,11,18,Sandwich,4.0,4.0,16.0,16.0,0.0,Digital Wallet,Takeaway
TXN_6052534,2023-02-19,2023,2,19,Salad,4.0,5.0,20.0,20.0,0.0,Cash,Não informado
TXN_2119325,2023-11-13,2023,11,13,Cake,5.0,3.0,15.0,15.0,0.0,Não informado,In-store
TXN_9067752,2023-04-24,2023,4,24,Smoothie,2.0,4.0,8.0,8.0,0.0,Digital Wallet,Takeaway
TXN_8211133,2023-08-31,2023,8,31,Tea,2.0,1.5,3.0,3.0,0.0,Não informado,Takeaway
TXN_2331025,2023-04-28,2023,4,28,Cookie,2.0,1.0,2.0,2.0,0.0,Cash,Não informado
TXN_3543133,2023-04-08,2023,4,8,Tea,2.0,1.5,3.0,3.0,0.0,Não informado,Não informado
TXN_2640771,2023-01-27,2023,1,27,Cookie,2.0,1.0,2.0,2.0,0.0,Digital Wallet,Takeaway
TXN_1103883,2023-08-09,2023,8,9,Cookie,5.0,1.0,5.0,5.0,0.0,Credit Card,Não informado
TXN_8593064,2023-03-12,2023,3,12,Smoothie,4.0,4.0,16.0,16.0,0.0,Cash,Takeaway
TXN_2873573,2023-01-11,2023,1,11,Coffee,3.0,2.0,6.0,6.0,0.0,Não informado,In-store
TXN_8659330,2023-08-20,2023,8,20,Tea,4.0,1.5,6.0,6.0,0.0,Credit Card,Takeaway
TXN_2898571,2023-05-10,2023,5,10,Smoothie,3.0,4.0,12.0,12.0,0.0,Não informado,Não informado
TXN_1584851,2023-04-10,2023,4,10,Smoothie,1.0,4.0,4.0,4.0,0.0,Credit Card,Não informado
TXN_9430262,2023-03-16,2023,3,16,Coffee,5.0,2.0,10.0,10.0,0.0,Não informado,Não informado
TXN_9042309,2023-12-03,2023,12,3,Coffee,2.0,2.0,4.0,4.0,0.0,Cash,Não informado
TXN_4816652,2023-07-17,2023,7,17,Sandwich,1.0,4.0,4.0,4.0,0.0,Não informado,Não informado
TXN_8567172,2023-02-05,2023,2,5,Coffee,3.0,2.0,,6.0,,Não informado,In-store
TXN_2317867,2023-01-23,2023,1,23,Tea,5.0,1.5,7.5,7.5,0.0,Cash,In-store
TXN_4416436,2023-05-17,2023,5,17,Coffee,3.0,2.0,6.0,6.0,0.0,Digital Wallet,Não informado
TXN_7467621,2023-01-28,2023,1,28,Salad,4.0,5.0,20.0,20.0,0.0,Credit Card,Takeaway
TXN_5005999,2023-01-09,2023,1,9,Salad,4.0,5.0,20.0,20.0,0.0,Cash,Não informado
TXN_8664295,2023-02-23,2023,2,23,Smoothie,2.0,4.0,8.0,8.0,0.0,Credit Card,Não informado
TXN_4971093,2023-03-27,2023,3,27,Smoothie,4.0,4.0,16.0,16.0,0.0,Não informado,Takeaway
TXN_3602272,2023-02-15,2023,2,15,Smoothie,3.0,4.0,12.0,12.0,0.0,Digital Wallet,Takeaway
TXN_4913329,2023-10-30,2023,10,30,Coffee,5.0,2.0,10.0,10.0,0.0,Credit Card,Takeaway
TXN_8830809,2023-07-31,2023,7,31,Sandwich,5.0,4.0,20.0,20.0,0.0,Digital Wallet,In-store
TXN_7223387,2023-12-17,2023,12,17,Juice,3.0,3.0,9.0,9.0,0.0,Cash,Não informado
TXN_1629092,2023-02-13,2023,2,13,Cookie,3.0,1.0,3.0,3.0,0.0,Credit Card,Não informado
TXN_4363360,2023-12-22,2023,12,22,Smoothie,1.0,4.0,,4.0,,Credit Card,Não informado
TXN_9689507,2023-06-10,2023,6,10,Salad,3.0,5.0,,15.0,,Cash,In-store
TXN_3317406,2023-01-04,2023,1,4,Sandwich,3.0,4.0,12.0,12.0,0.0,Não informado,Takeaway
TXN_9662632,2023-08-10,2023,8,10,Salad,4.0,5.0,20.0,20.0,0.0,Digital Wallet,In-store
TXN_1364211,2023-03-08,2023,3,8,Salad,2.0,5.0,10.0,10.0,0.0,Não informado,In-store
TXN_2673294,2023-11-11,2023,11,11,Coffee,3.0,2.0,,6.0,,Cash,Não informado
TXN_2112848,2023-10-16,2023,10,16,Cookie,4.0,1.0,4.0,4.0,0.0,Credit Card,In-store
TXN_1801691,2023-05-18,2023,5,18,Salad,1.0,5.0,5.0,5.0,0.0,Não informado,Takeaway
TXN_6424195,2023-09-14,2023,9,14,Coffee,3.0,2.0,6.0,6.0,0.0,Não informado,Takeaway
TXN_6923480,2023-10-27,2023,10,27,Coffee,3.0,2.0,6.0,6.0,0.0,Cash,Takeaway
TXN_7416669,2023-09-28,2023,9,28,Tea,3.0,1.5,4.5,4.5,0.0,Não informado,Não informado
TXN_3693990,2023-07-19,2023,7,19,Cookie,2.0,1.0,2.0,2.0,0.0,Não informado,In-store
TXN_8652632,2023-01-12,2023,1,12,Tea,1.0,1.5,,1.5,,Digital Wallet,Não informado
TXN_4141765,2023-12-17,2023,12,17,Cake,5.0,3.0,15.0,15.0,0.0,Não informado,Não informado
TXN_8180793,2023-11-17,2023,11,17,Cookie,4.0,1.0,4.0,4.0,0.0,Digital Wallet,Não informado
TXN_8875195,2023-08-21,2023,8,21,Sandwich,5.0,4.0,20.0,20.0,0.0,Credit Card,In-store
TXN_9928552,2023-06-13,2023,6,13,Sandwich,5.0,4.0,20.0,20.0,0.0,Credit Card,Takeaway
TXN_3456748,2023-01-30,2023,1,30,Juice,2.0,3.0,6.0,6.0,0.0,Cash,In-store
TXN_5680687,2023-11-22,2023,11,22,Salad,4.0,5.0,,20.0,,Credit Card,Não informado
TXN_9349736,2023-03-18,2023,3,18,Sandwich,5.0,4.0,20.0,20.0,0.0,Cash,Não informado
TXN_7558010,2023-03-27,2023,3,27,Juice,4.0,3.0,12.0,12.0,0.0,Não informado,Não informado
TXN_8172897,2023-03-14,2023,3,14,Cookie,3.0,1.0,3.0,3.0,0.0,Não informado,Takeaway
TXN_8540794,2023-04-06,2023,4,6,Cake,4.0,3.0,12.0,12.0,0.0,Cash,Não informado
TXN_5966744,2023-12-13,2023,12,13,Tea,3.0,1.5,4.5,4.5,0.0,Não informado,In-store
TXN_3912440,2023-05-21,2023,5,21,Tea,2.0,1.5,3.0,3.0,0.0,Não informado,In-store
TXN_7657615,2023-07-17,2023,7,17,Juice,3.0,3.0,,9.0,,Credit Card,Não informado
TXN_4020074,2023-03-01,2023,3,1,Cookie,3.0,1.0,3.0,3.0,0.0,Não informado,Não informado
TXN_8942747,2023-12-14,2023,12,14,Cookie,5.0,1.0,5.0,5.0,0.0,Não informado,Takeaway
TXN_3902815,2023-06-28,2023,6,28,Juice,5.0,3.0,15.0,15.0,0.0,Não informado,Não informado
TXN_6218380,2023-02-07,2023,2,7,Cookie,4.0,1.0,4.0,4.0,0.0,Cash,In-store
TXN_3839691,2023-02-13,2023,2,13,Coffee,4.0,2.0,8.0,8.0,0.0,Credit Card,In-store
TXN_4866254,2023-03-18,2023,3,18,Salad,4.0,5.0,20.0,20.0,0.0,Cash,Não informado
TXN_8935781,2023-09-10,2023,9,10,Coffee,2.0,2.0,4.0,4.0,0.0,Não informado,Não informado
TXN_2559020,2023-07-20,2023,7,20,Cake,1.0,3.0,3.0,3.0,0.0,Digital Wallet,Takeaway
TXN_8607376,2023-06-13,2023,6,13,Coffee,5.0,2.0,10.0,10.0,0.0,Cash,In-store
TXN_5858713,2023-03-05,2023,3,5,Cookie,2.0,1.0,2.0,2.0,0.0,Credit Card,In-store
TXN_3312690,2023-03-01,2023,3,1,Cookie,3.0,1.0,3.0,3.0,0.0,Credit Card,In-store
TXN_8687088,2023-05-11,2023,5,11,Cookie,2.0,1.0,2.0,2.0,0.0,Credit Card,In-store
TXN_9618881,2023-02-15,2023,2,15,Coffee,5.0,2.0,10.0,10.0,0.0,Não informado,Não informado
TXN_5139074,2023-11-16,2023,11,16,Cake,1.0,3.0,3.0,3.0,0.0,Digital Wallet,Takeaway
TXN_2799785,2023-01-25,2023,1,25,Juice,1.0,3.0,3.0,3.0,0.0,Cash,Não informado
TXN_8155535,2023-03-13,2023,3,13,Cake,1.0,3.0,3.0,3.0,0.0,Não informado,Takeaway
TXN_5301926,2023-11-13,2023,11,13,Cake,1.0,3.0,3.0,3.0,0.0,Digital Wallet,Takeaway
TXN_2379467,2023-04-01,2023,4,1,Coffee,5.0,2.0,10.0,10.0,0.0,Não informado,Não informado
TXN_1837617,2023-01-16,2023,1,16,Juice,3.0,3.0,9.0,9.0,0.0,Não informado,Não informado
TXN_3454881,2023-11-29,2023,11,29,Salad,1.0,5.0,5.0,5.0,0.0,Cash,In-store
TXN_4472969,2023-09-15,2023,9,15,Juice,1.0,3.0,3.0,3.0,0.0,Credit Card,Não informado
TXN_1905459,2023-08-18,2023,8,18,Smoothie,3.0,4.0,12.0,12.0,0.0,Digital Wallet,Não informado
TXN_4361614,2023-04-28,2023,4,28,Smoothie,2.0,4.0,8.0,8.0,0.0,Não informado,Takeaway
TXN_1665056,2023-01-05,2023,1,5,Salad,5.0,5.0,25.0,25.0,0.0,Cash,Não informado
TXN_2904046,2023-12-11,2023,12,11,Smoothie,1.0,4.0,4.0,4.0,0.0,Credit Card,In-store
TXN_9743274,2023-01-25,2023,1,25,Tea,5.0,1.5,7.5,7.5,0.0,Não informado,Não informado
TXN_5518232,2023-05-01,2023,5,1,Salad,3.0,5.0,15.0,15.0,0.0,Não informado,Takeaway
TXN_3770267,2023-10-21,2023,10,21,Cake,2.0,3.0,6.0,6.0,0.0,Não informado,Não informado
TXN_6540200,2023-10-23,2023,10,23,Tea,2.0,1.5,3.0,3.0,0.0,Digital Wallet,In-store
TXN_7486118,2023-05-22,2023,5,22,Sandwich,4.0,4.0,16.0,16.0,0.0,Não informado,Takeaway
TXN_5424614,2023-11-12,2023,11,12,Cake,1.0,3.0,3.0,3.0,0.0,Não informado,In-store
TXN_6271598,2023-08-18,2023,8,18,Juice,5.0,3.0,15.0,15.0,0.0,Cash,Não informado
TXN_7562313,2023-12-15,2023,12,15,Cake,2.0,3.0,6.0,6.0,0.0,Não informado,Não informado
TXN_9188774,2023-04-14,2023,4,14,Tea,1.0,1.5,1.5,1.5,0.0,Digital Wallet,Takeaway
TXN_9685716,2023-02-26,2023,2,26,Cookie,2.0,1.0,2.0,2.0,0.0,Digital Wallet,Não informado
TXN_7493800,2023-08-16,2023,8,16,Cake,5.0,3.0,15.0,15.0,0.0,Credit Card,Takeaway
TXN_6833564,2023-04-21,2023,4,21,Smoothie,5.0,4.0,20.0,20.0,0.0,Não informado,Não informado
TXN_9411395,2023-05-12,2023,5,12,Coffee,5.0,2.0,10.0,10.0,0.0,Não informado,Não informado
TXN_8413251,2023-08-18,2023,8,18,Sandwich,3.0,4.0,12.0,12.0,0.0,Cash,Takeaway
TXN_6990331,2023-07-30,2023,7,30,Juice,1.0,3.0,3.0,3.0,0.0,Digital Wallet,Não informado
TXN_2715086,2023-11-03,2023,11,3,Juice,2.0,3.0,6.0,6.0,0.0,Cash,Não informado
TXN_1444932,2023-05-24,2023,5,24,Smoothie,1.0,4.0,4.0,4.0,0.0,Cash,In-store
TXN_2747156,2023-01-29,2023,1,29,Cookie,1.0,1.0,1.0,1.0,0.0,Não informado,In-store
TXN_5065748,2023-07-19,2023,7,19,Cake,5.0,3.0,15.0,15.0,0.0,Credit Card,In-store
TXN_8014645,2023-07-06,2023,7,6,Cake,2.0,3.0,6.0,6.0,0.0,Cash,Takeaway
TXN_2910247,2023-12-02,2023,12,2,Smoothie,4.0,4.0,16.0,16.0,0.0,Digital Wallet,Não informado
TXN_4549977,2023-08-21,2023,8,21,Cookie,1.0,1.0,1.0,1.0,0.0,Cash,Não informado
TXN_1736294,2023-09-06,2023,9,6,Coffee,3.0,2.0,6.0,6.0,0.0,Digital Wallet,Não informado
TXN_1698600,2023-07-31,2023,7,31,Salad,4.0,5.0,20.0,20.0,0.0,Cash,Takeaway
TXN_3463568,2023-04-12,2023,4,12,Salad,2.0,5.0,10.0,10.0,0.0,Digital Wallet,In-store
TXN_6773319,2023-05-03,2023,5,3,Tea,4.0,1.5,,6.0,,Não informado,Takeaway
TXN_8392086,2023-07-12,2023,7,12,Smoothie,4.0,4.0,16.0,16.0,0.0,Não informado,Não informado
TXN_9968926,2023-03-15,2023,3,15,Juice,2.0,3.0,6.0,6.0,0.0,Digital Wallet,Takeaway
TXN_4719069,2023-01-04,2023,1,4,Juice,2.0,3.0,6.0,6.0,0.0,Digital Wallet,Não informado
TXN_3809941,2023-11-01,2023,11,1,Cookie,4.0,1.0,4.0,4.0,0.0,Credit Card,Não informado
TXN_1935119,2023-07-15,2023,7,15,Coffee,4.0,2.0,8.0,8.0,0.0,Credit Card,Takeaway
TXN_8246369,2023-10-16,2023,10,16,Juice,1.0,3.0,,3.0,,Credit Card,Não informado
TXN_2009782,2023-05-11,2023,5,11,Salad,5.0,5.0,25.0,25.0,0.0,Credit Card,Não informado
TXN_4635230,2023-06-10,2023,6,10,Sandwich,3.0,4.0,12.0,12.0,0.0,Não informado,In-store
TXN_9583176,2023-05-03,2023,5,3,Cookie,5.0,1.0,5.0,5.0,0.0,Não informado,In-store
TXN_6784478,2023-12-21,2023,12,21,Cookie,2.0,1.0,2.0,2.0,0.0,Credit Card,Takeaway
TXN_3866162,2023-06-08,2023,6,8,Cake,5.0,3.0,15.0,15.0,0.0,Cash,Takeaway
TXN_7612056,2023-03-08,2023,3,8,Cookie,5.0,1.0,5.0,5.0,0.0,Credit Card,Não informado
TXN_9259900,2023-08-07,2023,8,7,Salad,4.0,5.0,20.0,20.0,0.0,Digital Wallet,Não informado
TXN_4650834,2023-07-14,2023,7,14,Salad,3.0,5.0,15.0,15.0,0.0,Digital Wallet,Takeaway
TXN_1192970,2023-06-17,2023,6,17,Coffee,2.0,2.0,4.0,4.0,0.0,Digital Wallet,Takeaway
TXN_7645464,2023-08-17,2023,8,17,Tea,5.0,1.5,7.5,7.5,0.0,Cash,Takeaway
TXN_4205860,2023-09-10,2023,9,10,Salad,5.0,5.0,25.0,25.0,0.0,Não informado,Não informado
TXN_9495855,2023-04-18,2023,4,18,Juice,2.0,3.0,6.0,6.0,0.0,Cash,In-store
TXN_5712248,2023-03-02,2023,3,2,Sandwich,5.0,4.0,20.0,20.0,0.0,Não informado,Takeaway
TXN_4582966,2023-10-28,2023,10,28,Juice,2.0,3.0,6.0,6.0,0.0,Não informado,Não informado
TXN_4203885,2023-05-11,2023,5,11,Tea,3.0,1.5,4.5,4.5,0.0,Cash,Não informado
TXN_1887083,2023-05-05,2023,5,5,Juice,1.0,3.0,3.0,3.0,0.0,Digital Wallet,Não informado
TXN_5602640,2023-04-01,2023,4,1,Smoothie,5.0,4.0,20.0,20.0,0.0,Não informado,Takeaway
TXN_8285410,2023-09-10,2023,9,10,Coffee,4.0,2.0,8.0,8.0,0.0,Credit Card,Não informado
TXN_6687699,2023-09-11,2023,9,11,Salad,4.0,5.0,20.0,20.0,0.0,Cash,In-store
TXN_2390146,2023-06-24,2023,6,24,Coffee,3.0,2.0,6.0,6.0,0.0,Não informado,Não informado
TXN_9478033,2023-04-08,2023,4,8,Cake,2.0,3.0,6.0,6.0,0.0,Não informado,In-store
TXN_8546777,2023-03-16,2023,3,16,Cake,4.0,3.0,12.0,12.0,0.0,Não informado,In-store
TXN_6433362,2023-12-07,2023,12,7,Cookie,2.0,1.0,2.0,2.0,0.0,Cash,In-store
TXN_4991594,2023-12-08,2023,12,8,Smoothie,2.0,4.0,8.0,8.0,0.0,Credit Card,In-store
TXN_9016451,2023-10-16,2023,10,16,Cookie,3.0,1.0,3.0,3.0,0.0,Não informado,Não informado
TXN_3516296,2023-05-29,2023,5,29,Sandwich,3.0,4.0,12.0,12.0,0.0,Não informado,In-store
TXN_9464961,2023-11-23,2023,11,23,Sandwich,4.0,4.0,,16.0,,Cash,In-store
TXN_7445257,2023-04-02,2023,4,2,Coffee,1.0,2.0,2.0,2.0,0.0,Não informado,Não informado
TXN_4463677,2023-02-27,2023,2,27,Salad,5.0,5.0,25.0,25.0,0.0,Digital Wallet,In-store
TXN_4886990,2023-12-17,2023,12,17,Salad,3.0,5.0,15.0,15.0,0.0,Não informado,Takeaway
TXN_4962147,2023-02-07,2023,2,7,Cake,2.0,3.0,6.0,6.0,0.0,Não informado,Não informado
TXN_5575420,2023-06-26,2023,6,26,Smoothie,3.0,4.0,12.0,12.0,0.0,Não informado,In-store
TXN_3628566,2023-08-17,2023,8,17,Coffee,5.0,2.0,10.0,10.0,0.0,Não informado,Não informado
TXN_5297746,2023-07-11,2023,7,11,Coffee,3.0,2.0,6.0,6.0,0.0,Credit Card,In-store
TXN_5230719,2023-03-23,2023,3,23,Cake,5.0,3.0,15.0,15.0,0.0,Credit Card,Não informado
TXN_9244886,2023-02-09,2023,2,9,Coffee,1.0,2.0,2.0,2.0,0.0,Não informado,Takeaway
TXN_8145813,2023-02-10,2023,2,10,Juice,4.0,3.0,12.0,12.0,0.0,Digital Wallet,In-store
TXN_4179797,2023-11-06,2023,11,6,Tea,2.0,1.5,3.0,3.0,0.0,Não informado,Não informado
TXN_7485379,2023-03-27,2023,3,27,Juice,1.0,3.0,3.0,3.0,0.0,Credit Card,Não informado
TXN_3801485,2023-11-10,2023,11,10,Coffee,5.0,2.0,10.0,10.0,0.0,Credit Card,In-store
TXN_2312908,2023-02-07,2023,2,7,Coffee,3.0,2.0,6.0,6.0,0.0,Cash,In-store
TXN_3620213,2023-09-09,2023,9,9,Coffee,2.0,2.0,4.0,4.0,0.0,Credit Card,In-store
TXN_4030181,2023-09-20,2023,9,20,Smoothie,5.0,4.0,20.0,20.0,0.0,Credit Card,Não informado
TXN_1664563,2023-04-28,2023,4,28,Smoothie,3.0,4.0,12.0,12.0,0.0,Cash,Não informado
TXN_2002730,2023-09-27,2023,9,27,Smoothie,2.0,4.0,8.0,8.0,0.0,Não informado,Takeaway
TXN_9662827,2023-09-30,2023,9,30,Tea,1.0,1.5,1.5,1.5,0.0,Não informado,Não informado
TXN_9579691,2023-01-16,2023,1,16,Cookie,5.0,1.0,5.0,5.0,0.0,Credit Card,In-store
TXN_4131020,2023-06-15,2023,6,15,Sandwich,2.0,4.0,8.0,8.0,0.0,Credit Card,Não informado
TXN_3462602,2023-08-27,2023,8,27,Cake,3.0,3.0,9.0,9.0,0.0,Credit Card,In-store
TXN_1149624,2023-09-14,2023,9,14,Cake,3.0,3.0,,9.0,,Não informado,Não informado
TXN_9152120,2023-03-28,2023,3,28,Sandwich,4.0,4.0,16.0,16.0,0.0,Cash,Takeaway
TXN_9018195,2023-10-07,2023,10,7,Cake,5.0,3.0,15.0,15.0,0.0,Cash,Não informado
TXN_6697374,2023-07-31,2023,7,31,Smoothie,2.0,4.0,8.0,8.0,0.0,Não informado,Não informado
TXN_4366417,2023-10-10,2023,10,10,Sandwich,3.0,4.0,12.0,12.0,0.0,Não informado,Takeaway
TXN_7511351,2023-10-07,2023,10,7,Tea,4.0,1.5,6.0,6.0,0.0,Cash,Takeaway
TXN_5205595,2023-03-01,2023,3,1,Juice,1.0,3.0,3.0,3.0,0.0,Não informado,In-store
TXN_8276063,2023-01-06,2023,1,6,Coffee,1.0,2.0,2.0,2.0,0.0,Credit Card,Não informado
TXN_1020478,2023-03-09,2023,3,9,Coffee,1.0,2.0,2.0,2.0,0.0,Digital Wallet,Takeaway
TXN_5176767,2023-05-03,2023,5,3,Smoothie,4.0,4.0,16.0,16.0,0.0,Não informado,Takeaway
TXN_6043396,2023-10-07,2023,10,7,Sandwich,3.0,4.0,12.0,12.0,0.0,Não informado,In-store
TXN_4975029,2023-04-23,2023,4,23,Smoothie,4.0,4.0,16.0,16.0,0.0,Cash,In-store
TXN_9493077,2023-01-10,2023,1,10,Cake,4.0,3.0,12.0,12.0,0.0,Credit Card,Não informado
TXN_3493771,2023-02-13,2023,2,13,Cake,2.0,3.0,6.0,6.0,0.0,Não informado,Não informado
TXN_8640673,2023-09-11,2023,9,11,Juice,2.0,3.0,6.0,6.0,0.0,Cash,In-store
TXN_4793771,2023-12-26,2023,12,26,Cake,4.0,3.0,12.0,12.0,0.0,Cash,Não informado
TXN_8107005,2023-09-15,2023,9,15,Juice,3.0,3.0,9.0,9.0,0.0,Não informado,Não informado
TXN_7857126,2023-08-21,2023,8,21,Cookie,4.0,1.0,4.0,4.0,0.0,Cash,Takeaway
TXN_2940613,2023-06-28,2023,6,28,Juice,4.0,3.0,12.0,12.0,0.0,Cash,Não informado
TXN_2407379,2023-03-13,2023,3,13,Smoothie,4.0,4.0,16.0,16.0,0.0,Digital Wallet,Não informado
TXN_4083004,2023-03-06,2023,3,6,Sandwich,5.0,4.0,20.0,20.0,0.0,Não informado,Takeaway
TXN_3635628,2023-10-28,2023,10,28,Sandwich,3.0,4.0,12.0,12.0,0.0,Digital Wallet,In-store
TXN_3554772,2023-10-06,2023,10,6,Tea,3.0,1.5,4.5,4.5,0.0,Credit Card,Não informado
TXN_9454387,2023-01-02,2023,1,2,Salad,2.0,5.0,10.0,10.0,0.0,Cash,Takeaway
TXN_9660362,2023-08-16,2023,8,16,Cake,2.0,3.0,6.0,6.0,0.0,Credit Card,Takeaway
TXN_2347248,2023-11-11,2023,11,11,Salad,1.0,5.0,5.0,5.0,0.0,Credit Card,Não informado
TXN_3732426,2023-03-07,2023,3,7,Sandwich,2.0,4.0,8.0,8.0,0.0,Digital Wallet,Não informado
TXN_8675558,2023-05-23,2023,5,23,Tea,5.0,1.5,7.5,7.5,0.0,Não informado,In-store
TXN_1963345,2023-10-12,2023,10,12,Smoothie,4.0,4.0,16.0,16.0,0.0,Não informado,In-store
TXN_6332405,2023-12-03,2023,12,3,Juice,3.0,3.0,9.0,9.0,0.0,Digital Wallet,Takeaway
TXN_1529961,2023-09-29,2023,9,29,Smoothie,4.0,4.0,16.0,16.0,0.0,Credit Card,Não informado
TXN_8860052,2023-07-18,2023,7,18,Cake,5.0,3.0,15.0,15.0,0.0,Credit Card,Takeaway
TXN_6732833,2023-07-21,2023,7,21,Salad,1.0,5.0,5.0,5.0,0.0,Digital Wallet,In-store
TXN_6232398,2023-07-05,2023,7,5,Juice,2.0,3.0,6.0,6.0,0.0,Cash,In-store
TXN_7670296,2023-01-25,2023,1,25,Juice,2.0,3.0,6.0,6.0,0.0,Cash,Takeaway
TXN_4898346,2023-05-07,2023,5,7,Smoothie,2.0,4.0,8.0,8.0,0.0,Cash,Não informado
TXN_2807324,2023-11-13,2023,11,13,Sandwich,2.0,4.0,8.0,8.0,0.0,Cash,Não informado
TXN_4428486,2023-07-28,2023,7,28,Smoothie,1.0,4.0,4.0,4.0,0.0,Não informado,Não informado
TXN_4430772,2023-01-11,2023,1,11,Coffee,5.0,2.0,10.0,10.0,0.0,Credit Card,Não informado
TXN_3987718,2023-12-24,2023,12,24,Tea,4.0,1.5,6.0,6.0,0.0,Não informado,Não informado
TXN_6658070,2023-11-03,2023,11,3,Juice,2.0,3.0,6.0,6.0,0.0,Cash,Takeaway
TXN_6007437,2023-11-22,2023,11,22,Juice,1.0,3.0,3.0,3.0,0.0,Credit Card,Não informado
TXN_6030518,2023-12-20,2023,12,20,Sandwich,3.0,4.0,12.0,12.0,0.0,Não informado,In-store
TXN_4228838,2023-09-22,2023,9,22,Coffee,5.0,2.0,10.0,10.0,0.0,Credit Card,Takeaway
TXN_3303518,2023-06-30,2023,6,30,Juice,4.0,3.0,12.0,12.0,0.0,Não informado,In-store
TXN_9719921,2023-07-28,2023,7,28,Salad,5.0,5.0,25.0,25.0,0.0,Credit Card,Não informado
TXN_1272118,2023-04-21,2023,4,21,Cookie,4.0,1.0,4.0,4.0,0.0,Credit Card,Takeaway
TXN_4060215,2023-01-12,2023,1,12,Salad,3.0,5.0,15.0,15.0,0.0,Credit Card,In-store
TXN_2569119,2023-08-04,2023,8,4,Juice,1.0,3.0,3.0,3.0,0.0,Credit Card,Takeaway
TXN_2894945,2023-02-28,2023,2,28,Coffee,2.0,2.0,4.0,4.0,0.0,Não informado,Não informado
TXN_7992512,2023-07-17,2023,7,17,Sandwich,5.0,4.0,20.0,20.0,0.0,Credit Card,In-store
TXN_2417271,2023-02-01,2023,2,1,Tea,4.0,1.5,6.0,6.0,0.0,Credit Card,Takeaway
TXN_8156455,2023-02-12,2023,2,12,Cake,2.0,3.0,6.0,6.0,0.0,Cash,Não informado
TXN_7063005,2023-01-18,2023,1,18,Cake,1.0,3.0,3.0,3.0,0.0,Não informado,Não informado
TXN_9425096,2023-06-12,2023,6,12,Smoothie,5.0,4.0,20.0,20.0,0.0,Credit Card,In-store
TXN_6236737,2023-03-19,2023,3,19,Juice,5.0,3.0,15.0,15.0,0.0,Cash,In-store
TXN_9691364,2023-03-02,2023,3,2,Cookie,3.0,1.0,3.0,3.0,0.0,Credit Card,In-store
TXN_1770648,2023-09-30,2023,9,30,Sandwich,4.0,4.0,16.0,16.0,0.0,Credit Card,Não informado
TXN_2602732,2023-06-09,2023,6,9,Salad,4.0,5.0,20.0,20.0,0.0,Digital Wallet,Não informado
TXN_5132482,2023-12-21,2023,12,21,Juice,2.0,3.0,6.0,6.0,0.0,Digital Wallet,In-store
TXN_9969836,2023-04-06,2023,4,6,Cookie,5.0,1.0,5.0,5.0,0.0,Digital Wallet,Takeaway
TXN_7938279,2023-03-17,2023,3,17,Tea,3.0,1.5,4.5,4.5,0.0,Cash,Takeaway
TXN_8595386,2023-08-04,2023,8,4,Cookie,4.0,1.0,4.0,4.0,0.0,Credit Card,Não informado
TXN_6398450,2023-11-19,2023,11,19,Tea,2.0,1.5,3.0,3.0,0.0,Digital Wallet,In-store
TXN_7084298,2023-02-18,2023,2,18,Cake,3.0,3.0,9.0,9.0,0.0,Não informado,Takeaway
TXN_8384428,2023-08-11,2023,8,11,Cookie,1.0,1.0,1.0,1.0,0.0,Digital Wallet,In-store
TXN_6541329,2023-09-28,2023,9,28,Cookie,2.0,1.0,2.0,2.0,0.0,Cash,Takeaway
TXN_7667139,2023-12-05,2023,12,5,Sandwich,3.0,4.0,12.0,12.0,0.0,Credit Card,Takeaway
TXN_1268811,2023-01-04,2023,1,4,Salad,1.0,5.0,5.0,5.0,0.0,Não informado,Não informado
TXN_5056808,2023-02-25,2023,2,25,Juice,1.0,3.0,,3.0,,Credit Card,Não informado
TXN_9191048,2023-09-18,2023,9,18,Cake,5.0,3.0,15.0,15.0,0.0,Digital Wallet,Não informado
TXN_3272613,2023-03-30,2023,3,30,Cookie,2.0,1.0,2.0,2.0,0.0,Cash,Não informado
TXN_3690903,2023-10-22,2023,10,22,Coffee,3.0,2.0,6.0,6.0,0.0,Não informado,In-store
TXN_1938413,2023-04-01,2023,4,1,Smoothie,4.0,4.0,16.0,16.0,0.0,Digital Wallet,Não informado
TXN_1396019,2023-12-03,2023,12,3,Coffee,4.0,2.0,8.0,8.0,0.0,Cash,In-store
TXN_6989000,2023-02-24,2023,2,24,Tea,2.0,1.5,3.0,3.0,0.0,Não informado,Takeaway
TXN_4811225,2023-11-01,2023,11,1,Tea,5.0,1.5,7.5,7.5,0.0,Cash,Takeaway
TXN_2193333,2023-07-21,2023,7,21,Coffee,4.0,2.0,8.0,8.0,0.0,Não informado,Takeaway
TXN_4564220,2023-05-09,2023,5,9,Tea,1.0,1.5,1.5,1.5,0.0,Digital Wallet,Takeaway
TXN_5414186,2023-04-24,2023,4,24,Smoothie,1.0,4.0,4.0,4.0,0.0,Credit Card,Takeaway
TXN_1740742,2023-10-06,2023,10,6,Tea,4.0,1.5,6.0,6.0,0.0,Digital Wallet,In-store
TXN_2547084,2023-12-16,2023,12,16,Sandwich,1.0,4.0,4.0,4.0,0.0,Cash,Não informado
TXN_8879936,2023-07-25,2023,7,25,Cake,5.0,3.0,15.0,15.0,0.0,Não informado,Takeaway
TXN_1605677,2023-01-15,2023,1,15,Tea,5.0,1.5,7.5,7.5,0.0,Não informado,Não informado
TXN_6070787,2023-02-26,2023,2,26,Sandwich,3.0,4.0,12.0,12.0,0.0,Não informado,In-store
TXN_1236759,2023-01-26,2023,1,26,Coffee,1.0,2.0,2.0,2.0,0.0,Credit Card,In-store
TXN_7196144,2023-03-28,2023,3,28,Smoothie,3.0,4.0,12.0,12.0,0.0,Não informado,Não informado
TXN_3981406,2023-04-17,2023,4,17,Salad,4.0,5.0,20.0,20.0,0.0,Não informado,Não informado
TXN_2152054,2023-05-11,2023,5,11,Cake,2.0,3.0,6.0,6.0,0.0,Digital Wallet,Não informado
TXN_9339037,2023-07-21,2023,7,21,Cookie,2.0,1.0,2.0,2.0,0.0,Não informado,Takeaway
TXN_7308629,2023-11-24,2023,11,24,Salad,4.0,5.0,20.0,20.0,0.0,Não informado,Takeaway
TXN_9407636,2023-10-01,2023,10,1,Smoothie,4.0,4.0,16.0,16.0,0.0,Cash,Não informado
TXN_4755860,2023-10-28,2023,10,28,Juice,5.0,3.0,15.0,15.0,0.0,Digital Wallet,In-store
TXN_6118079,2023-07-01,2023,7,1,Coffee,1.0,2.0,2.0,2.0,0.0,Não informado,Takeaway
TXN_6415784,2023-08-16,2023,8,16,Salad,3.0,5.0,15.0,15.0,0.0,Não informado,Não informado
TXN_1755817,2023-07-17,2023,7,17,Salad,5.0,5.0,25.0,25.0,0.0,Digital Wallet,Takeaway
TXN_2090061,2023-06-23,2023,6,23,Smoothie,4.0,4.0,,16.0,,Não informado,Não informado
TXN_8128656,2023-04-24,2023,4,24,Smoothie,5.0,4.0,20.0,20.0,0.0,Não informado,In-store
TXN_6714749,2023-08-02,2023,8,2,Sandwich,1.0,4.0,4.0,4.0,0.0,Credit Card,Takeaway
TXN_8099424,2023-04-02,2023,4,2,Cake,4.0,3.0,12.0,12.0,0.0,Não informado,Takeaway
TXN_5103036,2023-12-04,2023,12,4,Juice,2.0,3.0,6.0,6.0,0.0,Não informado,Takeaway
TXN_6013024,2023-09-06,2023,9,6,Juice,3.0,3.0,9.0,9.0,0.0,Credit Card,Takeaway
TXN_8065852,2023-07-17,2023,7,17,Sandwich,1.0,4.0,4.0,4.0,0.0,Credit Card,In-store
TXN_3695238,2023-04-20,2023,4,20,Salad,5.0,5.0,25.0,25.0,0.0,Cash,Takeaway
TXN_5724548,2023-08-12,2023,8,12,Cake,5.0,3.0,15.0,15.0,0.0,Não informado,Não informado
TXN_3521791,2023-06-11,2023,6,11,Coffee,1.0,2.0,2.0,2.0,0.0,Não informado,Takeaway
TXN_2678484,2023-03-27,2023,3,27,Coffee,1.0,2.0,2.0,2.0,0.0,Não informado,Não informado
TXN_6696619,2023-03-19,2023,3,19,Cake,3.0,3.0,9.0,9.0,0.0,Não informado,Takeaway
TXN_2734718,2023-08-16,2023,8,16,Tea,2.0,1.5,3.0,3.0,0.0,Não informado,Não informado
TXN_8241649,2023-03-15,2023,3,15,Tea,5.0,1.5,7.5,7.5,0.0,Não informado,Não informado
TXN_6125646,2023-06-12,2023,6,12,Cookie,2.0,1.0,2.0,2.0,0.0,Não informado,Não informado
TXN_8639973,2023-07-06,2023,7,6,Cookie,5.0,1.0,5.0,5.0,0.0,Não informado,Não informado
TXN_1349640,2023-06-17,2023,6,17,Juice,2.0,3.0,6.0,6.0,0.0,Credit Card,In-store
TXN_3719842,2023-05-05,2023,5,5,Cake,3.0,3.0,9.0,9.0,0.0,Cash,Não informado
TXN_3863940,2023-06-18,2023,6,18,Salad,2.0,5.0,10.0,10.0,0.0,Não informado,Não informado
TXN_9660030,2023-11-24,2023,11,24,Cake,5.0,3.0,15.0,15.0,0.0,Credit Card,In-store
TXN_9649503,2023-01-02,2023,1,2,Cake,1.0,3.0,3.0,3.0,0.0,Credit Card,Takeaway
TXN_6618160,2023-03-13,2023,3,13,Tea,5.0,1.5,7.5,7.5,0.0,Cash,Takeaway
TXN_9121241,2023-03-18,2023,3,18,Sandwich,5.0,4.0,20.0,20.0,0.0,Não informado,Takeaway
TXN_4419474,2023-02-04,2023,2,4,Juice,2.0,3.0,6.0,6.0,0.0,Não informado,In-store
TXN_5639485,2023-07-02,2023,7,2,Cookie,3.0,1.0,3.0,3.0,0.0,Credit Card,Não informado
TXN_9997263,2023-03-05,2023,3,5,Cookie,2.0,1.0,2.0,2.0,0.0,Não informado,Não informado
TXN_4590013,2023-04-19,2023,4,19,Tea,5.0,1.5,7.5,7.5,0.0,Cash,Takeaway
TXN_9240476,2023-04-29,2023,4,29,Coffee,5.0,2.0,10.0,10.0,0.0,Não informado,Não informado
TXN_2457961,2023-06-08,2023,6,8,Coffee,2.0,2.0,4.0,4.0,0.0,Credit Card,In-store
TXN_6494145,2023-08-18,2023,8,18,Cookie,2.0,1.0,2.0,2.0,0.0,Cash,Não informado
TXN_2142941,2023-11-03,2023,11,3,Cookie,5.0,1.0,5.0,5.0,0.0,Digital Wallet,Não informado
TXN_4125871,2023-12-16,2023,12,16,Juice,4.0,3.0,12.0,12.0,0.0,Não informado,Não informado
TXN_7102166,2023-12-08,2023,12,8,Coffee,4.0,2.0,8.0,8.0,0.0,Não informado,Não informado
TXN_2208949,2023-08-05,2023,8,5,Cake,4.0,3.0,12.0,12.0,0.0,Cash,Takeaway
TXN_9815454,2023-12-05,2023,12,5,Juice,5.0,3.0,15.0,15.0,0.0,Digital Wallet,Não informado
TXN_6806968,2023-07-03,2023,7,3,Cookie,4.0,1.0,4.0,4.0,0.0,Cash,Takeaway
TXN_3751420,2023-11-20,2023,11,20,Sandwich,5.0,4.0,20.0,20.0,0.0,Não informado,Takeaway
TXN_3439155,2023-07-30,2023,7,30,Salad,3.0,5.0,15.0,15.0,0.0,Não informado,Takeaway
TXN_5564198,2023-06-06,2023,6,6,Cake,4.0,3.0,12.0,12.0,0.0,Cash,Não informado
TXN_3446643,2023-06-01,2023,6,1,Smoothie,1.0,4.0,4.0,4.0,0.0,Não informado,Não informado
TXN_1770073,2023-12-03,2023,12,3,Cookie,2.0,1.0,2.0,2.0,0.0,Não informado,Takeaway
TXN_7328209,2023-03-01,2023,3,1,Sandwich,3.0,4.0,12.0,12.0,0.0,Credit Card,Não informado
TXN_4252608,2023-08-23,2023,8,23,Juice,3.0,3.0,9.0,9.0,0.0,Credit Card,In-store
TXN_7221831,2023-03-26,2023,3,26,Coffee,3.0,2.0,6.0,6.0,0.0,Credit Card,Não informado
TXN_4548565,2023-02-17,2023,2,17,Juice,4.0,3.0,12.0,12.0,0.0,Não informado,In-store
TXN_4749986,2023-05-26,2023,5,26,Tea,5.0,1.5,7.5,7.5,0.0,Não informado,Takeaway
TXN_1917336,2023-04-12,2023,4,12,Sandwich,3.0,4.0,12.0,12.0,0.0,Cash,In-store
TXN_5238755,2023-06-01,2023,6,1,Cookie,3.0,1.0,3.0,3.0,0.0,Não informado,Takeaway
TXN_1342487,2023-09-21,2023,9,21,Juice,3.0,3.0,9.0,9.0,0.0,Credit Card,Não informado
TXN_7413282,2023-10-13,2023,10,13,Cake,5.0,3.0,15.0,15.0,0.0,Não informado,Não informado
TXN_5713298,2023-07-14,2023,7,14,Smoothie,2.0,4.0,8.0,8.0,0.0,Credit Card,Não informado
TXN_3045673,2023-06-24,2023,6,24,Smoothie,3.0,4.0,12.0,12.0,0.0,Digital Wallet,Não informado
TXN_2662720,2023-09-18,2023,9,18,Juice,5.0,3.0,15.0,15.0,0.0,Não informado,Não informado
TXN_8966922,2023-11-10,2023,11,10,Juice,4.0,3.0,12.0,12.0,0.0,Não informado,Takeaway
TXN_7311815,2023-05-11,2023,5,11,Cookie,4.0,1.0,4.0,4.0,0.0,Não informado,Takeaway
TXN_8211198,2023-01-24,2023,1,24,Juice,3.0,3.0,9.0,9.0,0.0,Credit Card,Não informado
TXN_6476719,2023-06-04,2023,6,4,Juice,5.0,3.0,15.0,15.0,0.0,Cash,Takeaway
TXN_1556480,2023-02-06,2023,2,6,Tea,5.0,1.5,,7.5,,Não informado,Não informado
TXN_5504130,2023-06-24,2023,6,24,Cake,3.0,3.0,9.0,9.0,0.0,Não informado,Não informado
TXN_7153455,2023-07-02,2023,7,2,Coffee,4.0,2.0,8.0,8.0,0.0,Digital Wallet,Takeaway
TXN_8821579,2023-12-06,2023,12,6,Smoothie,4.0,4.0,16.0,16.0,0.0,Não informado,Takeaway
TXN_6873127,2023-02-02,2023,2,2,Cookie,1.0,1.0,1.0,1.0,0.0,Não informado,In-store
TXN_9923952,2023-08-08,2023,8,8,Cookie,4.0,1.0,4.0,4.0,0.0,Não informado,Takeaway
TXN_7383137,2023-12-02,2023,12,2,Coffee,2.0,2.0,4.0,4.0,0.0,Credit Card,In-store
TXN_4766317,2023-09-23,2023,9,23,Cookie,2.0,1.0,2.0,2.0,0.0,Não informado,Takeaway
TXN_6335297,2023-10-16,2023,10,16,Cake,3.0,3.0,9.0,9.0,0.0,Não informado,Não informado
TXN_9334593,2023-04-23,2023,4,23,Sandwich,3.0,4.0,12.0,12.0,0.0,Cash,Não informado
TXN_2441029,2023-05-18,2023,5,18,Cake,5.0,3.0,15.0,15.0,0.0,Cash,In-store
TXN_4801947,2023-01-01,2023,1,1,Juice,1.0,3.0,3.0,3.0,0.0,Digital Wallet,Takeaway
TXN_4323120,2023-08-29,2023,8,29,Coffee,5.0,2.0,10.0,10.0,0.0,Não informado,Não informado
TXN_5947264,2023-03-07,2023,3,7,Salad,1.0,5.0,5.0,5.0,0.0,Não informado,In-store
TXN_9072628,2023-12-29,2023,12,29,Salad,4.0,5.0,20.0,20.0,0.0,Digital Wallet,Não informado
TXN_8282744,2023-06-16,2023,6,16,Tea,2.0,1.5,3.0,3.0,0.0,Não informado,Takeaway
TXN_2547156,2023-08-18,2023,8,18,Cookie,3.0,1.0,3.0,3.0,0.0,Digital Wallet,Takeaway
TXN_8621278,2023-02-01,2023,2,1,Salad,2.0,5.0,10.0,10.0,0.0,Cash,Takeaway
TXN_2616353,2023-06-24,2023,6,24,Smoothie,3.0,4.0,12.0,12.0,0.0,Cash,Takeaway
TXN_3608237,2023-11-26,2023,11,26,Salad,1.0,5.0,5.0,5.0,0.0,Digital Wallet,Takeaway
TXN_2423167,2023-06-29,2023,6,29,Cake,3.0,3.0,9.0,9.0,0.0,Digital Wallet,Takeaway
TXN_6695451,2023-07-28,2023,7,28,Salad,1.0,5.0,5.0,5.0,0.0,Credit Card,Não informado
TXN_6098702,2023-10-15,2023,10,15,Coffee,3.0,2.0,6.0,6.0,0.0,Credit Card,Não informado
TXN_2010507,2023-05-23,2023,5,23,Cake,3.0,3.0,9.0,9.0,0.0,Não informado,Não informado
TXN_1390754,2023-11-08,2023,11,8,Cake,2.0,3.0,6.0,6.0,0.0,Não informado,Takeaway
TXN_4925291,2023-09-22,2023,9,22,Smoothie,2.0,4.0,,8.0,,Digital Wallet,Não informado
TXN_8345383,2023-10-14,2023,10,14,Tea,5.0,1.5,7.5,7.5,0.0,Não informado,Takeaway
TXN_3910293,2023-01-30,2023,1,30,Cake,4.0,3.0,12.0,12.0,0.0,Cash,In-store
TXN_4696969,2023-09-29,2023,9,29,Salad,1.0,5.0,5.0,5.0,0.0,Credit Card,Não informado
TXN_4568379,2023-05-28,2023,5,28,Cookie,3.0,1.0,3.0,3.0,0.0,Digital Wallet,In-store
TXN_8745942,2023-05-03,2023,5,3,Cookie,3.0,1.0,3.0,3.0,0.0,Cash,Não informado
TXN_2496907,2023-11-28,2023,11,28,Coffee,2.0,2.0,4.0,4.0,0.0,Credit Card,Não informado
TXN_3043371,2023-12-04,2023,12,4,Smoothie,1.0,4.0,4.0,4.0,0.0,Não informado,Não informado
TXN_2687149,2023-03-24,2023,3,24,Coffee,5.0,2.0,10.0,10.0,0.0,Não informado,Não informado
TXN_9752207,2023-10-15,2023,10,15,Sandwich,4.0,4.0,16.0,16.0,0.0,Não informado,In-store
TXN_7223850,2023-02-05,2023,2,5,Salad,2.0,5.0,10.0,10.0,0.0,Credit Card,Não informado
TXN_5421917,2023-05-03,2023,5,3,Tea,5.0,1.5,7.5,7.5,0.0,Não informado,Não informado
TXN_3812053,2023-04-03,2023,4,3,Coffee,5.0,2.0,10.0,10.0,0.0,Não informado,In-store
TXN_8437195,2023-12-10,2023,12,10,Cake,1.0,3.0,3.0,3.0,0.0,Cash,Não informado
TXN_3880494,2023-12-17,2023,12,17,Sandwich,4.0,4.0,16.0,16.0,0.0,Cash,Takeaway
TXN_9320353,2023-01-10,2023,1,10,Salad,5.0,5.0,25.0,25.0,0.0,Cash,In-store
TXN_8837015,2023-06-11,2023,6,11,Juice,3.0,3.0,9.0,9.0,0.0,Credit Card,In-store
TXN_1856538,2023-11-01,2023,11,1,Coffee,3.0,2.0,6.0,6.0,0.0,Cash,Não informado
TXN_2933439,2023-04-14,2023,4,14,Salad,4.0,5.0,20.0,20.0,0.0,Digital Wallet,Não informado
TXN_2667131,2023-10-10,2023,10,10,Sandwich,2.0,4.0,8.0,8.0,0.0,Credit Card,Takeaway
TXN_5536056,2023-12-22,2023,12,22,Smoothie,3.0,4.0,12.0,12.0,0.0,Digital Wallet,Takeaway
TXN_3846628,2023-10-16,2023,10,16,Juice,1.0,3.0,3.0,3.0,0.0,Não informado,Takeaway
TXN_9043894,2023-07-28,2023,7,28,Cake,1.0,3.0,3.0,3.0,0.0,Digital Wallet,Não informado
TXN_3655950,2023-11-25,2023,11,25,Cookie,1.0,1.0,1.0,1.0,0.0,Não informado,In-store
TXN_4483585,2023-12-26,2023,12,26,Smoothie,5.0,4.0,20.0,20.0,0.0,Não informado,Takeaway
TXN_2332364,2023-08-10,2023,8,10,Cake,2.0,3.0,6.0,6.0,0.0,Credit Card,Não informado
TXN_5878649,2023-02-15,2023,2,15,Salad,3.0,5.0,15.0,15.0,0.0,Não informado,Takeaway
TXN_2716940,2023-11-27,2023,11,27,Coffee,1.0,2.0,2.0,2.0,0.0,Não informado,Não informado
TXN_9020641,2023-06-27,2023,6,27,Cake,4.0,3.0,12.0,12.0,0.0,Credit Card,In-store
TXN_5931551,2023-03-28,2023,3,28,Sandwich,4.0,4.0,,16.0,,Não informado,In-store
TXN_2259102,2023-02-19,2023,2,19,Sandwich,2.0,4.0,,8.0,,Não informado,Não informado
TXN_7041367,2023-01-04,2023,1,4,Cookie,4.0,1.0,4.0,4.0,0.0,Não informado,Não informado
TXN_7262554,2023-07-08,2023,7,8,Salad,3.0,5.0,15.0,15.0,0.0,Credit Card,Não informado
TXN_9705971,2023-09-02,2023,9,2,Juice,2.0,3.0,6.0,6.0,0.0,Credit Card,Takeaway
TXN_4809626,2023-02-18,2023,2,18,Coffee,5.0,2.0,10.0,10.0,0.0,Cash,Takeaway
TXN_5171248,2023-06-14,2023,6,14,Cake,5.0,3.0,15.0,15.0,0.0,Digital Wallet,In-store
TXN_2201235,2023-12-17,2023,12,17,Tea,1.0,1.5,1.5,1.5,0.0,Digital Wallet,Não informado
TXN_2907979,2023-06-18,2023,6,18,Juice,3.0,3.0,9.0,9.0,0.0,Cash,Não informado
TXN_5179245,2023-04-17,2023,4,17,Juice,3.0,3.0,9.0,9.0,0.0,Credit Card,Não informado
TXN_5010968,2023-12-03,2023,12,3,Smoothie,2.0,4.0,8.0,8.0,0.0,Digital Wallet,Não informado
TXN_6294315,2023-04-04,2023,4,4,Cookie,2.0,1.0,2.0,2.0,0.0,Digital Wallet,Não informado
TXN_8487985,2023-05-09,2023,5,9,Juice,5.0,3.0,15.0,15.0,0.0,Não informado,Takeaway
TXN_8552898,2023-11-06,2023,11,6,Coffee,5.0,2.0,10.0,10.0,0.0,Credit Card,Takeaway
TXN_4787754,2023-08-31,2023,8,31,Juice,2.0,3.0,6.0,6.0,0.0,Digital Wallet,Takeaway
TXN_9176533,2023-10-14,2023,10,14,Cake,3.0,3.0,9.0,9.0,0.0,Credit Card,Não informado
TXN_1228474,2023-11-20,2023,11,20,Smoothie,4.0,4.0,,16.0,,Não informado,In-store
TXN_6021363,2023-01-11,2023,1,11,Sandwich,2.0,4.0,8.0,8.0,0.0,Credit Card,Takeaway
TXN_8518812,2023-06-22,2023,6,22,Cookie,3.0,1.0,3.0,3.0,0.0,Não informado,In-store
TXN_3274591,2023-04-09,2023,4,9,Juice,5.0,3.0,15.0,15.0,0.0,Não informado,Takeaway
TXN_2477650,2023-10-24,2023,10,24,Cookie,1.0,1.0,1.0,1.0,0.0,Cash,Takeaway
TXN_4987376,2023-08-20,2023,8,20,Tea,2.0,1.5,3.0,3.0,0.0,Digital Wallet,Takeaway
TXN_9196694,2023-03-23,2023,3,23,Cake,4.0,3.0,12.0,12.0,0.0,Não informado,In-store
TXN_7362526,2023-09-16,2023,9,16,Juice,1.0,3.0,3.0,3.0,0.0,Credit Card,Takeaway
TXN_6324687,2023-03-03,2023,3,3,Smoothie,1.0,4.0,4.0,4.0,0.0,Credit Card,Takeaway
TXN_2716377,2023-01-03,2023,1,3,Juice,4.0,3.0,12.0,12.0,0.0,Cash,Não informado
TXN_4002142,2023-06-27,2023,6,27,Cake,5.0,3.0,15.0,15.0,0.0,Não informado,Não informado
TXN_9417438,2023-01-05,2023,1,5,Salad,1.0,5.0,5.0,5.0,0.0,Não informado,In-store
TXN_4757873,2023-09-12,2023,9,12,Tea,1.0,1.5,1.5,1.5,0.0,Credit Card,In-store
TXN_6283718,2023-07-20,2023,7,20,Smoothie,3.0,4.0,12.0,12.0,0.0,Digital Wallet,Takeaway
TXN_2019127,2023-08-03,2023,8,3,Salad,1.0,5.0,5.0,5.0,0.0,Cash,Não informado
TXN_2007652,2023-12-09,2023,12,9,Juice,2.0,3.0,6.0,6.0,0.0,Digital Wallet,Não informado
TXN_3048882,2023-12-30,2023,12,30,Juice,2.0,3.0,6.0,6.0,0.0,Cash,Takeaway
TXN_3241510,2023-10-05,2023,10,5,Tea,5.0,1.5,7.5,7.5,0.0,Credit Card,Não informado
TXN_1978239,2023-09-20,2023,9,20,Salad,4.0,5.0,20.0,20.0,0.0,Não informado,In-store
TXN_3286168,2023-06-25,2023,6,25,Smoothie,5.0,4.0,20.0,20.0,0.0,Digital Wallet,Não informado
TXN_5922981,2023-11-10,2023,11,10,Salad,5.0,5.0,25.0,25.0,0.0,Digital Wallet,Takeaway
TXN_4108567,2023-08-14,2023,8,14,Coffee,2.0,2.0,4.0,4.0,0.0,Cash,Takeaway
TXN_5217434,2023-09-22,2023,9,22,Coffee,1.0,2.0,2.0,2.0,0.0,Não informado,Takeaway
TXN_4822216,2023-09-03,2023,9,3,Cake,1.0,3.0,3.0,3.0,0.0,Não informado,Não informado
TXN_9246986,2023-09-08,2023,9,8,Tea,4.0,1.5,6.0,6.0,0.0,Cash,Takeaway
TXN_3931393,2023-11-18,2023,11,18,Sandwich,2.0,4.0,8.0,8.0,0.0,Digital Wallet,Não informado
TXN_1429325,2023-04-20,2023,4,20,Smoothie,2.0,4.0,8.0,8.0,0.0,Cash,Não informado
TXN_3648160,2023-12-03,2023,12,3,Coffee,5.0,2.0,10.0,10.0,0.0,Não informado,Takeaway
TXN_5832513,2023-11-02,2023,11,2,Juice,4.0,3.0,12.0,12.0,0.0,Cash,In-store
TXN_6053755,2023-01-18,2023,1,18,Cookie,4.0,1.0,4.0,4.0,0.0,Digital Wallet,Takeaway
TXN_4437520,2023-07-28,2023,7,28,Smoothie,3.0,4.0,12.0,12.0,0.0,Credit Card,Não informado
TXN_4995281,2023-02-25,2023,2,25,Salad,4.0,5.0,20.0,20.0,0.0,Credit Card,Não informado
TXN_2566211,2023-09-26,2023,9,26,Tea,2.0,1.5,3.0,3.0,0.0,Cash,Não informado
TXN_8970135,2023-03-26,2023,3,26,Juice,4.0,3.0,12.0,12.0,0.0,Não informado,In-store
TXN_6361593,2023-08-29,2023,8,29,Sandwich,4.0,4.0,16.0,16.0,0.0,Digital Wallet,Takeaway
TXN_1532390,2023-04-08,2023,4,8,Tea,5.0,1.5,7.5,7.5,0.0,Digital Wallet,Não informado
TXN_8020606,2023-10-10,2023,10,10,Cake,4.0,3.0,,12.0,,Não informado,Takeaway
TXN_2729959,2023-02-01,2023,2,1,Smoothie,4.0,4.0,16.0,16.0,0.0,Digital Wallet,In-store
TXN_2134763,2023-03-28,2023,3,28,Juice,3.0,3.0,9.0,9.0,0.0,Credit Card,Takeaway
TXN_1633607,2023-03-13,2023,3,13,Juice,1.0,3.0,3.0,3.0,0.0,Cash,Takeaway
TXN_5124999,2023-04-11,2023,4,11,Coffee,5.0,2.0,10.0,10.0,0.0,Digital Wallet,Não informado
TXN_3514890,2023-08-02,2023,8,2,Smoothie,5.0,4.0,20.0,20.0,0.0,Não informado,In-store
TXN_5845583,2023-10-19,2023,10,19,Tea,4.0,1.5,6.0,6.0,0.0,Cash,In-store
TXN_6692318,2023-08-20,2023,8,20,Tea,2.0,1.5,3.0,3.0,0.0,Cash,In-store
TXN_9571019,2023-06-22,2023,6,22,Coffee,2.0,2.0,4.0,4.0,0.0,Cash,In-store
TXN_6451595,2023-03-26,2023,3,26,Juice,2.0,3.0,6.0,6.0,0.0,Credit Card,Takeaway
TXN_4797429,2023-11-07,2023,11,7,Salad,5.0,5.0,25.0,25.0,0.0,Digital Wallet,In-store
TXN_7255755,2023-10-19,2023,10,19,Sandwich,5.0,4.0,20.0,20.0,0.0,Não informado,Não informado
TXN_6925284,2023-01-21,2023,1,21,Juice,5.0,3.0,15.0,15.0,0.0,Digital Wallet,Takeaway
TXN_2925996,2023-04-11,2023,4,11,Cake,3.0,3.0,9.0,9.0,0.0,Cash,Takeaway
TXN_3944582,2023-10-21,2023,10,21,Tea,5.0,1.5,7.5,7.5,0.0,Não informado,In-store
TXN_5750248,2023-07-20,2023,7,20,Salad,4.0,5.0,20.0,20.0,0.0,Digital Wallet,In-store
TXN_1020983,2023-03-23,2023,3,23,Juice,1.0,3.0,3.0,3.0,0.0,Digital Wallet,Não informado
TXN_9072817,2023-07-18,2023,7,18,Cookie,5.0,1.0,5.0,5.0,0.0,Não informado,Takeaway
TXN_7416196,2023-10-20,2023,10,20,Smoothie,2.0,4.0,8.0,8.0,0.0,Cash,In-store
TXN_7276452,2023-06-05,2023,6,5,Coffee,3.0,2.0,6.0,6.0,0.0,Digital Wallet,Não informado
TXN_2610195,2023-10-25,2023,10,25,Cake,2.0,3.0,6.0,6.0,0.0,Não informado,Não informado
TXN_9281392,2023-08-06,2023,8,6,Cookie,2.0,1.0,2.0,2.0,0.0,Digital Wallet,Não informado
TXN_8386253,2023-05-11,2023,5,11,Tea,4.0,1.5,6.0,6.0,0.0,Cash,Não informado
TXN_7995960,2023-01-11,2023,1,11,Juice,1.0,3.0,3.0,3.0,0.0,Digital Wallet,Não informado
TXN_7663739,2023-03-27,2023,3,27,Cookie,5.0,1.0,5.0,5.0,0.0,Credit Card,Não informado
TXN_7784608,2023-06-01,2023,6,1,Coffee,5.0,2.0,10.0,10.0,0.0,Não informado,Não informado
TXN_6438980,2023-11-10,2023,11,10,Salad,2.0,5.0,10.0,10.0,0.0,Credit Card,Takeaway
TXN_2196926,2023-07-27,2023,7,27,Juice,2.0,3.0,6.0,6.0,0.0,Digital Wallet,Não informado
TXN_9582506,2023-04-28,2023,4,28,Cookie,2.0,1.0,2.0,2.0,0.0,Credit Card,Não informado
TXN_2424839,2023-09-28,2023,9,28,Juice,4.0,3.0,12.0,12.0,0.0,Digital Wallet,In-store
TXN_5215704,2023-10-31,2023,10,31,Sandwich,5.0,4.0,20.0,20.0,0.0,Credit Card,Não informado
TXN_1982031,2023-02-03,2023,2,3,Cookie,4.0,1.0,4.0,4.0,0.0,Cash,Takeaway
TXN_3060286,2023-08-10,2023,8,10,Tea,2.0,1.5,3.0,3.0,0.0,Cash,Takeaway
TXN_1643029,2023-09-11,2023,9,11,Cookie,3.0,1.0,3.0,3.0,0.0,Não informado,Não informado
TXN_2764625,2023-12-03,2023,12,3,Tea,1.0,1.5,1.5,1.5,0.0,Cash,In-store
TXN_6086123,2023-11-17,2023,11,17,Juice,3.0,3.0,9.0,9.0,0.0,Credit Card,Takeaway
TXN_1796259,2023-04-29,2023,4,29,Juice,1.0,3.0,3.0,3.0,0.0,Não informado,In-store
TXN_4078284,2023-05-14,2023,5,14,Coffee,1.0,2.0,2.0,2.0,0.0,Credit Card,Não informado
TXN_4389662,2023-08-09,2023,8,9,Smoothie,1.0,4.0,4.0,4.0,0.0,Cash,Takeaway
TXN_1992699,2023-05-08,2023,5,8,Cookie,2.0,1.0,2.0,2.0,0.0,Não informado,Takeaway
TXN_9389300,2023-01-14,2023,1,14,Salad,3.0,5.0,15.0,15.0,0.0,Credit Card,Takeaway
TXN_5409951,2023-06-23,2023,6,23,Coffee,3.0,2.0,6.0,6.0,0.0,Não informado,Não informado
TXN_2147448,2023-11-27,2023,11,27,Coffee,4.0,2.0,8.0,8.0,0.0,Credit Card,In-store
TXN_9826170,2023-12-06,2023,12,6,Juice,2.0,3.0,6.0,6.0,0.0,Não informado,Não informado
TXN_4949509,2023-04-20,2023,4,20,Smoothie,4.0,4.0,16.0,16.0,0.0,Não informado,Não informado
TXN_9857832,2023-03-31,2023,3,31,Tea,3.0,1.5,4.5,4.5,0.0,Cash,In-store
TXN_5038122,2023-08-11,2023,8,11,Salad,1.0,5.0,,5.0,,Não informado,Não informado
TXN_8984085,2023-08-17,2023,8,17,Salad,1.0,5.0,5.0,5.0,0.0,Não informado,Não informado
TXN_8830264,2023-11-23,2023,11,23,Salad,1.0,5.0,5.0,5.0,0.0,Cash,Não informado
TXN_9696074,2023-06-24,2023,6,24,Coffee,4.0,2.0,8.0,8.0,0.0,Não informado,Takeaway
TXN_9579637,2023-06-26,2023,6,26,Tea,4.0,1.5,6.0,6.0,0.0,Digital Wallet,Não informado
TXN_5316852,2023-04-08,2023,4,8,Coffee,2.0,2.0,4.0,4.0,0.0,Digital Wallet,Não informado
TXN_1292430,2023-03-09,2023,3,9,Smoothie,1.0,4.0,4.0,4.0,0.0,Credit Card,Takeaway
TXN_2470530,2023-03-21,2023,3,21,Cake,1.0,3.0,3.0,3.0,0.0,Digital Wallet,Takeaway
TXN_6498718,2023-03-18,2023,3,18,Coffee,4.0,2.0,8.0,8.0,0.0,Não informado,Não informado
TXN_1602435,2023-12-01,2023,12,1,Smoothie,1.0,4.0,4.0,4.0,0.0,Cash,Não informado
TXN_1434598,2023-11-18,2023,11,18,Sandwich,5.0,4.0,20.0,20.0,0.0,Cash,Takeaway
TXN_9871036,2023-07-02,2023,7,2,Smoothie,1.0,4.0,4.0,4.0,0.0,Não informado,Takeaway
TXN_2073001,2023-11-22,2023,11,22,Coffee,2.0,2.0,4.0,4.0,0.0,Digital Wallet,Não informado
TXN_7815076,2023-12-16,2023,12,16,Juice,5.0,3.0,,15.0,,Cash,Não informado
TXN_6897172,2023-12-08,2023,12,8,Coffee,4.0,2.0,8.0,8.0,0.0,Digital Wallet,Não informado
TXN_3783903,2023-06-25,2023,6,25,Tea,4.0,1.5,6.0,6.0,0.0,Não informado,Não informado
TXN_4378637,2023-05-12,2023,5,12,Cookie,1.0,1.0,1.0,1.0,0.0,Não informado,Takeaway
TXN_4375708,2023-08-01,2023,8,1,Sandwich,4.0,4.0,16.0,16.0,0.0,Credit Card,Takeaway
TXN_9775984,2023-10-09,2023,10,9,Juice,2.0,3.0,6.0,6.0,0.0,Credit Card,In-store
TXN_1625754,2023-08-03,2023,8,3,Cake,5.0,3.0,15.0,15.0,0.0,Digital Wallet,In-store
TXN_9567915,2023-06-30,2023,6,30,Cake,1.0,3.0,3.0,3.0,0.0,Digital Wallet,Takeaway
TXN_4062634,2023-04-05,2023,4,5,Salad,2.0,5.0,10.0,10.0,0.0,Credit Card,In-store
TXN_6624397,2023-04-30,2023,4,30,Juice,4.0,3.0,12.0,12.0,0.0,Cash,Takeaway
TXN_2991733,2023-04-13,2023,4,13,Tea,5.0,1.5,7.5,7.5,0.0,Credit Card,Não informado
TXN_8978924,2023-10-09,2023,10,9,Salad,5.0,5.0,25.0,25.0,0.0,Cash,Não informado
TXN_2404800,2023-01-28,2023,1,28,Sandwich,5.0,4.0,20.0,20.0,0.0,Cash,In-store
TXN_4501915,2023-12-04,2023,12,4,Juice,4.0,3.0,12.0,12.0,0.0,Credit Card,Takeaway
TXN_7645250,2023-10-09,2023,10,9,Juice,2.0,3.0,6.0,6.0,0.0,Não informado,Não informado
TXN_9231480,2023-08-28,2023,8,28,Cookie,4.0,1.0,4.0,4.0,0.0,Cash,Não informado
TXN_4247105,2023-04-14,2023,4,14,Coffee,5.0,2.0,10.0,10.0,0.0,Cash,In-store
TXN_8732935,2023-08-06,2023,8,6,Cookie,4.0,1.0,4.0,4.0,0.0,Credit Card,Takeaway
TXN_3270584,2023-01-10,2023,1,10,Cake,3.0,3.0,9.0,9.0,0.0,Credit Card,Takeaway
TXN_7412012,2023-08-02,2023,8,2,Coffee,1.0,2.0,2.0,2.0,0.0,Cash,In-store
TXN_1927324,2023-08-29,2023,8,29,Sandwich,1.0,4.0,4.0,4.0,0.0,Digital Wallet,Takeaway
TXN_9159655,2023-03-21,2023,3,21,Cookie,5.0,1.0,5.0,5.0,0.0,Cash,Não informado
TXN_1293057,2023-07-03,2023,7,3,Tea,2.0,1.5,3.0,3.0,0.0,Digital Wallet,Não informado
TXN_8829698,2023-03-19,2023,3,19,Cake,2.0,3.0,,6.0,,Cash,Não informado
TXN_5056351,2023-04-24,2023,4,24,Juice,1.0,3.0,3.0,3.0,0.0,Não informado,Takeaway
TXN_4431264,2023-11-14,2023,11,14,Smoothie,2.0,4.0,8.0,8.0,0.0,Não informado,Não informado
TXN_7371782,2023-02-26,2023,2,26,Tea,3.0,1.5,4.5,4.5,0.0,Cash,In-store
TXN_7631505,2023-07-08,2023,7,8,Sandwich,4.0,4.0,16.0,16.0,0.0,Cash,In-store
TXN_4331770,2023-06-04,2023,6,4,Salad,4.0,5.0,20.0,20.0,0.0,Não informado,Não informado
TXN_2593909,2023-02-25,2023,2,25,Juice,2.0,3.0,6.0,6.0,0.0,Cash,In-store
TXN_9728062,2023-05-01,2023,5,1,Coffee,1.0,2.0,2.0,2.0,0.0,Cash,Não informado
TXN_7664606,2023-07-05,2023,7,5,Cookie,2.0,1.0,2.0,2.0,0.0,Digital Wallet,Não informado
TXN_3359911,2023-06-18,2023,6,18,Cookie,4.0,1.0,4.0,4.0,0.0,Não informado,In-store
TXN_3745153,2023-06-30,2023,6,30,Smoothie,4.0,4.0,16.0,16.0,0.0,Digital Wallet,In-store
TXN_2019258,2023-02-03,2023,2,3,Juice,4.0,3.0,12.0,12.0,0.0,Credit Card,Não informado
TXN_8153957,2023-10-12,2023,10,12,Coffee,1.0,2.0,2.0,2.0,0.0,Digital Wallet,Takeaway
TXN_3437948,2023-11-02,2023,11,2,Smoothie,2.0,4.0,8.0,8.0,0.0,Cash,Não informado
TXN_6874195,2023-04-22,2023,4,22,Juice,3.0,3.0,9.0,9.0,0.0,Cash,Takeaway
TXN_3234146,2023-11-14,2023,11,14,Juice,1.0,3.0,3.0,3.0,0.0,Não informado,Takeaway
TXN_5172383,2023-03-28,2023,3,28,Juice,3.0,3.0,9.0,9.0,0.0,Cash,In-store
TXN_9288999,2023-05-01,2023,5,1,Cookie,3.0,1.0,3.0,3.0,0.0,Credit Card,In-store
TXN_4205407,2023-04-27,2023,4,27,Smoothie,5.0,4.0,20.0,20.0,0.0,Digital Wallet,Não informado
TXN_8325722,2023-05-27,2023,5,27,Sandwich,2.0,4.0,8.0,8.0,0.0,Não informado,Takeaway
TXN_3050797,2023-09-28,2023,9,28,Sandwich,3.0,4.0,12.0,12.0,0.0,Credit Card,Não informado
TXN_7387416,2023-12-15,2023,12,15,Juice,3.0,3.0,9.0,9.0,0.0,Cash,Não informado
TXN_2244418,2023-10-15,2023,10,15,Salad,5.0,5.0,25.0,25.0,0.0,Cash,Takeaway
TXN_3886177,2023-07-17,2023,7,17,Cake,3.0,3.0,9.0,9.0,0.0,Não informado,Takeaway
TXN_2334047,2023-11-08,2023,11,8,Tea,1.0,1.5,1.5,1.5,0.0,Não informado,Takeaway
TXN_3888864,2023-10-13,2023,10,13,Sandwich,1.0,4.0,4.0,4.0,0.0,Credit Card,In-store
TXN_6972491,2023-07-02,2023,7,2,Sandwich,1.0,4.0,4.0,4.0,0.0,Não informado,Takeaway
TXN_8886791,2023-07-09,2023,7,9,Tea,2.0,1.5,3.0,3.0,0.0,Cash,Não informado
TXN_4356114,2023-05-05,2023,5,5,Juice,2.0,3.0,6.0,6.0,0.0,Cash,Takeaway
TXN_2097023,2023-11-10,2023,11,10,Salad,3.0,5.0,15.0,15.0,0.0,Digital Wallet,Takeaway
TXN_2726749,2023-05-19,2023,5,19,Juice,4.0,3.0,12.0,12.0,0.0,Não informado,Takeaway
TXN_3357336,2023-02-20,2023,2,20,Cake,4.0,3.0,12.0,12.0,0.0,Não informado,In-store
TXN_3529354,2023-09-06,2023,9,6,Juice,2.0,3.0,6.0,6.0,0.0,Credit Card,Takeaway
TXN_9738339,2023-07-09,2023,7,9,Juice,1.0,3.0,3.0,3.0,0.0,Não informado,In-store
TXN_1046659,2023-12-14,2023,12,14,Smoothie,3.0,4.0,12.0,12.0,0.0,Não informado,Takeaway
TXN_2032049,2023-10-12,2023,10,12,Salad,2.0,5.0,10.0,10.0,0.0,Credit Card,Não informado
TXN_7251037,2023-08-17,2023,8,17,Salad,3.0,5.0,15.0,15.0,0.0,Credit Card,In-store
TXN_9891576,2023-04-28,2023,4,28,Sandwich,3.0,4.0,12.0,12.0,0.0,Digital Wallet,Takeaway
TXN_5315818,2023-02-06,2023,2,6,Salad,1.0,5.0,5.0,5.0,0.0,Digital Wallet,Não informado
TXN_9830755,2023-06-24,2023,6,24,Cookie,5.0,1.0,5.0,5.0,0.0,Digital Wallet,Takeaway
TXN_8833319,2023-10-01,2023,10,1,Salad,1.0,5.0,,5.0,,Não informado,Takeaway
TXN_4353750,2023-03-02,2023,3,2,Cake,2.0,3.0,6.0,6.0,0.0,Credit Card,Não informado
TXN_8809659,2023-01-16,2023,1,16,Juice,2.0,3.0,6.0,6.0,0.0,Cash,Takeaway
TXN_2104550,2023-09-08,2023,9,8,Coffee,4.0,2.0,,8.0,,Credit Card,In-store
TXN_7554731,2023-02-02,2023,2,2,Cake,1.0,3.0,3.0,3.0,0.0,Credit Card,In-store
TXN_8652021,2023-09-23,2023,9,23,Cake,1.0,3.0,3.0,3.0,0.0,Credit Card,In-store
TXN_3744962,2023-07-26,2023,7,26,Salad,1.0,5.0,5.0,5.0,0.0,Não informado,In-store
TXN_7312277,2023-09-07,2023,9,7,Juice,4.0,3.0,12.0,12.0,0.0,Não informado,In-store
TXN_7797507,2023-06-06,2023,6,6,Sandwich,5.0,4.0,20.0,20.0,0.0,Digital Wallet,Takeaway
TXN_3121360,2023-01-21,2023,1,21,Cake,3.0,3.0,9.0,9.0,0.0,Digital Wallet,Não informado
TXN_5568416,2023-09-06,2023,9,6,Cake,5.0,3.0,15.0,15.0,0.0,Credit Card,Não informado
TXN_7032922,2023-08-18,2023,8,18,Sandwich,4.0,4.0,16.0,16.0,0.0,Não informado,Não informado
TXN_5734186,2023-04-03,2023,4,3,Juice,3.0,3.0,9.0,9.0,0.0,Cash,Não informado
TXN_5209346,2023-02-22,2023,2,22,Smoothie,3.0,4.0,12.0,12.0,0.0,Credit Card,In-store
TXN_8947660,2023-09-03,2023,9,3,Coffee,1.0,2.0,2.0,2.0,0.0,Não informado,In-store
TXN_6752053,2023-05-13,2023,5,13,Smoothie,4.0,4.0,16.0,16.0,0.0,Não informado,Não informado
TXN_6571385,2023-01-06,2023,1,6,Tea,4.0,1.5,6.0,6.0,0.0,Cash,Takeaway
TXN_6430534,2023-01-29,2023,1,29,Tea,5.0,1.5,7.5,7.5,0.0,Cash,Takeaway
TXN_6467414,2023-01-06,2023,1,6,Tea,3.0,1.5,4.5,4.5,0.0,Cash,Não informado
TXN_2861912,2023-03-25,2023,3,25,Coffee,3.0,2.0,6.0,6.0,0.0,Não informado,In-store
TXN_9693344,2023-01-15,2023,1,15,Tea,4.0,1.5,6.0,6.0,0.0,Credit Card,Takeaway
TXN_9801552,2023-04-20,2023,4,20,Sandwich,4.0,4.0,16.0,16.0,0.0,Credit Card,Takeaway
TXN_8082317,2023-08-18,2023,8,18,Juice,3.0,3.0,9.0,9.0,0.0,Cash,Takeaway
TXN_1569729,2023-07-16,2023,7,16,Smoothie,5.0,4.0,20.0,20.0,0.0,Cash,Takeaway
TXN_2644962,2023-04-09,2023,4,9,Smoothie,2.0,4.0,,8.0,,Não informado,Não informado
TXN_8991609,2023-06-19,2023,6,19,Salad,4.0,5.0,20.0,20.0,0.0,Digital Wallet,In-store
TXN_5000665,2023-11-28,2023,11,28,Cake,3.0,3.0,9.0,9.0,0.0,Digital Wallet,In-store
TXN_2161255,2023-06-08,2023,6,8,Sandwich,3.0,4.0,12.0,12.0,0.0,Não informado,Não informado
TXN_8833173,2023-03-14,2023,3,14,Smoothie,4.0,4.0,16.0,16.0,0.0,Digital Wallet,Não informado
TXN_8449081,2023-02-24,2023,2,24,Cookie,2.0,1.0,2.0,2.0,0.0,Não informado,In-store
TXN_7153321,2023-12-19,2023,12,19,Salad,5.0,5.0,25.0,25.0,0.0,Credit Card,Takeaway
TXN_2935761,2023-04-01,2023,4,1,Smoothie,4.0,4.0,16.0,16.0,0.0,Digital Wallet,Não informado
TXN_7328705,2023-09-09,2023,9,9,Cookie,4.0,1.0,4.0,4.0,0.0,Digital Wallet,Takeaway
TXN_1419790,2023-01-06,2023,1,6,Sandwich,3.0,4.0,12.0,12.0,0.0,Não informado,Não informado
TXN_8970187,2023-03-13,2023,3,13,Cake,1.0,3.0,3.0,3.0,0.0,Digital Wallet,Takeaway
TXN_4385632,2023-06-18,2023,6,18,Tea,5.0,1.5,7.5,7.5,0.0,Não informado,Takeaway
TXN_4343133,2023-03-04,2023,3,4,Cookie,4.0,1.0,4.0,4.0,0.0,Digital Wallet,Não informado
TXN_6904952,2023-04-04,2023,4,4,Salad,4.0,5.0,20.0,20.0,0.0,Digital Wallet,Takeaway
TXN_4023091,2023-07-24,2023,7,24,Smoothie,3.0,4.0,12.0,12.0,0.0,Credit Card,Não informado
TXN_6005707,2023-02-06,2023,2,6,Juice,4.0,3.0,,12.0,,Cash,Não informado
TXN_9824238,2023-07-14,2023,7,14,Tea,5.0,1.5,7.5,7.5,0.0,Cash,In-store
TXN_2867795,2023-06-26,2023,6,26,Cookie,1.0,1.0,1.0,1.0,0.0,Credit Card,Não informado
TXN_3440463,2023-04-04,2023,4,4,Cake,1.0,3.0,,3.0,,Credit Card,Takeaway
TXN_1242840,2023-08-26,2023,8,26,Smoothie,1.0,4.0,4.0,4.0,0.0,Credit Card,Não informado
TXN_2997717,2023-10-19,2023,10,19,Cake,4.0,3.0,12.0,12.0,0.0,Credit Card,Não informado
TXN_4440412,2023-04-15,2023,4,15,Sandwich,3.0,4.0,12.0,12.0,0.0,Cash,Takeaway
TXN_9772498,2023-08-21,2023,8,21,Cake,4.0,3.0,12.0,12.0,0.0,Cash,Não informado
TXN_7908929,2023-11-18,2023,11,18,Tea,2.0,1.5,3.0,3.0,0.0,Digital Wallet,Não informado
TXN_6411390,2023-09-07,2023,9,7,Juice,1.0,3.0,,3.0,,Cash,Não informado
TXN_5784400,2023-11-25,2023,11,25,Cake,4.0,3.0,12.0,12.0,0.0,Digital Wallet,Não informado
TXN_6068074,2023-06-01,2023,6,1,Smoothie,2.0,4.0,8.0,8.0,0.0,Cash,In-store
TXN_2265329,2023-12-23,2023,12,23,Cake,5.0,3.0,15.0,15.0,0.0,Credit Card,Não informado
TXN_8500316,2023-03-10,2023,3,10,Sandwich,4.0,4.0,16.0,16.0,0.0,Não informado,Não informado
TXN_4235472,2023-12-22,2023,12,22,Salad,5.0,5.0,25.0,25.0,0.0,Não informado,Takeaway
TXN_1701798,2023-07-24,2023,7,24,Coffee,2.0,2.0,4.0,4.0,0.0,Cash,Takeaway
TXN_4352950,2023-02-06,2023,2,6,Coffee,1.0,2.0,2.0,2.0,0.0,Digital Wallet,Não informado
TXN_4807899,2023-07-03,2023,7,3,Coffee,5.0,2.0,10.0,10.0,0.0,Digital Wallet,Takeaway
TXN_4916085,2023-03-03,2023,3,3,Juice,1.0,3.0,3.0,3.0,0.0,Digital Wallet,Não informado
TXN_2102950,2023-12-07,2023,12,7,Coffee,5.0,2.0,10.0,10.0,0.0,Digital Wallet,Takeaway
TXN_5530180,2023-09-06,2023,9,6,Cookie,5.0,1.0,5.0,5.0,0.0,Não informado,In-store
TXN_6774559,2023-02-18,2023,2,18,Cookie,2.0,1.0,2.0,2.0,0.0,Não informado,Não informado
TXN_7914312,2023-06-06,2023,6,6,Sandwich,5.0,4.0,20.0,20.0,0.0,Não informado,In-store
TXN_5282804,2023-12-01,2023,12,1,Sandwich,1.0,4.0,4.0,4.0,0.0,Credit Card,Não informado
TXN_6526078,2023-11-07,2023,11,7,Sandwich,5.0,4.0,20.0,20.0,0.0,Cash,Não informado
TXN_2210019,2023-12-05,2023,12,5,Sandwich,3.0,4.0,12.0,12.0,0.0,Cash,In-store
TXN_4727260,2023-01-30,2023,1,30,Tea,2.0,1.5,3.0,3.0,0.0,Não informado,Não informado
TXN_2617632,2023-10-17,2023,10,17,Smoothie,4.0,4.0,16.0,16.0,0.0,Digital Wallet,Não informado
TXN_5585601,2023-05-28,2023,5,28,Cake,4.0,3.0,12.0,12.0,0.0,Não informado,Takeaway
TXN_8019306,2023-05-21,2023,5,21,Juice,1.0,3.0,3.0,3.0,0.0,Credit Card,Não informado
TXN_6469563,2023-03-04,2023,3,4,Juice,5.0,3.0,15.0,15.0,0.0,Credit Card,Não informado
TXN_4059695,2023-12-30,2023,12,30,Salad,3.0,5.0,15.0,15.0,0.0,Cash,Takeaway
TXN_3799280,2023-09-23,2023,9,23,Coffee,5.0,2.0,10.0,10.0,0.0,Cash,Não informado
TXN_2749862,2023-07-19,2023,7,19,Salad,4.0,5.0,,20.0,,Digital Wallet,Não informado
TXN_2928676,2023-06-09,2023,6,9,Cookie,1.0,1.0,1.0,1.0,0.0,Credit Card,Não informado
TXN_4030763,2023-06-17,2023,6,17,Salad,2.0,5.0,10.0,10.0,0.0,Não informado,Takeaway
TXN_3877643,2023-11-15,2023,11,15,Juice,4.0,3.0,12.0,12.0,0.0,Cash,In-store
TXN_3755657,2023-03-24,2023,3,24,Smoothie,2.0,4.0,8.0,8.0,0.0,Digital Wallet,In-store
TXN_6987232,2023-06-02,2023,6,2,Juice,5.0,3.0,15.0,15.0,0.0,Digital Wallet,Não informado
TXN_8045032,2023-02-20,2023,2,20,Juice,4.0,3.0,12.0,12.0,0.0,Não informado,In-store
TXN_3288233,2023-12-24,2023,12,24,Juice,5.0,3.0,15.0,15.0,0.0,Cash,Não informado
TXN_4231121,2023-09-01,2023,9,1,Coffee,4.0,2.0,8.0,8.0,0.0,Não informado,Não informado
TXN_2489067,2023-07-05,2023,7,5,Juice,2.0,3.0,6.0,6.0,0.0,Não informado,Takeaway
TXN_7293600,2023-10-28,2023,10,28,Cake,3.0,3.0,,9.0,,Digital Wallet,Não informado
TXN_5279293,2023-11-11,2023,11,11,Sandwich,3.0,4.0,12.0,12.0,0.0,Digital Wallet,Takeaway
TXN_3488082,2023-04-12,2023,4,12,Sandwich,1.0,4.0,4.0,4.0,0.0,Digital Wallet,In-store
TXN_3342106,2023-01-14,2023,1,14,Sandwich,1.0,4.0,4.0,4.0,0.0,Credit Card,In-store
TXN_3713880,2023-06-30,2023,6,30,Salad,5.0,5.0,25.0,25.0,0.0,Não informado,In-store
TXN_1967032,2023-01-12,2023,1,12,Tea,1.0,1.5,1.5,1.5,0.0,Digital Wallet,Takeaway
TXN_2630698,2023-08-22,2023,8,22,Sandwich,2.0,4.0,8.0,8.0,0.0,Não informado,Takeaway
TXN_8228500,2023-04-15,2023,4,15,Tea,3.0,1.5,4.5,4.5,0.0,Não informado,In-store
TXN_3543930,2023-10-10,2023,10,10,Juice,2.0,3.0,6.0,6.0,0.0,Credit Card,Takeaway
TXN_3508619,2023-09-04,2023,9,4,Smoothie,4.0,4.0,16.0,16.0,0.0,Não informado,Não informado
TXN_4553403,2023-06-20,2023,6,20,Coffee,5.0,2.0,10.0,10.0,0.0,Não informado,In-store
TXN_5747509,2023-10-30,2023,10,30,Cookie,2.0,1.0,2.0,2.0,0.0,Cash,In-store
TXN_7910572,2023-07-07,2023,7,7,Sandwich,4.0,4.0,16.0,16.0,0.0,Não informado,Takeaway
TXN_9012517,2023-10-21,2023,10,21,Coffee,2.0,2.0,4.0,4.0,0.0,Credit Card,In-store
TXN_8237192,2023-10-03,2023,10,3,Sandwich,3.0,4.0,12.0,12.0,0.0,Não informado,Não informado
TXN_5303092,2023-05-05,2023,5,5,Tea,2.0,1.5,3.0,3.0,0.0,Credit Card,In-store
TXN_3865641,2023-09-15,2023,9,15,Cake,5.0,3.0,15.0,15.0,0.0,Digital Wallet,In-store
TXN_3420316,2023-10-31,2023,10,31,Sandwich,3.0,4.0,12.0,12.0,0.0,Não informado,Takeaway
TXN_6568307,2023-07-16,2023,7,16,Coffee,1.0,2.0,2.0,2.0,0.0,Cash,In-store
TXN_8281347,2023-08-11,2023,8,11,Juice,4.0,3.0,12.0,12.0,0.0,Credit Card,In-store
TXN_8353202,2023-06-14,2023,6,14,Sandwich,4.0,4.0,16.0,16.0,0.0,Digital Wallet,In-store
TXN_7377398,2023-02-26,2023,2,26,Juice,2.0,3.0,6.0,6.0,0.0,Cash,Takeaway
TXN_6915068,2023-11-26,2023,11,26,Juice,2.0,3.0,6.0,6.0,0.0,Cash,In-store
TXN_8704802,2023-08-30,2023,8,30,Smoothie,3.0,4.0,12.0,12.0,0.0,Não informado,Não informado
TXN_1983422,2023-06-26,2023,6,26,Cookie,2.0,1.0,2.0,2.0,0.0,Digital Wallet,In-store
TXN_1603186,2023-10-13,2023,10,13,Cake,3.0,3.0,,9.0,,Cash,Takeaway
TXN_5572520,2023-05-14,2023,5,14,Smoothie,5.0,4.0,20.0,20.0,0.0,Cash,Takeaway
TXN_2021680,2023-08-16,2023,8,16,Juice,3.0,3.0,9.0,9.0,0.0,Não informado,Takeaway
TXN_6123007,2023-05-28,2023,5,28,Coffee,3.0,2.0,6.0,6.0,0.0,Digital Wallet,Não informado
TXN_2832660,2023-01-08,2023,1,8,Smoothie,2.0,4.0,8.0,8.0,0.0,Credit Card,Não informado
TXN_7697496,2023-06-18,2023,6,18,Salad,1.0,5.0,5.0,5.0,0.0,Não informado,Takeaway
TXN_9802838,2023-02-15,2023,2,15,Tea,1.0,1.5,1.5,1.5,0.0,Não informado,Takeaway
TXN_4011509,2023-11-10,2023,11,10,Smoothie,4.0,4.0,16.0,16.0,0.0,Digital Wallet,Não informado
TXN_6786730,2023-04-15,2023,4,15,Coffee,1.0,2.0,2.0,2.0,0.0,Credit Card,Não informado
TXN_8245502,2023-03-16,2023,3,16,Salad,1.0,5.0,5.0,5.0,0.0,Credit Card,Não informado
TXN_1318238,2023-09-23,2023,9,23,Sandwich,1.0,4.0,,4.0,,Digital Wallet,Takeaway
TXN_1970180,2023-08-02,2023,8,2,Cake,2.0,3.0,6.0,6.0,0.0,Digital Wallet,Takeaway
TXN_5415223,2023-09-02,2023,9,2,Tea,2.0,1.5,3.0,3.0,0.0,Cash,In-store
TXN_4777601,2023-08-18,2023,8,18,Tea,1.0,1.5,1.5,1.5,0.0,Credit Card,In-store
TXN_5110688,2023-05-09,2023,5,9,Salad,3.0,5.0,15.0,15.0,0.0,Digital Wallet,Não informado
TXN_7497122,2023-03-23,2023,3,23,Sandwich,5.0,4.0,20.0,20.0,0.0,Digital Wallet,Takeaway
TXN_4870483,2023-03-03,2023,3,3,Coffee,1.0,2.0,2.0,2.0,0.0,Não informado,Takeaway
TXN_3838923,2023-06-03,2023,6,3,Juice,4.0,3.0,12.0,12.0,0.0,Não informado,Takeaway
TXN_2458782,2023-04-15,2023,4,15,Salad,1.0,5.0,5.0,5.0,0.0,Cash,Não informado
TXN_1256513,2023-02-21,2023,2,21,Coffee,4.0,2.0,8.0,8.0,0.0,Credit Card,In-store
TXN_9432758,2023-10-02,2023,10,2,Cookie,3.0,1.0,3.0,3.0,0.0,Cash,Takeaway
TXN_1254663,2023-08-15,2023,8,15,Coffee,3.0,2.0,,6.0,,Não informado,Não informado
TXN_7174856,2023-05-03,2023,5,3,Sandwich,1.0,4.0,4.0,4.0,0.0,Cash,Takeaway
TXN_5548756,2023-09-09,2023,9,9,Cookie,4.0,1.0,4.0,4.0,0.0,Credit Card,Não informado
TXN_2736267,2023-03-17,2023,3,17,Salad,5.0,5.0,25.0,25.0,0.0,Não informado,In-store
TXN_1990997,2023-03-27,2023,3,27,Salad,1.0,5.0,5.0,5.0,0.0,Digital Wallet,Não informado
TXN_3820150,2023-05-10,2023,5,10,Tea,1.0,1.5,1.5,1.5,0.0,Não informado,Não informado
TXN_7325508,2023-05-27,2023,5,27,Salad,4.0,5.0,20.0,20.0,0.0,Credit Card,Takeaway
TXN_5398134,2023-10-01,2023,10,1,Coffee,2.0,2.0,4.0,4.0,0.0,Credit Card,Não informado
TXN_1936447,2023-10-28,2023,10,28,Cookie,2.0,1.0,2.0,2.0,0.0,Cash,Não informado
TXN_8469087,2023-11-06,2023,11,6,Salad,2.0,5.0,10.0,10.0,0.0,Digital Wallet,Takeaway
TXN_8621589,2023-11-15,2023,11,15,Juice,5.0,3.0,15.0,15.0,0.0,Digital Wallet,Não informado
TXN_9901097,2023-01-07,2023,1,7,Coffee,1.0,2.0,2.0,2.0,0.0,Cash,Não informado
TXN_8783484,2023-11-20,2023,11,20,Smoothie,1.0,4.0,4.0,4.0,0.0,Cash,In-store
TXN_9599703,2023-09-25,2023,9,25,Cake,2.0,3.0,6.0,6.0,0.0,Digital Wallet,In-store
TXN_1353248,2023-09-03,2023,9,3,Sandwich,3.0,4.0,12.0,12.0,0.0,Cash,Não informado
TXN_1266598,2023-04-05,2023,4,5,Cake,4.0,3.0,12.0,12.0,0.0,Digital Wallet,Não informado
TXN_5445994,2023-06-11,2023,6,11,Juice,1.0,3.0,3.0,3.0,0.0,Credit Card,In-store
TXN_5689687,2023-06-04,2023,6,4,Cake,5.0,3.0,15.0,15.0,0.0,Não informado,In-store
TXN_2208733,2023-06-20,2023,6,20,Juice,1.0,3.0,3.0,3.0,0.0,Não informado,Takeaway
TXN_4694285,2023-01-25,2023,1,25,Tea,3.0,1.5,4.5,4.5,0.0,Não informado,In-store
TXN_1932224,2023-09-09,2023,9,9,Coffee,1.0,2.0,2.0,2.0,0.0,Credit Card,Não informado
TXN_5468153,2023-12-15,2023,12,15,Smoothie,5.0,4.0,20.0,20.0,0.0,Digital Wallet,In-store
TXN_9363711,2023-11-23,2023,11,23,Coffee,5.0,2.0,10.0,10.0,0.0,Digital Wallet,Takeaway
TXN_6845073,2023-04-05,2023,4,5,Cookie,1.0,1.0,1.0,1.0,0.0,Credit Card,In-store
TXN_1691313,2023-03-17,2023,3,17,Sandwich,2.0,4.0,8.0,8.0,0.0,Digital Wallet,Takeaway
TXN_4007522,2023-12-20,2023,12,20,Cake,2.0,3.0,,6.0,,Cash,Takeaway
TXN_3175177,2023-10-24,2023,10,24,Juice,3.0,3.0,9.0,9.0,0.0,Credit Card,Não informado
TXN_9282265,2023-03-20,2023,3,20,Salad,2.0,5.0,10.0,10.0,0.0,Credit Card,Não informado
TXN_8265257,2023-10-25,2023,10,25,Coffee,1.0,2.0,2.0,2.0,0.0,Não informado,In-store
TXN_5425668,2023-04-09,2023,4,9,Cookie,5.0,1.0,5.0,5.0,0.0,Cash,Takeaway
TXN_7738455,2023-06-05,2023,6,5,Tea,3.0,1.5,4.5,4.5,0.0,Digital Wallet,Não informado
TXN_2660576,2023-05-15,2023,5,15,Sandwich,1.0,4.0,4.0,4.0,0.0,Não informado,Não informado
TXN_2101934,2023-11-27,2023,11,27,Smoothie,4.0,4.0,16.0,16.0,0.0,Cash,In-store
TXN_9205425,2023-09-16,2023,9,16,Sandwich,3.0,4.0,12.0,12.0,0.0,Digital Wallet,Takeaway
TXN_9306482,2023-01-16,2023,1,16,Smoothie,2.0,4.0,8.0,8.0,0.0,Digital Wallet,Takeaway
TXN_8407849,2023-05-05,2023,5,5,Cookie,2.0,1.0,2.0,2.0,0.0,Não informado,Não informado
TXN_9121687,2023-05-13,2023,5,13,Sandwich,2.0,4.0,8.0,8.0,0.0,Não informado,In-store
TXN_3182191,2023-07-21,2023,7,21,Cake,5.0,3.0,15.0,15.0,0.0,Digital Wallet,Não informado
TXN_4734366,2023-08-20,2023,8,20,Smoothie,1.0,4.0,4.0,4.0,0.0,Credit Card,Takeaway
TXN_4430006,2023-01-14,2023,1,14,Juice,5.0,3.0,15.0,15.0,0.0,Não informado,Não informado
TXN_7341975,2023-07-29,2023,7,29,Juice,2.0,3.0,6.0,6.0,0.0,Digital Wallet,Não informado
TXN_8787149,2023-04-20,2023,4,20,Juice,1.0,3.0,3.0,3.0,0.0,Não informado,Não informado
TXN_4224284,2023-09-04,2023,9,4,Cookie,2.0,1.0,2.0,2.0,0.0,Não informado,Takeaway
TXN_5097542,2023-05-15,2023,5,15,Cake,5.0,3.0,15.0,15.0,0.0,Cash,Não informado
TXN_4260738,2023-11-15,2023,11,15,Coffee,2.0,2.0,4.0,4.0,0.0,Não informado,In-store
TXN_5402821,2023-11-29,2023,11,29,Salad,4.0,5.0,20.0,20.0,0.0,Não informado,Não informado
TXN_4130343,2023-12-08,2023,12,8,Coffee,4.0,2.0,8.0,8.0,0.0,Credit Card,In-store
TXN_3028667,2023-11-24,2023,11,24,Juice,2.0,3.0,6.0,6.0,0.0,Não informado,Takeaway
TXN_6849062,2023-07-30,2023,7,30,Coffee,5.0,2.0,10.0,10.0,0.0,Cash,Não informado
TXN_4336844,2023-07-09,2023,7,9,Smoothie,4.0,4.0,16.0,16.0,0.0,Não informado,Não informado
TXN_6090715,2023-11-14,2023,11,14,Juice,3.0,3.0,9.0,9.0,0.0,Credit Card,In-store
TXN_9162014,2023-07-21,2023,7,21,Cake,1.0,3.0,3.0,3.0,0.0,Cash,Não informado
TXN_4751689,2023-07-28,2023,7,28,Smoothie,5.0,4.0,,20.0,,Cash,In-store
TXN_2200163,2023-03-13,2023,3,13,Coffee,4.0,2.0,8.0,8.0,0.0,Cash,Não informado
TXN_7310903,2023-09-10,2023,9,10,Smoothie,3.0,4.0,12.0,12.0,0.0,Credit Card,Não informado
TXN_7155957,2023-02-22,2023,2,22,Salad,5.0,5.0,25.0,25.0,0.0,Digital Wallet,In-store
TXN_4350828,2023-02-16,2023,2,16,Juice,2.0,3.0,6.0,6.0,0.0,Digital Wallet,In-store
TXN_7539585,2023-10-20,2023,10,20,Smoothie,5.0,4.0,20.0,20.0,0.0,Não informado,Não informado
TXN_4970127,2023-12-09,2023,12,9,Tea,1.0,1.5,1.5,1.5,0.0,Digital Wallet,In-store
TXN_9567719,2023-01-24,2023,1,24,Sandwich,5.0,4.0,20.0,20.0,0.0,Digital Wallet,In-store
TXN_2950265,2023-08-23,2023,8,23,Salad,3.0,5.0,15.0,15.0,0.0,Credit Card,Não informado
TXN_1556609,2023-07-21,2023,7,21,Sandwich,1.0,4.0,4.0,4.0,0.0,Digital Wallet,Não informado
TXN_2203547,2023-07-01,2023,7,1,Juice,3.0,3.0,9.0,9.0,0.0,Não informado,In-store
TXN_1084010,2023-08-11,2023,8,11,Smoothie,2.0,4.0,8.0,8.0,0.0,Credit Card,In-store
TXN_4218637,2023-08-31,2023,8,31,Tea,5.0,1.5,7.5,7.5,0.0,Cash,Não informado
TXN_2245465,2023-12-27,2023,12,27,Salad,2.0,5.0,10.0,10.0,0.0,Digital Wallet,Não informado
TXN_4742049,2023-09-10,2023,9,10,Juice,1.0,3.0,3.0,3.0,0.0,Credit Card,Takeaway
TXN_9889005,2023-12-16,2023,12,16,Cake,3.0,3.0,9.0,9.0,0.0,Não informado,Não informado
TXN_4840522,2023-06-16,2023,6,16,Smoothie,3.0,4.0,12.0,12.0,0.0,Não informado,In-store
TXN_2585392,2023-07-12,2023,7,12,Salad,4.0,5.0,20.0,20.0,0.0,Não informado,Não informado
TXN_2180562,2023-07-02,2023,7,2,Salad,2.0,5.0,10.0,10.0,0.0,Não informado,Takeaway
TXN_5993677,2023-01-28,2023,1,28,Cake,4.0,3.0,12.0,12.0,0.0,Não informado,Takeaway
TXN_8984991,2023-05-17,2023,5,17,Smoothie,3.0,4.0,12.0,12.0,0.0,Credit Card,Não informado
TXN_6123633,2023-01-16,2023,1,16,Salad,3.0,5.0,15.0,15.0,0.0,Não informado,Não informado
TXN_6769554,2023-02-06,2023,2,6,Coffee,5.0,2.0,10.0,10.0,0.0,Credit Card,Takeaway
TXN_5761414,2023-10-02,2023,10,2,Smoothie,1.0,4.0,4.0,4.0,0.0,Digital Wallet,Não informado
TXN_5157516,2023-10-09,2023,10,9,Salad,3.0,5.0,15.0,15.0,0.0,Não informado,In-store
TXN_2614633,2023-04-23,2023,4,23,Coffee,4.0,2.0,8.0,8.0,0.0,Digital Wallet,In-store
TXN_3781240,2023-05-27,2023,5,27,Cake,5.0,3.0,15.0,15.0,0.0,Não informado,Takeaway
TXN_2085081,2023-03-14,2023,3,14,Cake,2.0,3.0,6.0,6.0,0.0,Cash,Não informado
TXN_3399636,2023-08-07,2023,8,7,Juice,3.0,3.0,9.0,9.0,0.0,Digital Wallet,Takeaway
TXN_8587529,2023-07-09,2023,7,9,Cookie,2.0,1.0,2.0,2.0,0.0,Credit Card,Takeaway
TXN_1476775,2023-11-01,2023,11,1,Salad,3.0,5.0,15.0,15.0,0.0,Credit Card,Não informado
TXN_6945985,2023-02-13,2023,2,13,Tea,3.0,1.5,4.5,4.5,0.0,Digital Wallet,In-store
TXN_4117627,2023-06-22,2023,6,22,Cake,3.0,3.0,9.0,9.0,0.0,Credit Card,In-store
TXN_7530300,2023-05-08,2023,5,8,Coffee,3.0,2.0,6.0,6.0,0.0,Digital Wallet,Não informado
TXN_7071783,2023-07-04,2023,7,4,Cookie,4.0,1.0,4.0,4.0,0.0,Cash,Não informado
TXN_3676305,2023-06-14,2023,6,14,Salad,5.0,5.0,25.0,25.0,0.0,Credit Card,Não informado
TXN_8867827,2023-01-14,2023,1,14,Tea,1.0,1.5,1.5,1.5,0.0,Digital Wallet,Não informado
TXN_9061106,2023-11-04,2023,11,4,Cake,4.0,3.0,12.0,12.0,0.0,Digital Wallet,Takeaway
TXN_6496176,2023-07-26,2023,7,26,Cookie,4.0,1.0,4.0,4.0,0.0,Não informado,In-store
TXN_2381411,2023-07-30,2023,7,30,Coffee,5.0,2.0,10.0,10.0,0.0,Cash,In-store
TXN_9210096,2023-05-25,2023,5,25,Smoothie,3.0,4.0,12.0,12.0,0.0,Não informado,Não informado
TXN_4563544,2023-06-10,2023,6,10,Sandwich,5.0,4.0,20.0,20.0,0.0,Não informado,Não informado
TXN_2168277,2023-06-02,2023,6,2,Cookie,1.0,1.0,1.0,1.0,0.0,Não informado,Takeaway
TXN_9178545,2023-01-24,2023,1,24,Juice,4.0,3.0,12.0,12.0,0.0,Cash,In-store
TXN_8535886,2023-05-13,2023,5,13,Tea,5.0,1.5,7.5,7.5,0.0,Credit Card,In-store
TXN_7978452,2023-10-03,2023,10,3,Cake,5.0,3.0,15.0,15.0,0.0,Digital Wallet,Não informado
TXN_8488163,2023-01-19,2023,1,19,Sandwich,4.0,4.0,,16.0,,Não informado,Não informado
TXN_6926855,2023-01-12,2023,1,12,Sandwich,3.0,4.0,12.0,12.0,0.0,Cash,Takeaway
TXN_9869593,2023-10-03,2023,10,3,Cake,2.0,3.0,6.0,6.0,0.0,Digital Wallet,Takeaway
TXN_3055407,2023-06-03,2023,6,3,Tea,2.0,1.5,3.0,3.0,0.0,Não informado,Não informado
TXN_4981027,2023-08-02,2023,8,2,Coffee,3.0,2.0,6.0,6.0,0.0,Não informado,Não informado
TXN_5332773,2023-05-04,2023,5,4,Coffee,2.0,2.0,4.0,4.0,0.0,Digital Wallet,Takeaway
TXN_5946554,2023-03-01,2023,3,1,Cake,2.0,3.0,,6.0,,Não informado,Não informado
TXN_7508715,2023-12-11,2023,12,11,Smoothie,2.0,4.0,8.0,8.0,0.0,Cash,In-store
TXN_9728789,2023-03-29,2023,3,29,Cookie,3.0,1.0,3.0,3.0,0.0,Cash,In-store
TXN_8061866,2023-12-13,2023,12,13,Salad,4.0,5.0,20.0,20.0,0.0,Cash,Takeaway
TXN_8961034,2023-01-21,2023,1,21,Juice,2.0,3.0,6.0,6.0,0.0,Não informado,Não informado
TXN_1099119,2023-02-09,2023,2,9,Smoothie,4.0,4.0,16.0,16.0,0.0,Cash,Não informado
TXN_2421387,2023-04-09,2023,4,9,Cookie,4.0,1.0,4.0,4.0,0.0,Não informado,Não informado
TXN_8627017,2023-01-28,2023,1,28,Tea,4.0,1.5,6.0,6.0,0.0,Cash,In-store
TXN_7468084,2023-06-14,2023,6,14,Coffee,5.0,2.0,10.0,10.0,0.0,Credit Card,Não informado
TXN_1185069,2023-02-21,2023,2,21,Salad,1.0,5.0,5.0,5.0,0.0,Digital Wallet,Não informado
TXN_5100941,2023-07-11,2023,7,11,Cookie,5.0,1.0,,5.0,,Digital Wallet,Não informado
TXN_6428745,2023-06-02,2023,6,2,Cake,1.0,3.0,3.0,3.0,0.0,Não informado,Takeaway
TXN_4096757,2023-07-20,2023,7,20,Salad,5.0,5.0,25.0,25.0,0.0,Credit Card,In-store
TXN_6057914,2023-03-18,2023,3,18,Smoothie,2.0,4.0,8.0,8.0,0.0,Digital Wallet,Não informado
TXN_2517078,2023-03-07,2023,3,7,Sandwich,2.0,4.0,8.0,8.0,0.0,Não informado,In-store
TXN_2890321,2023-06-13,2023,6,13,Tea,3.0,1.5,4.5,4.5,0.0,Cash,In-store
TXN_4808812,2023-05-31,2023,5,31,Smoothie,4.0,4.0,16.0,16.0,0.0,Não informado,Não informado
TXN_1866707,2023-06-05,2023,6,5,Smoothie,3.0,4.0,12.0,12.0,0.0,Cash,Não informado
TXN_9745609,2023-02-05,2023,2,5,Salad,3.0,5.0,15.0,15.0,0.0,Não informado,Não informado
TXN_8488298,2023-11-03,2023,11,3,Cake,3.0,3.0,9.0,9.0,0.0,Cash,Não informado
TXN_2515796,2023-02-06,2023,2,6,Tea,3.0,1.5,4.5,4.5,0.0,Credit Card,Takeaway
TXN_2369294,2023-09-07,2023,9,7,Sandwich,2.0,4.0,8.0,8.0,0.0,Cash,Takeaway
TXN_9444736,2023-04-23,2023,4,23,Tea,5.0,1.5,7.5,7.5,0.0,Credit Card,Takeaway
TXN_4764398,2023-06-13,2023,6,13,Sandwich,2.0,4.0,8.0,8.0,0.0,Credit Card,Não informado
TXN_1993675,2023-01-09,2023,1,9,Cookie,3.0,1.0,3.0,3.0,0.0,Cash,Takeaway
TXN_7754136,2023-07-12,2023,7,12,Cookie,1.0,1.0,1.0,1.0,0.0,Credit Card,In-store
TXN_4873173,2023-10-08,2023,10,8,Coffee,5.0,2.0,10.0,10.0,0.0,Cash,Takeaway
TXN_7221126,2023-10-11,2023,10,11,Tea,5.0,1.5,7.5,7.5,0.0,Digital Wallet,In-store
TXN_4537288,2023-02-25,2023,2,25,Cookie,1.0,1.0,1.0,1.0,0.0,Cash,Não informado
TXN_5079166,2023-04-15,2023,4,15,Salad,5.0,5.0,25.0,25.0,0.0,Credit Card,Takeaway
TXN_4597600,2023-11-15,2023,11,15,Cookie,5.0,1.0,,5.0,,Não informado,Takeaway
TXN_6568440,2023-06-15,2023,6,15,Cookie,1.0,1.0,1.0,1.0,0.0,Não informado,Takeaway
TXN_1713639,2023-08-04,2023,8,4,Cookie,1.0,1.0,1.0,1.0,0.0,Não informado,Não informado
TXN_6419344,2023-05-26,2023,5,26,Juice,1.0,3.0,3.0,3.0,0.0,Cash,In-store
TXN_3669068,2023-01-17,2023,1,17,Cake,5.0,3.0,15.0,15.0,0.0,Cash,Takeaway
TXN_4432252,2023-02-16,2023,2,16,Smoothie,5.0,4.0,20.0,20.0,0.0,Credit Card,Não informado
TXN_2940895,2023-02-20,2023,2,20,Cake,4.0,3.0,12.0,12.0,0.0,Não informado,Não informado
TXN_4069354,2023-08-18,2023,8,18,Salad,1.0,5.0,5.0,5.0,0.0,Não informado,Não informado
TXN_9737509,2023-11-27,2023,11,27,Tea,5.0,1.5,7.5,7.5,0.0,Digital Wallet,In-store
TXN_8749404,2023-12-16,2023,12,16,Coffee,4.0,2.0,8.0,8.0,0.0,Digital Wallet,In-store
TXN_2069068,2023-06-15,2023,6,15,Cake,5.0,3.0,15.0,15.0,0.0,Não informado,In-store
TXN_6411385,2023-06-06,2023,6,6,Salad,4.0,5.0,20.0,20.0,0.0,Cash,Takeaway
TXN_4768744,2023-05-14,2023,5,14,Tea,5.0,1.5,7.5,7.5,0.0,Cash,In-store
TXN_5260646,2023-11-18,2023,11,18,Tea,4.0,1.5,6.0,6.0,0.0,Cash,Takeaway
TXN_2393219,2023-12-27,2023,12,27,Juice,4.0,3.0,12.0,12.0,0.0,Digital Wallet,In-store
TXN_4544172,2023-05-20,2023,5,20,Juice,1.0,3.0,3.0,3.0,0.0,Digital Wallet,Takeaway
TXN_1180623,2023-09-23,2023,9,23,Sandwich,5.0,4.0,20.0,20.0,0.0,Não informado,In-store
TXN_8275137,2023-11-16,2023,11,16,Salad,4.0,5.0,20.0,20.0,0.0,Cash,Não informado
TXN_3758861,2023-07-03,2023,7,3,Smoothie,3.0,4.0,12.0,12.0,0.0,Credit Card,Não informado
TXN_6279736,2023-08-25,2023,8,25,Salad,1.0,5.0,5.0,5.0,0.0,Não informado,Não informado
TXN_8661276,2023-01-07,2023,1,7,Cookie,1.0,1.0,1.0,1.0,0.0,Digital Wallet,In-store
TXN_5974796,2023-11-09,2023,11,9,Sandwich,4.0,4.0,16.0,16.0,0.0,Cash,In-store
TXN_5452978,2023-04-10,2023,4,10,Salad,2.0,5.0,10.0,10.0,0.0,Cash,In-store
TXN_6455517,2023-08-04,2023,8,4,Cake,2.0,3.0,6.0,6.0,0.0,Cash,Não informado
TXN_3933290,2023-08-05,2023,8,5,Coffee,1.0,2.0,2.0,2.0,0.0,Não informado,Não informado
TXN_9655661,2023-06-07,2023,6,7,Juice,1.0,3.0,3.0,3.0,0.0,Digital Wallet,Não informado
TXN_1931190,2023-12-31,2023,12,31,Cookie,3.0,1.0,3.0,3.0,0.0,Não informado,Takeaway
TXN_4887189,2023-07-19,2023,7,19,Smoothie,3.0,4.0,12.0,12.0,0.0,Cash,Takeaway
TXN_7687146,2023-12-02,2023,12,2,Coffee,1.0,2.0,2.0,2.0,0.0,Digital Wallet,Takeaway
TXN_9728414,2023-01-11,2023,1,11,Tea,1.0,1.5,1.5,1.5,0.0,Credit Card,Takeaway
TXN_3081950,2023-05-01,2023,5,1,Cookie,1.0,1.0,1.0,1.0,0.0,Digital Wallet,Não informado
TXN_7589318,2023-09-21,2023,9,21,Cake,4.0,3.0,12.0,12.0,0.0,Cash,In-store
TXN_9452972,2023-02-10,2023,2,10,Sandwich,3.0,4.0,12.0,12.0,0.0,Digital Wallet,Não informado
TXN_9299563,2023-03-27,2023,3,27,Juice,5.0,3.0,15.0,15.0,0.0,Credit Card,Não informado
TXN_3374343,2023-09-02,2023,9,2,Cake,2.0,3.0,6.0,6.0,0.0,Não informado,Não informado
TXN_8732269,2023-01-11,2023,1,11,Cake,2.0,3.0,6.0,6.0,0.0,Credit Card,Takeaway
TXN_3758250,2023-09-08,2023,9,8,Salad,3.0,5.0,15.0,15.0,0.0,Cash,In-store
TXN_8697749,2023-07-24,2023,7,24,Cookie,3.0,1.0,3.0,3.0,0.0,Não informado,Takeaway
TXN_6027798,2023-05-26,2023,5,26,Cookie,2.0,1.0,2.0,2.0,0.0,Digital Wallet,Não informado
TXN_4482692,2023-04-14,2023,4,14,Salad,2.0,5.0,10.0,10.0,0.0,Não informado,Não informado
TXN_8196921,2023-05-19,2023,5,19,Coffee,4.0,2.0,8.0,8.0,0.0,Credit Card,Takeaway
TXN_9289408,2023-09-23,2023,9,23,Coffee,4.0,2.0,8.0,8.0,0.0,Digital Wallet,Não informado
TXN_8506937,2023-09-07,2023,9,7,Salad,1.0,5.0,,5.0,,Não informado,In-store
TXN_6217375,2023-12-07,2023,12,7,Smoothie,5.0,4.0,20.0,20.0,0.0,Cash,Não informado
TXN_3779320,2023-03-27,2023,3,27,Tea,4.0,1.5,6.0,6.0,0.0,Credit Card,In-store
TXN_9789876,2023-09-05,2023,9,5,Salad,4.0,5.0,20.0,20.0,0.0,Cash,Takeaway
TXN_9129403,2023-12-05,2023,12,5,Sandwich,3.0,4.0,12.0,12.0,0.0,Credit Card,Não informado
TXN_2944325,2023-12-18,2023,12,18,Sandwich,4.0,4.0,16.0,16.0,0.0,Cash,Não informado
TXN_5591155,2023-05-14,2023,5,14,Smoothie,4.0,4.0,16.0,16.0,0.0,Não informado,Takeaway
TXN_6532832,2023-06-23,2023,6,23,Cookie,5.0,1.0,,5.0,,Cash,In-store
TXN_5992166,2023-10-01,2023,10,1,Juice,5.0,3.0,15.0,15.0,0.0,Cash,Takeaway
TXN_6895165,2023-02-18,2023,2,18,Coffee,3.0,2.0,6.0,6.0,0.0,Credit Card,Takeaway
TXN_6269306,2023-08-29,2023,8,29,Smoothie,5.0,4.0,20.0,20.0,0.0,Credit Card,Não informado
TXN_2132747,2023-12-19,2023,12,19,Sandwich,2.0,4.0,8.0,8.0,0.0,Não informado,In-store
TXN_6241505,2023-11-20,2023,11,20,Smoothie,4.0,4.0,16.0,16.0,0.0,Cash,Takeaway
TXN_7965585,2023-01-30,2023,1,30,Smoothie,5.0,4.0,20.0,20.0,0.0,Não informado,Takeaway
TXN_1950063,2023-02-24,2023,2,24,Salad,2.0,5.0,10.0,10.0,0.0,Cash,Não informado
TXN_4682737,2023-02-03,2023,2,3,Coffee,2.0,2.0,4.0,4.0,0.0,Cash,Takeaway
TXN_9061471,2023-07-13,2023,7,13,Cake,1.0,3.0,3.0,3.0,0.0,Digital Wallet,Takeaway
TXN_8410979,2023-05-02,2023,5,2,Smoothie,3.0,4.0,12.0,12.0,0.0,Digital Wallet,In-store
TXN_3710523,2023-10-03,2023,10,3,Sandwich,3.0,4.0,12.0,12.0,0.0,Digital Wallet,Não informado
TXN_8014289,2023-12-04,2023,12,4,Juice,5.0,3.0,15.0,15.0,0.0,Digital Wallet,In-store
TXN_1888294,2023-07-03,2023,7,3,Juice,3.0,3.0,9.0,9.0,0.0,Cash,Não informado
TXN_2648236,2023-09-10,2023,9,10,Smoothie,2.0,4.0,8.0,8.0,0.0,Credit Card,In-store
TXN_1837817,2023-08-13,2023,8,13,Tea,2.0,1.5,3.0,3.0,0.0,Cash,Não informado
TXN_4197575,2023-01-21,2023,1,21,Salad,2.0,5.0,10.0,10.0,0.0,Credit Card,Não informado
TXN_5863650,2023-08-09,2023,8,9,Tea,1.0,1.5,1.5,1.5,0.0,Digital Wallet,In-store
TXN_1292476,2023-09-07,2023,9,7,Juice,4.0,3.0,12.0,12.0,0.0,Digital Wallet,Takeaway
TXN_4872708,2023-11-16,2023,11,16,Coffee,5.0,2.0,10.0,10.0,0.0,Cash,Não informado
TXN_1299936,2023-03-27,2023,3,27,Coffee,1.0,2.0,2.0,2.0,0.0,Não informado,Takeaway
TXN_2199236,2023-10-06,2023,10,6,Smoothie,5.0,4.0,20.0,20.0,0.0,Não informado,Takeaway
TXN_1311237,2023-11-11,2023,11,11,Cookie,4.0,1.0,4.0,4.0,0.0,Credit Card,Não informado
TXN_5808749,2023-01-25,2023,1,25,Salad,1.0,5.0,5.0,5.0,0.0,Cash,Takeaway
TXN_7677646,2023-02-15,2023,2,15,Sandwich,5.0,4.0,20.0,20.0,0.0,Não informado,Não informado
TXN_3894165,2023-03-31,2023,3,31,Smoothie,5.0,4.0,20.0,20.0,0.0,Credit Card,Não informado
TXN_5270067,2023-03-09,2023,3,9,Cake,3.0,3.0,9.0,9.0,0.0,Digital Wallet,Não informado
TXN_9326761,2023-01-02,2023,1,2,Tea,1.0,1.5,1.5,1.5,0.0,Não informado,Não informado
TXN_2168513,2023-02-09,2023,2,9,Cake,1.0,3.0,3.0,3.0,0.0,Digital Wallet,In-store
TXN_3947116,2023-01-13,2023,1,13,Sandwich,1.0,4.0,4.0,4.0,0.0,Não informado,Takeaway
TXN_7248722,2023-04-06,2023,4,6,Cake,3.0,3.0,9.0,9.0,0.0,Cash,Takeaway
TXN_9989458,2023-02-16,2023,2,16,Smoothie,3.0,4.0,12.0,12.0,0.0,Cash,Não informado
TXN_1850339,2023-01-17,2023,1,17,Cookie,5.0,1.0,5.0,5.0,0.0,Cash,Takeaway
TXN_9934619,2023-02-11,2023,2,11,Cookie,1.0,1.0,1.0,1.0,0.0,Não informado,In-store
TXN_4551353,2023-08-17,2023,8,17,Tea,5.0,1.5,7.5,7.5,0.0,Digital Wallet,In-store
TXN_6657245,2023-10-25,2023,10,25,Sandwich,1.0,4.0,4.0,4.0,0.0,Não informado,In-store
TXN_1786141,2023-03-12,2023,3,12,Smoothie,4.0,4.0,16.0,16.0,0.0,Não informado,Não informado
TXN_6405088,2023-07-24,2023,7,24,Juice,1.0,3.0,3.0,3.0,0.0,Não informado,In-store
TXN_8571432,2023-12-07,2023,12,7,Juice,2.0,3.0,6.0,6.0,0.0,Cash,Não informado
TXN_6744096,2023-11-15,2023,11,15,Coffee,1.0,2.0,2.0,2.0,0.0,Digital Wallet,In-store
TXN_3485502,2023-12-25,2023,12,25,Juice,2.0,3.0,6.0,6.0,0.0,Não informado,Não informado
TXN_5188843,2023-02-06,2023,2,6,Smoothie,2.0,4.0,8.0,8.0,0.0,Cash,In-store
TXN_4821343,2023-09-16,2023,9,16,Cookie,1.0,1.0,1.0,1.0,0.0,Credit Card,In-store
TXN_8725610,2023-02-11,2023,2,11,Sandwich,2.0,4.0,8.0,8.0,0.0,Não informado,Takeaway
TXN_8404563,2023-01-22,2023,1,22,Tea,1.0,1.5,1.5,1.5,0.0,Cash,In-store
TXN_8942133,2023-10-04,2023,10,4,Salad,3.0,5.0,15.0,15.0,0.0,Cash,Takeaway
TXN_9230208,2023-05-13,2023,5,13,Juice,3.0,3.0,9.0,9.0,0.0,Credit Card,Não informado
TXN_8980468,2023-08-24,2023,8,24,Smoothie,5.0,4.0,20.0,20.0,0.0,Cash,Não informado
TXN_4175635,2023-05-26,2023,5,26,Salad,3.0,5.0,15.0,15.0,0.0,Não informado,Takeaway
TXN_8359693,2023-10-23,2023,10,23,Sandwich,2.0,4.0,8.0,8.0,0.0,Digital Wallet,In-store
TXN_2244902,2023-02-13,2023,2,13,Coffee,5.0,2.0,10.0,10.0,0.0,Credit Card,Não informado
TXN_5561958,2023-07-24,2023,7,24,Smoothie,4.0,4.0,16.0,16.0,0.0,Digital Wallet,Não informado
TXN_6963106,2023-06-01,2023,6,1,Sandwich,1.0,4.0,4.0,4.0,0.0,Cash,In-store
TXN_6008133,2023-11-08,2023,11,8,Coffee,3.0,2.0,6.0,6.0,0.0,Digital Wallet,Não informado
TXN_2551074,2023-09-17,2023,9,17,Cookie,1.0,1.0,1.0,1.0,0.0,Cash,Não informado
TXN_1899827,2023-06-24,2023,6,24,Coffee,5.0,2.0,10.0,10.0,0.0,Credit Card,Takeaway
TXN_3046572,2023-05-16,2023,5,16,Salad,4.0,5.0,20.0,20.0,0.0,Cash,Não informado
TXN_8701063,2023-08-23,2023,8,23,Sandwich,2.0,4.0,8.0,8.0,0.0,Não informado,Não informado
TXN_9157625,2023-02-10,2023,2,10,Tea,5.0,1.5,7.5,7.5,0.0,Credit Card,Takeaway
TXN_7865037,2023-06-05,2023,6,5,Coffee,1.0,2.0,2.0,2.0,0.0,Digital Wallet,Não informado
TXN_8410376,2023-07-02,2023,7,2,Coffee,4.0,2.0,8.0,8.0,0.0,Digital Wallet,Não informado
TXN_4192665,2023-07-15,2023,7,15,Coffee,1.0,2.0,2.0,2.0,0.0,Cash,Não informado
TXN_5433077,2023-11-29,2023,11,29,Cake,4.0,3.0,12.0,12.0,0.0,Cash,In-store
TXN_1844925,2023-10-21,2023,10,21,Tea,5.0,1.5,7.5,7.5,0.0,Cash,Não informado
TXN_7215311,2023-07-31,2023,7,31,Tea,1.0,1.5,1.5,1.5,0.0,Não informado,Não informado
TXN_8003664,2023-11-26,2023,11,26,Sandwich,1.0,4.0,4.0,4.0,0.0,Credit Card,Não informado
TXN_3872616,2023-10-23,2023,10,23,Cake,2.0,3.0,6.0,6.0,0.0,Não informado,Takeaway
TXN_3659483,2023-05-14,2023,5,14,Smoothie,3.0,4.0,,12.0,,Cash,Não informado
TXN_1688499,2023-03-23,2023,3,23,Smoothie,2.0,4.0,8.0,8.0,0.0,Credit Card,Não informado
TXN_5632556,2023-05-16,2023,5,16,Juice,4.0,3.0,,12.0,,Digital Wallet,In-store
TXN_7954416,2023-06-04,2023,6,4,Coffee,1.0,2.0,2.0,2.0,0.0,Digital Wallet,In-store
TXN_7421687,2023-11-18,2023,11,18,Coffee,5.0,2.0,10.0,10.0,0.0,Credit Card,In-store
TXN_3793672,2023-01-14,2023,1,14,Cookie,5.0,1.0,5.0,5.0,0.0,Credit Card,Não informado
TXN_1903825,2023-04-01,2023,4,1,Salad,4.0,5.0,20.0,20.0,0.0,Digital Wallet,Takeaway
TXN_4267136,2023-08-02,2023,8,2,Tea,1.0,1.5,1.5,1.5,0.0,Credit Card,In-store
TXN_6281616,2023-08-19,2023,8,19,Coffee,4.0,2.0,8.0,8.0,0.0,Não informado,Não informado
TXN_3743107,2023-01-14,2023,1,14,Coffee,4.0,2.0,8.0,8.0,0.0,Cash,Não informado
TXN_6739664,2023-09-12,2023,9,12,Salad,3.0,5.0,15.0,15.0,0.0,Cash,Não informado
TXN_7187140,2023-05-25,2023,5,25,Juice,2.0,3.0,6.0,6.0,0.0,Credit Card,In-store
TXN_6988675,2023-02-24,2023,2,24,Coffee,1.0,2.0,2.0,2.0,0.0,Não informado,In-store
TXN_4623303,2023-01-29,2023,1,29,Smoothie,3.0,4.0,12.0,12.0,0.0,Não informado,In-store
TXN_7568175,2023-11-06,2023,11,6,Salad,1.0,5.0,5.0,5.0,0.0,Cash,In-store
TXN_4968258,2023-05-14,2023,5,14,Smoothie,2.0,4.0,8.0,8.0,0.0,Não informado,Takeaway
TXN_8843061,2023-11-10,2023,11,10,Smoothie,1.0,4.0,4.0,4.0,0.0,Cash,Takeaway
TXN_7079566,2023-10-20,2023,10,20,Juice,4.0,3.0,12.0,12.0,0.0,Digital Wallet,In-store
TXN_3937788,2023-06-27,2023,6,27,Smoothie,1.0,4.0,4.0,4.0,0.0,Cash,In-store
TXN_3397034,2023-04-11,2023,4,11,Cake,4.0,3.0,12.0,12.0,0.0,Não informado,Não informado
TXN_8343414,2023-02-28,2023,2,28,Salad,2.0,5.0,10.0,10.0,0.0,Credit Card,Takeaway
TXN_4204491,2023-04-25,2023,4,25,Smoothie,2.0,4.0,8.0,8.0,0.0,Digital Wallet,Não informado
TXN_4801327,2023-02-03,2023,2,3,Cake,5.0,3.0,15.0,15.0,0.0,Cash,In-store
TXN_4276482,2023-08-26,2023,8,26,Sandwich,4.0,4.0,16.0,16.0,0.0,Não informado,Takeaway
TXN_6025054,2023-03-10,2023,3,10,Coffee,1.0,2.0,2.0,2.0,0.0,Credit Card,Takeaway
TXN_1485725,2023-12-10,2023,12,10,Salad,5.0,5.0,25.0,25.0,0.0,Não informado,In-store
TXN_9929033,2023-02-17,2023,2,17,Coffee,2.0,2.0,4.0,4.0,0.0,Cash,Takeaway
TXN_1888706,2023-11-26,2023,11,26,Cookie,1.0,1.0,1.0,1.0,0.0,Não informado,Takeaway
TXN_7495804,2023-11-24,2023,11,24,Juice,3.0,3.0,9.0,9.0,0.0,Credit Card,Takeaway
TXN_5133476,2023-03-17,2023,3,17,Juice,4.0,3.0,12.0,12.0,0.0,Não informado,Não informado
TXN_5895330,2023-05-12,2023,5,12,Salad,5.0,5.0,25.0,25.0,0.0,Não informado,In-store
TXN_5351447,2023-07-20,2023,7,20,Salad,4.0,5.0,20.0,20.0,0.0,Não informado,Não informado
TXN_8505782,2023-11-24,2023,11,24,Cookie,2.0,1.0,2.0,2.0,0.0,Não informado,In-store
TXN_2357107,2023-07-05,2023,7,5,Sandwich,1.0,4.0,4.0,4.0,0.0,Não informado,In-store
TXN_1371708,2023-03-14,2023,3,14,Cookie,2.0,1.0,2.0,2.0,0.0,Não informado,Takeaway
TXN_6806563,2023-04-16,2023,4,16,Coffee,1.0,2.0,2.0,2.0,0.0,Não informado,Não informado
TXN_8183734,2023-08-25,2023,8,25,Cookie,2.0,1.0,2.0,2.0,0.0,Digital Wallet,In-store
TXN_6882503,2023-01-02,2023,1,2,Tea,1.0,1.5,1.5,1.5,0.0,Não informado,In-store
TXN_2785654,2023-02-21,2023,2,21,Tea,1.0,1.5,1.5,1.5,0.0,Credit Card,Takeaway
TXN_1453579,2023-01-21,2023,1,21,Sandwich,5.0,4.0,20.0,20.0,0.0,Não informado,Não informado
TXN_1121833,2023-03-16,2023,3,16,Coffee,4.0,2.0,8.0,8.0,0.0,Credit Card,In-store
TXN_7471281,2023-06-16,2023,6,16,Sandwich,5.0,4.0,20.0,20.0,0.0,Não informado,Não informado
TXN_1512159,2023-11-25,2023,11,25,Cake,2.0,3.0,6.0,6.0,0.0,Credit Card,In-store
TXN_4008899,2023-05-07,2023,5,7,Salad,4.0,5.0,20.0,20.0,0.0,Não informado,Não informado
TXN_4566950,2023-09-29,2023,9,29,Coffee,2.0,2.0,4.0,4.0,0.0,Cash,Takeaway
TXN_6648081,2023-04-24,2023,4,24,Salad,4.0,5.0,20.0,20.0,0.0,Não informado,Takeaway
TXN_5094936,2023-07-12,2023,7,12,Coffee,4.0,2.0,8.0,8.0,0.0,Não informado,In-store
TXN_8154928,2023-07-26,2023,7,26,Tea,3.0,1.5,,4.5,,Credit Card,Não informado
TXN_6550707,2023-03-01,2023,3,1,Coffee,1.0,2.0,,2.0,,Digital Wallet,Não informado
TXN_3676019,2023-11-07,2023,11,7,Juice,4.0,3.0,12.0,12.0,0.0,Digital Wallet,Não informado
TXN_9644830,2023-11-24,2023,11,24,Cookie,1.0,1.0,1.0,1.0,0.0,Não informado,Não informado
TXN_3219378,2023-12-04,2023,12,4,Salad,3.0,5.0,15.0,15.0,0.0,Digital Wallet,In-store
TXN_6372515,2023-11-22,2023,11,22,Cookie,1.0,1.0,1.0,1.0,0.0,Digital Wallet,In-store
TXN_4692681,2023-06-02,2023,6,2,Tea,2.0,1.5,3.0,3.0,0.0,Não informado,Não informado
TXN_9364172,2023-03-18,2023,3,18,Tea,4.0,1.5,6.0,6.0,0.0,Não informado,Takeaway
TXN_4745933,2023-11-05,2023,11,5,Salad,1.0,5.0,5.0,5.0,0.0,Digital Wallet,In-store
TXN_6540267,2023-09-26,2023,9,26,Salad,2.0,5.0,10.0,10.0,0.0,Não informado,Takeaway
TXN_6994245,2023-12-30,2023,12,30,Coffee,4.0,2.0,8.0,8.0,0.0,Digital Wallet,In-store
TXN_8973007,2023-02-07,2023,2,7,Coffee,5.0,2.0,10.0,10.0,0.0,Não informado,Takeaway
TXN_8103630,2023-03-08,2023,3,8,Cookie,1.0,1.0,1.0,1.0,0.0,Digital Wallet,Takeaway
TXN_2575160,2023-01-02,2023,1,2,Tea,5.0,1.5,7.5,7.5,0.0,Não informado,Não informado
TXN_8002309,2023-04-04,2023,4,4,Sandwich,1.0,4.0,4.0,4.0,0.0,Não informado,Não informado
TXN_3252542,2023-09-22,2023,9,22,Sandwich,5.0,4.0,20.0,20.0,0.0,Digital Wallet,In-store
TXN_4775220,2023-07-21,2023,7,21,Juice,3.0,3.0,9.0,9.0,0.0,Não informado,Takeaway
TXN_4413197,2023-09-06,2023,9,6,Tea,4.0,1.5,6.0,6.0,0.0,Digital Wallet,Não informado
TXN_1283149,2023-01-23,2023,1,23,Salad,2.0,5.0,10.0,10.0,0.0,Credit Card,In-store
TXN_6822426,2023-05-27,2023,5,27,Cake,5.0,3.0,15.0,15.0,0.0,Digital Wallet,In-store
TXN_8210816,2023-08-12,2023,8,12,Salad,4.0,5.0,20.0,20.0,0.0,Digital Wallet,Takeaway
TXN_5896728,2023-10-06,2023,10,6,Juice,4.0,3.0,12.0,12.0,0.0,Digital Wallet,Takeaway
TXN_4407308,2023-09-19,2023,9,19,Tea,4.0,1.5,6.0,6.0,0.0,Digital Wallet,In-store
TXN_7710078,2023-12-05,2023,12,5,Juice,2.0,3.0,6.0,6.0,0.0,Credit Card,Takeaway
TXN_6016707,2023-06-27,2023,6,27,Juice,1.0,3.0,3.0,3.0,0.0,Cash,In-store
TXN_7895436,2023-09-09,2023,9,9,Cake,3.0,3.0,9.0,9.0,0.0,Não informado,Não informado
TXN_4565969,2023-03-16,2023,3,16,Coffee,3.0,2.0,6.0,6.0,0.0,Não informado,Takeaway
TXN_2971555,2023-02-24,2023,2,24,Cake,1.0,3.0,3.0,3.0,0.0,Cash,Não informado
TXN_9664173,2023-03-20,2023,3,20,Sandwich,1.0,4.0,4.0,4.0,0.0,Não informado,In-store
TXN_4731715,2023-03-14,2023,3,14,Coffee,5.0,2.0,10.0,10.0,0.0,Não informado,Não informado
TXN_3377626,2023-07-23,2023,7,23,Cookie,5.0,1.0,5.0,5.0,0.0,Cash,In-store
TXN_5753111,2023-04-25,2023,4,25,Salad,1.0,5.0,5.0,5.0,0.0,Credit Card,Não informado
TXN_1983842,2023-03-16,2023,3,16,Cake,5.0,3.0,15.0,15.0,0.0,Digital Wallet,Não informado
TXN_4982165,2023-04-12,2023,4,12,Tea,1.0,1.5,1.5,1.5,0.0,Credit Card,Takeaway
TXN_9194266,2023-10-30,2023,10,30,Salad,5.0,5.0,25.0,25.0,0.0,Cash,Não informado
TXN_1141920,2023-10-26,2023,10,26,Coffee,4.0,2.0,8.0,8.0,0.0,Digital Wallet,Não informado
TXN_8878500,2023-02-24,2023,2,24,Salad,4.0,5.0,20.0,20.0,0.0,Não informado,Não informado
TXN_1581562,2023-01-01,2023,1,1,Coffee,2.0,2.0,4.0,4.0,0.0,Cash,In-store
TXN_6762236,2023-01-17,2023,1,17,Juice,4.0,3.0,12.0,12.0,0.0,Não informado,In-store
TXN_1041891,2023-08-09,2023,8,9,Cookie,5.0,1.0,5.0,5.0,0.0,Não informado,Não informado
TXN_2716560,2023-08-29,2023,8,29,Sandwich,4.0,4.0,16.0,16.0,0.0,Credit Card,Takeaway
TXN_4141941,2023-05-18,2023,5,18,Coffee,2.0,2.0,4.0,4.0,0.0,Digital Wallet,In-store
TXN_5283053,2023-04-30,2023,4,30,Juice,4.0,3.0,12.0,12.0,0.0,Digital Wallet,Não informado
TXN_1054912,2023-08-02,2023,8,2,Sandwich,3.0,4.0,12.0,12.0,0.0,Cash,Não informado
TXN_9100081,2023-08-18,2023,8,18,Juice,1.0,3.0,3.0,3.0,0.0,Cash,Não informado
TXN_5129701,2023-11-09,2023,11,9,Smoothie,2.0,4.0,8.0,8.0,0.0,Credit Card,Takeaway
TXN_7021592,2023-07-01,2023,7,1,Salad,4.0,5.0,20.0,20.0,0.0,Credit Card,In-store
TXN_3041142,2023-12-22,2023,12,22,Smoothie,3.0,4.0,12.0,12.0,0.0,Digital Wallet,Não informado
TXN_5618631,2023-12-21,2023,12,21,Coffee,5.0,2.0,10.0,10.0,0.0,Credit Card,In-store
TXN_6496379,2023-12-24,2023,12,24,Sandwich,1.0,4.0,4.0,4.0,0.0,Cash,Takeaway
TXN_1486119,2023-08-24,2023,8,24,Cookie,4.0,1.0,4.0,4.0,0.0,Não informado,Não informado
TXN_2386202,2023-01-22,2023,1,22,Salad,4.0,5.0,20.0,20.0,0.0,Cash,In-store
TXN_6836109,2023-04-09,2023,4,9,Coffee,4.0,2.0,8.0,8.0,0.0,Não informado,Takeaway
TXN_9190061,2023-06-14,2023,6,14,Salad,5.0,5.0,25.0,25.0,0.0,Cash,Takeaway
TXN_1691512,2023-03-25,2023,3,25,Smoothie,1.0,4.0,4.0,4.0,0.0,Não informado,Não informado
TXN_2495471,2023-10-22,2023,10,22,Salad,3.0,5.0,15.0,15.0,0.0,Credit Card,Takeaway
TXN_7708201,2023-01-04,2023,1,4,Salad,3.0,5.0,15.0,15.0,0.0,Cash,Não informado
TXN_2038871,2023-07-15,2023,7,15,Tea,2.0,1.5,3.0,3.0,0.0,Não informado,Takeaway
TXN_7195393,2023-01-24,2023,1,24,Salad,2.0,5.0,10.0,10.0,0.0,Credit Card,In-store
TXN_8022892,2023-08-07,2023,8,7,Sandwich,4.0,4.0,16.0,16.0,0.0,Digital Wallet,In-store
TXN_4298189,2023-10-13,2023,10,13,Coffee,1.0,2.0,2.0,2.0,0.0,Digital Wallet,In-store
TXN_4967446,2023-07-11,2023,7,11,Sandwich,1.0,4.0,4.0,4.0,0.0,Não informado,In-store
TXN_3368231,2023-08-11,2023,8,11,Tea,3.0,1.5,4.5,4.5,0.0,Não informado,Não informado
TXN_7353699,2023-07-20,2023,7,20,Tea,5.0,1.5,7.5,7.5,0.0,Digital Wallet,Não informado
TXN_6888998,2023-02-27,2023,2,27,Coffee,5.0,2.0,10.0,10.0,0.0,Não informado,Não informado
TXN_3541304,2023-04-22,2023,4,22,Sandwich,3.0,4.0,12.0,12.0,0.0,Cash,In-store
TXN_8188818,2023-10-07,2023,10,7,Tea,2.0,1.5,3.0,3.0,0.0,Não informado,Não informado
TXN_9431971,2023-07-17,2023,7,17,Smoothie,1.0,4.0,4.0,4.0,0.0,Credit Card,Não informado
TXN_4543742,2023-03-28,2023,3,28,Coffee,3.0,2.0,6.0,6.0,0.0,Digital Wallet,Não informado
TXN_3007866,2023-04-14,2023,4,14,Juice,4.0,3.0,12.0,12.0,0.0,Credit Card,In-store
TXN_6779377,2023-10-06,2023,10,6,Smoothie,5.0,4.0,20.0,20.0,0.0,Não informado,In-store
TXN_7053830,2023-02-14,2023,2,14,Coffee,3.0,2.0,6.0,6.0,0.0,Digital Wallet,Não informado
TXN_6522299,2023-08-29,2023,8,29,Tea,2.0,1.5,3.0,3.0,0.0,Cash,Não informado
TXN_2848421,2023-08-07,2023,8,7,Cookie,1.0,1.0,1.0,1.0,0.0,Digital Wallet,In-store
TXN_2389320,2023-07-26,2023,7,26,Coffee,2.0,2.0,4.0,4.0,0.0,Não informado,Takeaway
TXN_8423155,2023-07-03,2023,7,3,Coffee,1.0,2.0,2.0,2.0,0.0,Não informado,Takeaway
TXN_6053617,2023-11-25,2023,11,25,Sandwich,2.0,4.0,8.0,8.0,0.0,Credit Card,Não informado
TXN_8384372,2023-08-07,2023,8,7,Tea,4.0,1.5,6.0,6.0,0.0,Digital Wallet,Não informado
TXN_3426338,2023-07-31,2023,7,31,Salad,1.0,5.0,5.0,5.0,0.0,Cash,In-store
TXN_4581359,2023-03-22,2023,3,22,Juice,2.0,3.0,6.0,6.0,0.0,Credit Card,Não informado
TXN_3561451,2023-05-31,2023,5,31,Salad,4.0,5.0,20.0,20.0,0.0,Credit Card,Não informado
TXN_7768989,2023-10-02,2023,10,2,Sandwich,2.0,4.0,,8.0,,Cash,In-store
TXN_5963316,2023-06-25,2023,6,25,Tea,2.0,1.5,,3.0,,Credit Card,Takeaway
TXN_4265942,2023-04-24,2023,4,24,Coffee,5.0,2.0,10.0,10.0,0.0,Não informado,Não informado
TXN_6014389,2023-07-21,2023,7,21,Cookie,5.0,1.0,5.0,5.0,0.0,Credit Card,In-store
TXN_7358729,2023-02-25,2023,2,25,Cookie,2.0,1.0,2.0,2.0,0.0,Cash,Takeaway
TXN_9815521,2023-05-26,2023,5,26,Sandwich,3.0,4.0,12.0,12.0,0.0,Credit Card,In-store
TXN_1950187,2023-04-13,2023,4,13,Tea,2.0,1.5,3.0,3.0,0.0,Credit Card,Takeaway
TXN_9518691,2023-03-30,2023,3,30,Salad,2.0,5.0,10.0,10.0,0.0,Credit Card,Não informado
TXN_5436816,2023-08-04,2023,8,4,Salad,3.0,5.0,15.0,15.0,0.0,Credit Card,Não informado
TXN_7896586,2023-09-04,2023,9,4,Sandwich,2.0,4.0,8.0,8.0,0.0,Credit Card,Não informado
TXN_5835004,2023-04-14,2023,4,14,Smoothie,5.0,4.0,20.0,20.0,0.0,Credit Card,In-store
TXN_3774886,2023-06-01,2023,6,1,Sandwich,3.0,4.0,12.0,12.0,0.0,Não informado,Não informado
TXN_5950951,2023-04-10,2023,4,10,Salad,1.0,5.0,,5.0,,Credit Card,In-store
TXN_3918096,2023-08-17,2023,8,17,Juice,4.0,3.0,12.0,12.0,0.0,Não informado,Não informado
TXN_2786231,2023-08-17,2023,8,17,Juice,1.0,3.0,3.0,3.0,0.0,Cash,Takeaway
TXN_4262451,2023-10-16,2023,10,16,Coffee,1.0,2.0,2.0,2.0,0.0,Digital Wallet,Takeaway
TXN_4773210,2023-11-29,2023,11,29,Coffee,1.0,2.0,2.0,2.0,0.0,Credit Card,Não informado
TXN_1231366,2023-11-28,2023,11,28,Sandwich,3.0,4.0,12.0,12.0,0.0,Digital Wallet,Takeaway
TXN_2713279,2023-02-12,2023,2,12,Cookie,4.0,1.0,4.0,4.0,0.0,Digital Wallet,In-store
TXN_4247602,2023-07-13,2023,7,13,Salad,5.0,5.0,25.0,25.0,0.0,Credit Card,Takeaway
TXN_5164540,2023-01-05,2023,1,5,Tea,2.0,1.5,3.0,3.0,0.0,Não informado,Takeaway
TXN_6488040,2023-05-20,2023,5,20,Salad,1.0,5.0,,5.0,,Digital Wallet,Takeaway
TXN_7269738,2023-05-26,2023,5,26,Cookie,3.0,1.0,3.0,3.0,0.0,Cash,Não informado
TXN_2638760,2023-02-09,2023,2,9,Cake,5.0,3.0,15.0,15.0,0.0,Cash,Não informado
TXN_8013818,2023-07-24,2023,7,24,Tea,2.0,1.5,3.0,3.0,0.0,Não informado,Não informado
TXN_6643922,2023-06-24,2023,6,24,Coffee,5.0,2.0,10.0,10.0,0.0,Digital Wallet,In-store
TXN_8388056,2023-06-23,2023,6,23,Salad,1.0,5.0,5.0,5.0,0.0,Credit Card,Não informado
TXN_4728936,2023-02-27,2023,2,27,Juice,4.0,3.0,12.0,12.0,0.0,Digital Wallet,Takeaway
TXN_6386388,2023-05-21,2023,5,21,Tea,3.0,1.5,4.5,4.5,0.0,Credit Card,Takeaway
TXN_9443285,2023-05-27,2023,5,27,Cake,2.0,3.0,6.0,6.0,0.0,Credit Card,Não informado
TXN_6377838,2023-02-19,2023,2,19,Cake,2.0,3.0,6.0,6.0,0.0,Digital Wallet,Takeaway
TXN_7483986,2023-03-24,2023,3,24,Salad,2.0,5.0,10.0,10.0,0.0,Não informado,Takeaway
TXN_7719510,2023-08-14,2023,8,14,Juice,3.0,3.0,9.0,9.0,0.0,Credit Card,Takeaway
TXN_7908153,2023-01-19,2023,1,19,Cookie,3.0,1.0,3.0,3.0,0.0,Cash,In-store
TXN_5391160,2023-03-09,2023,3,9,Juice,2.0,3.0,6.0,6.0,0.0,Cash,In-store
TXN_8324715,2023-03-21,2023,3,21,Sandwich,5.0,4.0,20.0,20.0,0.0,Credit Card,Não informado
TXN_1985223,2023-09-21,2023,9,21,Smoothie,3.0,4.0,12.0,12.0,0.0,Digital Wallet,Takeaway
TXN_2944460,2023-04-16,2023,4,16,Salad,1.0,5.0,5.0,5.0,0.0,Digital Wallet,In-store
TXN_6957157,2023-02-01,2023,2,1,Cake,1.0,3.0,3.0,3.0,0.0,Não informado,Não informado
TXN_2887257,2023-08-27,2023,8,27,Cookie,3.0,1.0,3.0,3.0,0.0,Credit Card,In-store
TXN_3986876,2023-11-06,2023,11,6,Cake,3.0,3.0,9.0,9.0,0.0,Cash,Takeaway
TXN_1066604,2023-05-18,2023,5,18,Sandwich,5.0,4.0,20.0,20.0,0.0,Credit Card,Não informado
TXN_2494494,2023-06-13,2023,6,13,Coffee,1.0,2.0,2.0,2.0,0.0,Cash,Não informado
TXN_4464373,2023-04-22,2023,4,22,Cookie,2.0,1.0,2.0,2.0,0.0,Digital Wallet,In-store
TXN_7844770,2023-01-31,2023,1,31,Cake,2.0,3.0,6.0,6.0,0.0,Digital Wallet,Não informado
TXN_9968943,2023-07-25,2023,7,25,Smoothie,1.0,4.0,4.0,4.0,0.0,Digital Wallet,Não informado
TXN_4051488,2023-06-09,2023,6,9,Cookie,4.0,1.0,4.0,4.0,0.0,Não informado,Takeaway
TXN_2668838,2023-05-11,2023,5,11,Cake,4.0,3.0,12.0,12.0,0.0,Não informado,Takeaway
TXN_8795794,2023-02-13,2023,2,13,Sandwich,3.0,4.0,12.0,12.0,0.0,Cash,In-store
TXN_4627457,2023-12-13,2023,12,13,Cake,3.0,3.0,9.0,9.0,0.0,Não informado,In-store
TXN_2352308,2023-11-10,2023,11,10,Cookie,2.0,1.0,2.0,2.0,0.0,Cash,Não informado
TXN_3980743,2023-09-21,2023,9,21,Salad,1.0,5.0,5.0,5.0,0.0,Não informado,Takeaway
TXN_6538210,2023-12-29,2023,12,29,Smoothie,1.0,4.0,4.0,4.0,0.0,Não informado,In-store
TXN_6683798,2023-07-26,2023,7,26,Cookie,1.0,1.0,,1.0,,Digital Wallet,Takeaway
TXN_7246683,2023-05-17,2023,5,17,Smoothie,1.0,4.0,4.0,4.0,0.0,Digital Wallet,Takeaway
TXN_3691228,2023-10-26,2023,10,26,Cake,3.0,3.0,9.0,9.0,0.0,Cash,Takeaway
TXN_7407946,2023-03-26,2023,3,26,Salad,3.0,5.0,15.0,15.0,0.0,Credit Card,Não informado
TXN_8635803,2023-03-17,2023,3,17,Tea,2.0,1.5,3.0,3.0,0.0,Cash,Não informado
TXN_8010562,2023-07-23,2023,7,23,Sandwich,1.0,4.0,4.0,4.0,0.0,Cash,Não informado
TXN_2501648,2023-12-05,2023,12,5,Cake,2.0,3.0,6.0,6.0,0.0,Credit Card,Não informado
TXN_9455679,2023-05-18,2023,5,18,Salad,5.0,5.0,25.0,25.0,0.0,Não informado,Takeaway
TXN_8105705,2023-10-17,2023,10,17,Juice,1.0,3.0,3.0,3.0,0.0,Digital Wallet,Takeaway
TXN_9676096,2023-04-05,2023,4,5,Cake,3.0,3.0,9.0,9.0,0.0,Digital Wallet,Não informado
TXN_2151258,2023-08-09,2023,8,9,Cake,3.0,3.0,9.0,9.0,0.0,Credit Card,Não informado
TXN_3672345,2023-10-17,2023,10,17,Tea,3.0,1.5,4.5,4.5,0.0,Credit Card,Não informado
TXN_6793298,2023-04-14,2023,4,14,Tea,2.0,1.5,3.0,3.0,0.0,Credit Card,Não informado
TXN_4944024,2023-09-26,2023,9,26,Smoothie,2.0,4.0,8.0,8.0,0.0,Não informado,Takeaway
TXN_6687528,2023-05-06,2023,5,6,Juice,2.0,3.0,6.0,6.0,0.0,Não informado,Não informado
TXN_5531648,2023-01-23,2023,1,23,Coffee,5.0,2.0,10.0,10.0,0.0,Cash,Takeaway
TXN_8789736,2023-05-06,2023,5,6,Coffee,2.0,2.0,4.0,4.0,0.0,Credit Card,Não informado
TXN_9938977,2023-12-18,2023,12,18,Cake,5.0,3.0,15.0,15.0,0.0,Cash,In-store
TXN_2730798,2023-12-01,2023,12,1,Tea,4.0,1.5,6.0,6.0,0.0,Credit Card,Não informado
TXN_3749801,2023-01-03,2023,1,3,Cake,5.0,3.0,,15.0,,Credit Card,Takeaway
TXN_3326626,2023-09-26,2023,9,26,Cake,2.0,3.0,6.0,6.0,0.0,Cash,Takeaway
TXN_4843989,2023-09-30,2023,9,30,Tea,4.0,1.5,6.0,6.0,0.0,Digital Wallet,Takeaway
TXN_6606514,2023-06-25,2023,6,25,Juice,1.0,3.0,3.0,3.0,0.0,Credit Card,In-store
TXN_6187752,2023-12-24,2023,12,24,Smoothie,5.0,4.0,20.0,20.0,0.0,Não informado,Takeaway
TXN_1666190,2023-07-28,2023,7,28,Smoothie,4.0,4.0,16.0,16.0,0.0,Não informado,Takeaway
TXN_9438576,2023-05-05,2023,5,5,Cookie,1.0,1.0,1.0,1.0,0.0,Credit Card,In-store
TXN_1344947,2023-02-16,2023,2,16,Cake,3.0,3.0,9.0,9.0,0.0,Não informado,Takeaway
TXN_3916668,2023-05-14,2023,5,14,Juice,2.0,3.0,6.0,6.0,0.0,Digital Wallet,Não informado
TXN_4789941,2023-04-17,2023,4,17,Sandwich,3.0,4.0,12.0,12.0,0.0,Credit Card,Não informado
TXN_6957001,2023-08-08,2023,8,8,Tea,4.0,1.5,6.0,6.0,0.0,Não informado,In-store
TXN_3536893,2023-05-16,2023,5,16,Salad,2.0,5.0,10.0,10.0,0.0,Não informado,Não informado
TXN_3269434,2023-02-01,2023,2,1,Juice,1.0,3.0,3.0,3.0,0.0,Cash,Não informado
TXN_3291988,2023-07-03,2023,7,3,Juice,2.0,3.0,6.0,6.0,0.0,Credit Card,Não informado
TXN_7083611,2023-05-15,2023,5,15,Cake,2.0,3.0,6.0,6.0,0.0,Não informado,Não informado
TXN_1875220,2023-03-07,2023,3,7,Tea,3.0,1.5,4.5,4.5,0.0,Cash,In-store
TXN_1926712,2023-01-31,2023,1,31,Coffee,5.0,2.0,,10.0,,Credit Card,Não informado
TXN_5552114,2023-06-13,2023,6,13,Sandwich,2.0,4.0,8.0,8.0,0.0,Não informado,In-store
TXN_5672583,2023-04-09,2023,4,9,Juice,2.0,3.0,,6.0,,Cash,Takeaway
TXN_3717444,2023-09-07,2023,9,7,Smoothie,3.0,4.0,12.0,12.0,0.0,Não informado,Não informado
TXN_1899114,2023-04-05,2023,4,5,Tea,3.0,1.5,4.5,4.5,0.0,Digital Wallet,Takeaway
TXN_2625388,2023-02-09,2023,2,9,Coffee,5.0,2.0,10.0,10.0,0.0,Digital Wallet,In-store
TXN_7153665,2023-07-31,2023,7,31,Salad,5.0,5.0,25.0,25.0,0.0,Cash,In-store
TXN_9161256,2023-01-01,2023,1,1,Smoothie,2.0,4.0,8.0,8.0,0.0,Digital Wallet,In-store
TXN_9077843,2023-03-28,2023,3,28,Tea,3.0,1.5,4.5,4.5,0.0,Não informado,Não informado
TXN_3255254,2023-03-23,2023,3,23,Juice,4.0,3.0,12.0,12.0,0.0,Cash,Não informado
TXN_9275800,2023-05-01,2023,5,1,Smoothie,3.0,4.0,12.0,12.0,0.0,Cash,Não informado
TXN_1372003,2023-10-13,2023,10,13,Tea,4.0,1.5,6.0,6.0,0.0,Digital Wallet,Takeaway
TXN_7202644,2023-08-01,2023,8,1,Smoothie,5.0,4.0,20.0,20.0,0.0,Não informado,Takeaway
TXN_5330387,2023-10-21,2023,10,21,Coffee,3.0,2.0,6.0,6.0,0.0,Não informado,Não informado
TXN_2119809,2023-04-21,2023,4,21,Salad,5.0,5.0,25.0,25.0,0.0,Digital Wallet,In-store
TXN_5587224,2023-01-05,2023,1,5,Salad,2.0,5.0,10.0,10.0,0.0,Não informado,In-store
TXN_2185661,2023-03-16,2023,3,16,Sandwich,4.0,4.0,,16.0,,Cash,Não informado
TXN_2491186,2023-11-28,2023,11,28,Salad,5.0,5.0,25.0,25.0,0.0,Não informado,Não informado
TXN_1891217,2023-04-02,2023,4,2,Tea,5.0,1.5,7.5,7.5,0.0,Não informado,Não informado
TXN_8977555,2023-07-21,2023,7,21,Cake,2.0,3.0,,6.0,,Cash,Não informado
TXN_7179922,2023-09-05,2023,9,5,Cake,2.0,3.0,6.0,6.0,0.0,Não informado,In-store
TXN_5114283,2023-05-28,2023,5,28,Tea,1.0,1.5,1.5,1.5,0.0,Digital Wallet,In-store
TXN_1528454,2023-03-22,2023,3,22,Coffee,2.0,2.0,4.0,4.0,0.0,Não informado,In-store
TXN_5615114,2023-10-31,2023,10,31,Tea,4.0,1.5,6.0,6.0,0.0,Digital Wallet,Não informado
TXN_4968659,2023-03-18,2023,3,18,Tea,5.0,1.5,7.5,7.5,0.0,Credit Card,Não informado
TXN_4858666,2023-03-18,2023,3,18,Cake,3.0,3.0,9.0,9.0,0.0,Credit Card,Não informado
TXN_8492074,2023-11-12,2023,11,12,Tea,3.0,1.5,4.5,4.5,0.0,Digital Wallet,In-store
TXN_6355908,2023-03-28,2023,3,28,Sandwich,3.0,4.0,12.0,12.0,0.0,Credit Card,Não informado
TXN_6856530,2023-11-11,2023,11,11,Smoothie,5.0,4.0,20.0,20.0,0.0,Digital Wallet,Não informado
TXN_1180397,2023-04-05,2023,4,5,Smoothie,3.0,4.0,12.0,12.0,0.0,Credit Card,Takeaway
TXN_4747863,2023-10-04,2023,10,4,Cookie,2.0,1.0,2.0,2.0,0.0,Digital Wallet,In-store
TXN_3979966,2023-08-23,2023,8,23,Smoothie,5.0,4.0,20.0,20.0,0.0,Não informado,Takeaway
TXN_5127984,2023-11-12,2023,11,12,Sandwich,3.0,4.0,12.0,12.0,0.0,Cash,In-store
TXN_9904214,2023-03-13,2023,3,13,Sandwich,5.0,4.0,20.0,20.0,0.0,Não informado,Takeaway
TXN_9948753,2023-05-09,2023,5,9,Tea,2.0,1.5,3.0,3.0,0.0,Não informado,Takeaway
TXN_1196223,2023-10-14,2023,10,14,Juice,3.0,3.0,9.0,9.0,0.0,Digital Wallet,In-store
TXN_2401073,2023-02-10,2023,2,10,Coffee,4.0,2.0,8.0,8.0,0.0,Credit Card,Não informado
TXN_9639089,2023-05-14,2023,5,14,Juice,4.0,3.0,12.0,12.0,0.0,Credit Card,In-store
TXN_8654093,2023-11-29,2023,11,29,Coffee,3.0,2.0,6.0,6.0,0.0,Digital Wallet,Não informado
TXN_1038397,2023-05-20,2023,5,20,Cookie,3.0,1.0,3.0,3.0,0.0,Não informado,In-store
TXN_4638979,2023-06-28,2023,6,28,Salad,1.0,5.0,5.0,5.0,0.0,Não informado,Não informado
TXN_9579984,2023-12-25,2023,12,25,Salad,5.0,5.0,25.0,25.0,0.0,Credit Card,Não informado
TXN_6087578,2023-12-17,2023,12,17,Tea,1.0,1.5,1.5,1.5,0.0,Credit Card,Não informado
TXN_5297299,2023-10-04,2023,10,4,Coffee,5.0,2.0,10.0,10.0,0.0,Não informado,Não informado
TXN_7526174,2023-08-06,2023,8,6,Juice,3.0,3.0,9.0,9.0,0.0,Credit Card,Não informado
TXN_5401244,2023-07-08,2023,7,8,Salad,1.0,5.0,5.0,5.0,0.0,Credit Card,In-store
TXN_7775760,2023-02-21,2023,2,21,Cake,4.0,3.0,,12.0,,Não informado,Não informado
TXN_5820892,2023-11-14,2023,11,14,Juice,1.0,3.0,3.0,3.0,0.0,Digital Wallet,Não informado
TXN_3801338,2023-11-03,2023,11,3,Sandwich,3.0,4.0,12.0,12.0,0.0,Credit Card,Não informado
TXN_8365857,2023-10-06,2023,10,6,Smoothie,5.0,4.0,20.0,20.0,0.0,Digital Wallet,Takeaway
TXN_9349657,2023-03-14,2023,3,14,Cookie,2.0,1.0,2.0,2.0,0.0,Credit Card,In-store
TXN_4503716,2023-11-12,2023,11,12,Cake,1.0,3.0,3.0,3.0,0.0,Não informado,Não informado
TXN_5679014,2023-06-12,2023,6,12,Coffee,1.0,2.0,2.0,2.0,0.0,Não informado,In-store
TXN_1161606,2023-09-20,2023,9,20,Sandwich,5.0,4.0,20.0,20.0,0.0,Credit Card,Takeaway
TXN_5938359,2023-06-02,2023,6,2,Cookie,2.0,1.0,2.0,2.0,0.0,Credit Card,Não informado
TXN_7565894,2023-07-15,2023,7,15,Salad,1.0,5.0,5.0,5.0,0.0,Cash,Takeaway
TXN_1987311,2023-08-03,2023,8,3,Smoothie,1.0,4.0,4.0,4.0,0.0,Não informado,In-store
TXN_4656387,2023-07-25,2023,7,25,Cookie,2.0,1.0,2.0,2.0,0.0,Digital Wallet,Não informado
TXN_9277276,2023-09-15,2023,9,15,Cake,4.0,3.0,12.0,12.0,0.0,Credit Card,Takeaway
TXN_1576076,2023-10-07,2023,10,7,Coffee,3.0,2.0,6.0,6.0,0.0,Cash,Takeaway
TXN_3676632,2023-12-11,2023,12,11,Smoothie,4.0,4.0,16.0,16.0,0.0,Credit Card,Não informado
TXN_9945457,2023-06-28,2023,6,28,Cookie,4.0,1.0,4.0,4.0,0.0,Cash,Não informado
TXN_4579086,2023-07-20,2023,7,20,Cake,2.0,3.0,6.0,6.0,0.0,Credit Card,In-store
TXN_2421873,2023-02-18,2023,2,18,Coffee,2.0,2.0,4.0,4.0,0.0,Credit Card,Não informado
TXN_3601382,2023-02-12,2023,2,12,Salad,3.0,5.0,15.0,15.0,0.0,Não informado,Não informado
TXN_2323650,2023-10-09,2023,10,9,Tea,4.0,1.5,6.0,6.0,0.0,Digital Wallet,Não informado
TXN_3587916,2023-07-09,2023,7,9,Salad,3.0,5.0,15.0,15.0,0.0,Cash,In-store
TXN_8914956,2023-05-13,2023,5,13,Cookie,2.0,1.0,2.0,2.0,0.0,Credit Card,Não informado
TXN_9080521,2023-01-24,2023,1,24,Coffee,2.0,2.0,4.0,4.0,0.0,Credit Card,In-store
TXN_1450705,2023-10-07,2023,10,7,Cookie,5.0,1.0,5.0,5.0,0.0,Não informado,Não informado
TXN_9648941,2023-06-30,2023,6,30,Coffee,2.0,2.0,4.0,4.0,0.0,Cash,Takeaway
TXN_9989719,2023-11-26,2023,11,26,Smoothie,2.0,4.0,8.0,8.0,0.0,Credit Card,Takeaway
TXN_8409154,2023-06-20,2023,6,20,Cake,4.0,3.0,12.0,12.0,0.0,Digital Wallet,Não informado
TXN_4630633,2023-10-22,2023,10,22,Sandwich,1.0,4.0,4.0,4.0,0.0,Não informado,Takeaway
TXN_5736595,2023-08-14,2023,8,14,Coffee,3.0,2.0,6.0,6.0,0.0,Credit Card,Não informado
TXN_2264883,2023-12-24,2023,12,24,Juice,2.0,3.0,6.0,6.0,0.0,Credit Card,Takeaway
TXN_6137394,2023-11-22,2023,11,22,Sandwich,1.0,4.0,4.0,4.0,0.0,Não informado,In-store
TXN_4127927,2023-08-04,2023,8,4,Salad,5.0,5.0,25.0,25.0,0.0,Não informado,Takeaway
TXN_7256205,2023-04-08,2023,4,8,Juice,4.0,3.0,,12.0,,Cash,Não informado
TXN_7591982,2023-02-28,2023,2,28,Salad,1.0,5.0,5.0,5.0,0.0,Cash,Não informado
TXN_5530273,2023-01-13,2023,1,13,Cake,3.0,3.0,9.0,9.0,0.0,Digital Wallet,Não informado
TXN_2057961,2023-10-04,2023,10,4,Juice,2.0,3.0,6.0,6.0,0.0,Não informado,In-store
TXN_6367976,2023-10-16,2023,10,16,Juice,1.0,3.0,3.0,3.0,0.0,Digital Wallet,Não informado
TXN_4867316,2023-11-28,2023,11,28,Sandwich,1.0,4.0,4.0,4.0,0.0,Digital Wallet,Não informado
TXN_6704173,2023-07-24,2023,7,24,Smoothie,2.0,4.0,8.0,8.0,0.0,Credit Card,Não informado
TXN_9510130,2023-03-06,2023,3,6,Salad,4.0,5.0,20.0,20.0,0.0,Cash,Não informado
TXN_1192009,2023-05-18,2023,5,18,Coffee,1.0,2.0,2.0,2.0,0.0,Não informado,Não informado
TXN_2899889,2023-12-09,2023,12,9,Salad,2.0,5.0,10.0,10.0,0.0,Não informado,In-store
TXN_6862603,2023-04-17,2023,4,17,Salad,4.0,5.0,20.0,20.0,0.0,Credit Card,Takeaway
TXN_5761207,2023-04-19,2023,4,19,Smoothie,3.0,4.0,12.0,12.0,0.0,Credit Card,Não informado
TXN_9852820,2023-08-27,2023,8,27,Salad,2.0,5.0,10.0,10.0,0.0,Credit Card,In-store
TXN_9531812,2023-02-04,2023,2,4,Sandwich,2.0,4.0,8.0,8.0,0.0,Digital Wallet,In-store
TXN_1423173,2023-10-02,2023,10,2,Smoothie,5.0,4.0,20.0,20.0,0.0,Credit Card,Não informado
TXN_9811007,2023-03-07,2023,3,7,Cookie,5.0,1.0,5.0,5.0,0.0,Credit Card,Não informado
TXN_4346813,2023-07-07,2023,7,7,Salad,5.0,5.0,25.0,25.0,0.0,Não informado,Não informado
TXN_6778796,2023-11-29,2023,11,29,Cake,5.0,3.0,15.0,15.0,0.0,Cash,Não informado
TXN_2119373,2023-06-30,2023,6,30,Salad,4.0,5.0,20.0,20.0,0.0,Credit Card,In-store
TXN_6803555,2023-05-31,2023,5,31,Tea,2.0,1.5,3.0,3.0,0.0,Digital Wallet,Takeaway
TXN_7010218,2023-04-29,2023,4,29,Cookie,4.0,1.0,4.0,4.0,0.0,Não informado,Takeaway
TXN_1707537,2023-10-17,2023,10,17,Cake,3.0,3.0,,9.0,,Digital Wallet,Takeaway
TXN_8470187,2023-06-28,2023,6,28,Juice,3.0,3.0,9.0,9.0,0.0,Não informado,Takeaway
TXN_6087604,2023-01-27,2023,1,27,Sandwich,4.0,4.0,16.0,16.0,0.0,Digital Wallet,Não informado
TXN_9825905,2023-01-04,2023,1,4,Coffee,1.0,2.0,2.0,2.0,0.0,Digital Wallet,Não informado
TXN_2086557,2023-01-13,2023,1,13,Smoothie,2.0,4.0,8.0,8.0,0.0,Cash,In-store
TXN_9077087,2023-05-08,2023,5,8,Juice,1.0,3.0,3.0,3.0,0.0,Não informado,In-store
TXN_7714902,2023-09-10,2023,9,10,Coffee,4.0,2.0,8.0,8.0,0.0,Cash,Não informado
TXN_2154477,2023-02-11,2023,2,11,Cake,4.0,3.0,12.0,12.0,0.0,Não informado,Não informado
TXN_5949199,2023-02-28,2023,2,28,Tea,5.0,1.5,7.5,7.5,0.0,Não informado,In-store
TXN_8209124,2023-10-05,2023,10,5,Coffee,2.0,2.0,4.0,4.0,0.0,Cash,Não informado
TXN_3418612,2023-01-31,2023,1,31,Tea,3.0,1.5,4.5,4.5,0.0,Digital Wallet,Não informado
TXN_2539469,2023-09-24,2023,9,24,Cake,2.0,3.0,6.0,6.0,0.0,Credit Card,Takeaway
TXN_2764544,2023-04-02,2023,4,2,Juice,4.0,3.0,12.0,12.0,0.0,Cash,In-store
TXN_8672939,2023-11-02,2023,11,2,Smoothie,1.0,4.0,4.0,4.0,0.0,Não informado,Não informado
TXN_1499346,2023-12-09,2023,12,9,Cake,5.0,3.0,15.0,15.0,0.0,Não informado,Não informado
TXN_7631216,2023-02-16,2023,2,16,Juice,5.0,3.0,15.0,15.0,0.0,Credit Card,Não informado
TXN_3116803,2023-09-10,2023,9,10,Coffee,1.0,2.0,2.0,2.0,0.0,Credit Card,In-store
TXN_6050844,2023-03-12,2023,3,12,Tea,2.0,1.5,3.0,3.0,0.0,Não informado,Não informado
TXN_7403963,2023-07-27,2023,7,27,Sandwich,4.0,4.0,16.0,16.0,0.0,Cash,In-store
TXN_2708387,2023-11-12,2023,11,12,Tea,4.0,1.5,6.0,6.0,0.0,Credit Card,Não informado
TXN_7916758,2023-10-14,2023,10,14,Smoothie,1.0,4.0,4.0,4.0,0.0,Não informado,Takeaway
TXN_2944717,2023-12-11,2023,12,11,Cookie,2.0,1.0,2.0,2.0,0.0,Cash,Não informado
TXN_7571571,2023-04-09,2023,4,9,Sandwich,2.0,4.0,8.0,8.0,0.0,Credit Card,Não informado
TXN_7250085,2023-09-19,2023,9,19,Coffee,4.0,2.0,8.0,8.0,0.0,Não informado,Takeaway
TXN_7039529,2023-01-19,2023,1,19,Cookie,3.0,1.0,,3.0,,Digital Wallet,In-store
TXN_1452931,2023-07-08,2023,7,8,Tea,1.0,1.5,1.5,1.5,0.0,Digital Wallet,Não informado
TXN_5148201,2023-11-18,2023,11,18,Smoothie,5.0,4.0,20.0,20.0,0.0,Não informado,Não informado
TXN_4648214,2023-02-15,2023,2,15,Salad,1.0,5.0,5.0,5.0,0.0,Não informado,Não informado
TXN_4966750,2023-12-24,2023,12,24,Cookie,3.0,1.0,3.0,3.0,0.0,Digital Wallet,In-store
TXN_7740239,2023-01-26,2023,1,26,Tea,2.0,1.5,3.0,3.0,0.0,Não informado,Não informado
TXN_7770188,2023-10-28,2023,10,28,Juice,5.0,3.0,15.0,15.0,0.0,Digital Wallet,In-store
TXN_5088167,2023-09-02,2023,9,2,Coffee,5.0,2.0,10.0,10.0,0.0,Credit Card,Não informado
TXN_1865302,2023-08-16,2023,8,16,Cookie,5.0,1.0,5.0,5.0,0.0,Credit Card,In-store
TXN_4224423,2023-08-27,2023,8,27,Juice,3.0,3.0,9.0,9.0,0.0,Cash,Takeaway
TXN_3879052,2023-12-14,2023,12,14,Coffee,3.0,2.0,6.0,6.0,0.0,Credit Card,Não informado
TXN_9809696,2023-01-05,2023,1,5,Smoothie,1.0,4.0,4.0,4.0,0.0,Não informado,Takeaway
TXN_5719592,2023-08-07,2023,8,7,Coffee,1.0,2.0,2.0,2.0,0.0,Credit Card,In-store
TXN_6121301,2023-01-07,2023,1,7,Smoothie,5.0,4.0,20.0,20.0,0.0,Digital Wallet,Takeaway
TXN_7514279,2023-02-04,2023,2,4,Salad,1.0,5.0,5.0,5.0,0.0,Credit Card,In-store
TXN_5153408,2023-08-22,2023,8,22,Smoothie,1.0,4.0,4.0,4.0,0.0,Credit Card,Takeaway
TXN_4678948,2023-07-02,2023,7,2,Juice,3.0,3.0,9.0,9.0,0.0,Não informado,Takeaway
TXN_1209852,2023-11-18,2023,11,18,Cookie,2.0,1.0,2.0,2.0,0.0,Credit Card,In-store
TXN_4367311,2023-02-26,2023,2,26,Coffee,5.0,2.0,10.0,10.0,0.0,Não informado,In-store
TXN_2086325,2023-08-14,2023,8,14,Coffee,2.0,2.0,4.0,4.0,0.0,Credit Card,Não informado
TXN_4062032,2023-10-28,2023,10,28,Tea,5.0,1.5,7.5,7.5,0.0,Digital Wallet,Não informado
TXN_2029301,2023-08-06,2023,8,6,Tea,5.0,1.5,7.5,7.5,0.0,Digital Wallet,Não informado
TXN_4508067,2023-03-19,2023,3,19,Smoothie,5.0,4.0,20.0,20.0,0.0,Credit Card,Takeaway
TXN_6637315,2023-12-02,2023,12,2,Cake,3.0,3.0,9.0,9.0,0.0,Cash,Não informado
TXN_4251500,2023-11-11,2023,11,11,Cookie,4.0,1.0,,4.0,,Digital Wallet,Takeaway
TXN_1516961,2023-11-01,2023,11,1,Sandwich,3.0,4.0,12.0,12.0,0.0,Credit Card,Takeaway
TXN_5033660,2023-09-12,2023,9,12,Coffee,2.0,2.0,4.0,4.0,0.0,Não informado,Não informado
TXN_6646684,2023-06-01,2023,6,1,Cookie,3.0,1.0,3.0,3.0,0.0,Cash,Não informado
TXN_6866644,2023-07-22,2023,7,22,Sandwich,1.0,4.0,4.0,4.0,0.0,Não informado,Não informado
TXN_7228322,2023-02-18,2023,2,18,Cookie,1.0,1.0,,1.0,,Credit Card,Não informado
TXN_3595118,2023-02-03,2023,2,3,Juice,2.0,3.0,6.0,6.0,0.0,Cash,In-store
TXN_4040941,2023-02-20,2023,2,20,Cookie,1.0,1.0,1.0,1.0,0.0,Cash,In-store
TXN_4738349,2023-02-06,2023,2,6,Smoothie,2.0,4.0,8.0,8.0,0.0,Digital Wallet,Não informado
TXN_9436284,2023-03-28,2023,3,28,Coffee,3.0,2.0,6.0,6.0,0.0,Credit Card,Não informado
TXN_1221801,2023-06-17,2023,6,17,Smoothie,2.0,4.0,8.0,8.0,0.0,Não informado,Não informado
TXN_3185929,2023-07-27,2023,7,27,Salad,3.0,5.0,15.0,15.0,0.0,Não informado,Takeaway
TXN_4183705,2023-11-23,2023,11,23,Tea,2.0,1.5,3.0,3.0,0.0,Credit Card,In-store
TXN_2561471,2023-07-12,2023,7,12,Sandwich,1.0,4.0,4.0,4.0,0.0,Não informado,In-store
TXN_3098503,2023-05-31,2023,5,31,Salad,1.0,5.0,,5.0,,Credit Card,Takeaway
TXN_1148060,2023-10-12,2023,10,12,Cookie,5.0,1.0,5.0,5.0,0.0,Cash,Não informado
TXN_5151780,2023-06-24,2023,6,24,Salad,4.0,5.0,20.0,20.0,0.0,Cash,Takeaway
TXN_3398955,2023-10-19,2023,10,19,Cookie,3.0,1.0,3.0,3.0,0.0,Cash,Não informado
TXN_8140360,2023-05-05,2023,5,5,Coffee,4.0,2.0,8.0,8.0,0.0,Digital Wallet,Takeaway
TXN_4448318,2023-08-07,2023,8,7,Coffee,4.0,2.0,8.0,8.0,0.0,Digital Wallet,Não informado
TXN_8341520,2023-06-24,2023,6,24,Sandwich,3.0,4.0,,12.0,,Não informado,Takeaway
TXN_9883214,2023-04-04,2023,4,4,Juice,3.0,3.0,9.0,9.0,0.0,Não informado,Não informado
TXN_2912934,2023-04-01,2023,4,1,Cookie,5.0,1.0,5.0,5.0,0.0,Credit Card,Não informado
TXN_7694996,2023-03-11,2023,3,11,Salad,4.0,5.0,20.0,20.0,0.0,Não informado,In-store
TXN_5660244,2023-10-04,2023,10,4,Cake,5.0,3.0,15.0,15.0,0.0,Digital Wallet,Não informado
TXN_7873479,2023-03-18,2023,3,18,Cookie,1.0,1.0,1.0,1.0,0.0,Credit Card,Takeaway
TXN_7771516,2023-05-26,2023,5,26,Sandwich,3.0,4.0,12.0,12.0,0.0,Não informado,Não informado
TXN_6775304,2023-03-08,2023,3,8,Tea,4.0,1.5,6.0,6.0,0.0,Cash,In-store
TXN_3801966,2023-01-14,2023,1,14,Sandwich,4.0,4.0,16.0,16.0,0.0,Digital Wallet,In-store
TXN_1749930,2023-07-01,2023,7,1,Salad,5.0,5.0,25.0,25.0,0.0,Não informado,In-store
TXN_2210925,2023-07-06,2023,7,6,Juice,4.0,3.0,12.0,12.0,0.0,Cash,In-store
TXN_2651789,2023-02-10,2023,2,10,Cookie,1.0,1.0,1.0,1.0,0.0,Não informado,Takeaway
TXN_7750963,2023-06-09,2023,6,9,Tea,4.0,1.5,6.0,6.0,0.0,Credit Card,In-store
TXN_8134280,2023-01-29,2023,1,29,Cookie,1.0,1.0,1.0,1.0,0.0,Digital Wallet,Takeaway
TXN_2014042,2023-10-27,2023,10,27,Cookie,4.0,1.0,4.0,4.0,0.0,Digital Wallet,Takeaway
TXN_1132293,2023-07-05,2023,7,5,Tea,4.0,1.5,6.0,6.0,0.0,Não informado,Não informado
TXN_3550177,2023-09-13,2023,9,13,Salad,5.0,5.0,25.0,25.0,0.0,Cash,Não informado
TXN_5326795,2023-04-05,2023,4,5,Cookie,2.0,1.0,2.0,2.0,0.0,Não informado,Não informado
TXN_1993503,2023-08-16,2023,8,16,Cookie,4.0,1.0,4.0,4.0,0.0,Credit Card,Não informado
TXN_4097922,2023-01-16,2023,1,16,Salad,3.0,5.0,15.0,15.0,0.0,Cash,Não informado
TXN_4648031,2023-09-04,2023,9,4,Tea,4.0,1.5,6.0,6.0,0.0,Digital Wallet,Não informado
TXN_4942960,2023-04-12,2023,4,12,Juice,1.0,3.0,3.0,3.0,0.0,Não informado,Takeaway
TXN_8740501,2023-02-05,2023,2,5,Salad,5.0,5.0,25.0,25.0,0.0,Não informado,Não informado
TXN_7276478,2023-09-07,2023,9,7,Sandwich,5.0,4.0,20.0,20.0,0.0,Cash,Takeaway
TXN_6036240,2023-10-30,2023,10,30,Cake,4.0,3.0,12.0,12.0,0.0,Credit Card,In-store
TXN_1449866,2023-09-21,2023,9,21,Salad,4.0,5.0,20.0,20.0,0.0,Cash,Não informado
TXN_2882871,2023-08-30,2023,8,30,Salad,3.0,5.0,15.0,15.0,0.0,Credit Card,Takeaway
TXN_1047450,2023-11-19,2023,11,19,Coffee,2.0,2.0,4.0,4.0,0.0,Cash,In-store
TXN_9673685,2023-12-11,2023,12,11,Salad,1.0,5.0,5.0,5.0,0.0,Cash,In-store
TXN_3547569,2023-08-04,2023,8,4,Smoothie,4.0,4.0,16.0,16.0,0.0,Digital Wallet,In-store
TXN_2866587,2023-09-16,2023,9,16,Sandwich,3.0,4.0,12.0,12.0,0.0,Credit Card,Não informado
TXN_2964982,2023-04-15,2023,4,15,Sandwich,1.0,4.0,4.0,4.0,0.0,Digital Wallet,In-store
TXN_5974791,2023-10-22,2023,10,22,Cookie,2.0,1.0,2.0,2.0,0.0,Cash,Não informado
TXN_1005472,2023-04-21,2023,4,21,Coffee,4.0,2.0,8.0,8.0,0.0,Credit Card,Não informado
TXN_7202898,2023-07-18,2023,7,18,Cookie,4.0,1.0,4.0,4.0,0.0,Não informado,Não informado
TXN_9896694,2023-02-16,2023,2,16,Sandwich,4.0,4.0,16.0,16.0,0.0,Cash,Não informado
TXN_5723229,2023-06-23,2023,6,23,Juice,5.0,3.0,15.0,15.0,0.0,Digital Wallet,Takeaway
TXN_1065721,2023-12-06,2023,12,6,Sandwich,4.0,4.0,16.0,16.0,0.0,Cash,Takeaway
TXN_8155446,2023-12-20,2023,12,20,Salad,3.0,5.0,15.0,15.0,0.0,Digital Wallet,Takeaway
TXN_2253852,2023-08-26,2023,8,26,Cookie,2.0,1.0,2.0,2.0,0.0,Credit Card,Takeaway
TXN_6994752,2023-06-17,2023,6,17,Juice,4.0,3.0,12.0,12.0,0.0,Cash,Takeaway
TXN_7598654,2023-11-26,2023,11,26,Coffee,3.0,2.0,6.0,6.0,0.0,Credit Card,Não informado
TXN_6785331,2023-04-12,2023,4,12,Cake,1.0,3.0,3.0,3.0,0.0,Não informado,Não informado
TXN_8260297,2023-07-04,2023,7,4,Salad,2.0,5.0,10.0,10.0,0.0,Cash,In-store
TXN_7152012,2023-04-02,2023,4,2,Sandwich,3.0,4.0,12.0,12.0,0.0,Digital Wallet,In-store
TXN_7907366,2023-01-13,2023,1,13,Coffee,4.0,2.0,8.0,8.0,0.0,Digital Wallet,Não informado
TXN_3830888,2023-02-20,2023,2,20,Coffee,4.0,2.0,8.0,8.0,0.0,Não informado,In-store
TXN_5618377,2023-04-02,2023,4,2,Sandwich,2.0,4.0,8.0,8.0,0.0,Não informado,In-store
TXN_3645674,2023-07-18,2023,7,18,Tea,4.0,1.5,6.0,6.0,0.0,Cash,Takeaway
TXN_2464236,2023-04-02,2023,4,2,Cookie,5.0,1.0,5.0,5.0,0.0,Digital Wallet,Não informado
TXN_4543793,2023-10-12,2023,10,12,Sandwich,2.0,4.0,8.0,8.0,0.0,Cash,In-store
TXN_5745921,2023-03-01,2023,3,1,Sandwich,2.0,4.0,8.0,8.0,0.0,Não informado,In-store
TXN_7229419,2023-05-15,2023,5,15,Salad,2.0,5.0,10.0,10.0,0.0,Não informado,Takeaway
TXN_9247075,2023-07-05,2023,7,5,Salad,3.0,5.0,15.0,15.0,0.0,Não informado,In-store
TXN_6960459,2023-07-24,2023,7,24,Coffee,1.0,2.0,,2.0,,Credit Card,In-store
TXN_4679083,2023-12-25,2023,12,25,Cake,5.0,3.0,,15.0,,Não informado,Takeaway
TXN_3313534,2023-01-05,2023,1,5,Cookie,2.0,1.0,2.0,2.0,0.0,Digital Wallet,In-store
TXN_4969431,2023-04-11,2023,4,11,Salad,4.0,5.0,20.0,20.0,0.0,Credit Card,Takeaway
TXN_2977905,2023-06-23,2023,6,23,Smoothie,3.0,4.0,12.0,12.0,0.0,Não informado,Não informado
TXN_2147706,2023-03-23,2023,3,23,Juice,5.0,3.0,,15.0,,Não informado,Não informado
TXN_3663592,2023-08-26,2023,8,26,Smoothie,2.0,4.0,8.0,8.0,0.0,Não informado,Takeaway
TXN_4459351,2023-12-08,2023,12,8,Smoothie,5.0,4.0,20.0,20.0,0.0,Credit Card,Não informado
TXN_2976052,2023-11-01,2023,11,1,Cookie,5.0,1.0,5.0,5.0,0.0,Não informado,Takeaway
TXN_1373048,2023-08-31,2023,8,31,Salad,5.0,5.0,25.0,25.0,0.0,Não informado,In-store
TXN_2575331,2023-03-20,2023,3,20,Cookie,5.0,1.0,5.0,5.0,0.0,Cash,In-store
TXN_4764236,2023-05-29,2023,5,29,Juice,1.0,3.0,3.0,3.0,0.0,Digital Wallet,Não informado
TXN_3544380,2023-09-13,2023,9,13,Juice,1.0,3.0,3.0,3.0,0.0,Credit Card,In-store
TXN_2104473,2023-01-01,2023,1,1,Cake,3.0,3.0,9.0,9.0,0.0,Digital Wallet,Takeaway
TXN_3819405,2023-02-16,2023,2,16,Juice,4.0,3.0,12.0,12.0,0.0,Digital Wallet,In-store
TXN_3512665,2023-10-16,2023,10,16,Salad,5.0,5.0,25.0,25.0,0.0,Credit Card,Não informado
TXN_1696813,2023-04-02,2023,4,2,Cookie,3.0,1.0,3.0,3.0,0.0,Cash,In-store
TXN_5399303,2023-11-02,2023,11,2,Coffee,2.0,2.0,4.0,4.0,0.0,Não informado,Não informado
TXN_1984774,2023-11-13,2023,11,13,Tea,3.0,1.5,4.5,4.5,0.0,Cash,Takeaway
TXN_9886794,2023-06-06,2023,6,6,Cake,1.0,3.0,3.0,3.0,0.0,Cash,Não informado
TXN_1057760,2023-02-20,2023,2,20,Juice,4.0,3.0,12.0,12.0,0.0,Credit Card,Takeaway
TXN_6091431,2023-11-16,2023,11,16,Tea,3.0,1.5,4.5,4.5,0.0,Credit Card,Não informado
TXN_1728644,2023-04-07,2023,4,7,Coffee,1.0,2.0,2.0,2.0,0.0,Cash,Takeaway
TXN_6993624,2023-05-09,2023,5,9,Cake,4.0,3.0,12.0,12.0,0.0,Cash,Não informado
TXN_7708810,2023-06-09,2023,6,9,Smoothie,1.0,4.0,4.0,4.0,0.0,Cash,Não informado
TXN_8726874,2023-09-30,2023,9,30,Sandwich,2.0,4.0,8.0,8.0,0.0,Não informado,Takeaway
TXN_4190431,2023-09-23,2023,9,23,Tea,3.0,1.5,4.5,4.5,0.0,Digital Wallet,Não informado
TXN_5201123,2023-07-12,2023,7,12,Salad,2.0,5.0,10.0,10.0,0.0,Digital Wallet,Takeaway
TXN_6172528,2023-05-18,2023,5,18,Smoothie,3.0,4.0,12.0,12.0,0.0,Credit Card,In-store
TXN_1193551,2023-01-07,2023,1,7,Cookie,1.0,1.0,1.0,1.0,0.0,Não informado,Takeaway
TXN_1256851,2023-07-29,2023,7,29,Sandwich,4.0,4.0,16.0,16.0,0.0,Não informado,In-store
TXN_4146795,2023-10-29,2023,10,29,Tea,5.0,1.5,7.5,7.5,0.0,Cash,In-store
TXN_2203873,2023-01-26,2023,1,26,Tea,3.0,1.5,4.5,4.5,0.0,Digital Wallet,Não informado
TXN_5018462,2023-11-28,2023,11,28,Smoothie,5.0,4.0,20.0,20.0,0.0,Cash,In-store
TXN_6133971,2023-04-18,2023,4,18,Smoothie,5.0,4.0,20.0,20.0,0.0,Credit Card,Não informado
TXN_1417400,2023-03-20,2023,3,20,Cookie,2.0,1.0,2.0,2.0,0.0,Cash,In-store
TXN_4877436,2023-10-08,2023,10,8,Juice,4.0,3.0,12.0,12.0,0.0,Não informado,Não informado
TXN_8643596,2023-03-29,2023,3,29,Coffee,5.0,2.0,10.0,10.0,0.0,Credit Card,Não informado
TXN_1654784,2023-12-31,2023,12,31,Cookie,5.0,1.0,5.0,5.0,0.0,Não informado,In-store
TXN_4422898,2023-04-20,2023,4,20,Salad,2.0,5.0,10.0,10.0,0.0,Credit Card,In-store
TXN_4175191,2023-11-20,2023,11,20,Sandwich,2.0,4.0,8.0,8.0,0.0,Cash,Não informado
TXN_3196388,2023-03-04,2023,3,4,Salad,3.0,5.0,15.0,15.0,0.0,Cash,In-store
TXN_6960031,2023-04-25,2023,4,25,Sandwich,5.0,4.0,20.0,20.0,0.0,Digital Wallet,Takeaway
TXN_8963106,2023-04-01,2023,4,1,Coffee,5.0,2.0,10.0,10.0,0.0,Cash,In-store
TXN_7167980,2023-10-05,2023,10,5,Smoothie,3.0,4.0,,12.0,,Não informado,Não informado
TXN_8732716,2023-12-29,2023,12,29,Tea,3.0,1.5,4.5,4.5,0.0,Não informado,Não informado
TXN_3530118,2023-11-14,2023,11,14,Cake,5.0,3.0,15.0,15.0,0.0,Digital Wallet,Não informado
TXN_7875743,2023-04-17,2023,4,17,Cake,5.0,3.0,15.0,15.0,0.0,Cash,Takeaway
TXN_1933315,2023-09-29,2023,9,29,Juice,2.0,3.0,6.0,6.0,0.0,Digital Wallet,In-store
TXN_5674503,2023-12-14,2023,12,14,Cake,3.0,3.0,9.0,9.0,0.0,Não informado,Takeaway
TXN_5252187,2023-01-20,2023,1,20,Sandwich,1.0,4.0,4.0,4.0,0.0,Cash,Não informado
TXN_4668931,2023-07-09,2023,7,9,Juice,3.0,3.0,9.0,9.0,0.0,Cash,In-store
TXN_2504703,2023-01-09,2023,1,9,Smoothie,5.0,4.0,20.0,20.0,0.0,Digital Wallet,Takeaway
TXN_3113428,2023-10-30,2023,10,30,Juice,2.0,3.0,6.0,6.0,0.0,Cash,In-store
TXN_7595115,2023-04-17,2023,4,17,Sandwich,2.0,4.0,8.0,8.0,0.0,Não informado,Takeaway
TXN_9034955,2023-09-07,2023,9,7,Cookie,1.0,1.0,1.0,1.0,0.0,Credit Card,In-store
TXN_7856009,2023-05-27,2023,5,27,Cake,2.0,3.0,6.0,6.0,0.0,Não informado,Não informado
TXN_2375919,2023-11-23,2023,11,23,Sandwich,3.0,4.0,12.0,12.0,0.0,Não informado,Não informado
TXN_9344399,2023-12-04,2023,12,4,Cookie,2.0,1.0,2.0,2.0,0.0,Não informado,Não informado
TXN_1091243,2023-01-06,2023,1,6,Sandwich,2.0,4.0,8.0,8.0,0.0,Não informado,In-store
TXN_3546303,2023-09-11,2023,9,11,Tea,2.0,1.5,3.0,3.0,0.0,Digital Wallet,Takeaway
TXN_7595096,2023-11-02,2023,11,2,Juice,1.0,3.0,3.0,3.0,0.0,Não informado,Não informado
TXN_7838802,2023-11-20,2023,11,20,Cookie,2.0,1.0,2.0,2.0,0.0,Credit Card,Takeaway
TXN_6736326,2023-04-14,2023,4,14,Salad,2.0,5.0,10.0,10.0,0.0,Credit Card,In-store
TXN_2536021,2023-10-02,2023,10,2,Cookie,5.0,1.0,5.0,5.0,0.0,Não informado,Takeaway
TXN_5538696,2023-08-30,2023,8,30,Coffee,2.0,2.0,4.0,4.0,0.0,Não informado,In-store
TXN_5466291,2023-09-19,2023,9,19,Salad,1.0,5.0,5.0,5.0,0.0,Credit Card,Não informado
TXN_2643389,2023-08-24,2023,8,24,Sandwich,2.0,4.0,8.0,8.0,0.0,Credit Card,Não informado
TXN_9817135,2023-03-25,2023,3,25,Salad,1.0,5.0,5.0,5.0,0.0,Digital Wallet,Não informado
TXN_7426086,2023-01-13,2023,1,13,Coffee,4.0,2.0,8.0,8.0,0.0,Não informado,Não informado
TXN_9327861,2023-07-17,2023,7,17,Tea,5.0,1.5,7.5,7.5,0.0,Credit Card,In-store
TXN_3971440,2023-10-22,2023,10,22,Cake,4.0,3.0,12.0,12.0,0.0,Digital Wallet,Takeaway
TXN_8494583,2023-11-29,2023,11,29,Cookie,5.0,1.0,5.0,5.0,0.0,Credit Card,In-store
TXN_8083377,2023-01-06,2023,1,6,Tea,4.0,1.5,6.0,6.0,0.0,Digital Wallet,In-store
TXN_8340038,2023-07-15,2023,7,15,Tea,1.0,1.5,1.5,1.5,0.0,Digital Wallet,In-store
TXN_2275799,2023-10-04,2023,10,4,Sandwich,3.0,4.0,12.0,12.0,0.0,Digital Wallet,In-store
TXN_3497691,2023-09-06,2023,9,6,Smoothie,4.0,4.0,16.0,16.0,0.0,Credit Card,Não informado
TXN_5881237,2023-08-14,2023,8,14,Cookie,2.0,1.0,2.0,2.0,0.0,Não informado,Não informado
TXN_2271705,2023-07-20,2023,7,20,Tea,5.0,1.5,7.5,7.5,0.0,Não informado,Não informado
TXN_4618211,2023-09-12,2023,9,12,Smoothie,4.0,4.0,16.0,16.0,0.0,Cash,Não informado
TXN_9618563,2023-02-24,2023,2,24,Smoothie,1.0,4.0,4.0,4.0,0.0,Não informado,Takeaway
TXN_4374260,2023-04-20,2023,4,20,Cookie,1.0,1.0,,1.0,,Cash,Não informado
TXN_1946773,2023-08-28,2023,8,28,Sandwich,4.0,4.0,16.0,16.0,0.0,Cash,Não informado
TXN_4387523,2023-02-07,2023,2,7,Cake,3.0,3.0,9.0,9.0,0.0,Não informado,Não informado
TXN_7661094,2023-07-21,2023,7,21,Salad,4.0,5.0,20.0,20.0,0.0,Cash,Não informado
TXN_6766664,2023-05-21,2023,5,21,Coffee,3.0,2.0,6.0,6.0,0.0,Não informado,Não informado
TXN_1861717,2023-11-10,2023,11,10,Tea,2.0,1.5,3.0,3.0,0.0,Cash,In-store
TXN_3421079,2023-12-18,2023,12,18,Smoothie,1.0,4.0,4.0,4.0,0.0,Credit Card,In-store
TXN_7636536,2023-05-06,2023,5,6,Cookie,2.0,1.0,2.0,2.0,0.0,Cash,Não informado
TXN_4971607,2023-03-30,2023,3,30,Smoothie,5.0,4.0,20.0,20.0,0.0,Cash,In-store
TXN_9701622,2023-09-24,2023,9,24,Cookie,5.0,1.0,5.0,5.0,0.0,Digital Wallet,Não informado
TXN_6966241,2023-04-13,2023,4,13,Juice,2.0,3.0,6.0,6.0,0.0,Digital Wallet,In-store
TXN_3964624,2023-09-20,2023,9,20,Tea,3.0,1.5,4.5,4.5,0.0,Não informado,In-store
TXN_2226371,2023-11-18,2023,11,18,Cake,1.0,3.0,3.0,3.0,0.0,Cash,Não informado
TXN_5777164,2023-02-07,2023,2,7,Smoothie,1.0,4.0,4.0,4.0,0.0,Credit Card,Takeaway
TXN_5817802,2023-02-13,2023,2,13,Coffee,5.0,2.0,10.0,10.0,0.0,Não informado,In-store
TXN_3787234,2023-03-15,2023,3,15,Tea,2.0,1.5,3.0,3.0,0.0,Digital Wallet,In-store
TXN_4525646,2023-07-07,2023,7,7,Cake,3.0,3.0,9.0,9.0,0.0,Credit Card,Não informado
TXN_8649416,2023-09-21,2023,9,21,Cake,5.0,3.0,15.0,15.0,0.0,Credit Card,Takeaway
TXN_1394131,2023-06-13,2023,6,13,Juice,4.0,3.0,12.0,12.0,0.0,Não informado,Takeaway
TXN_9237291,2023-09-22,2023,9,22,Juice,2.0,3.0,6.0,6.0,0.0,Credit Card,Não informado
TXN_9520855,2023-01-11,2023,1,11,Cake,4.0,3.0,12.0,12.0,0.0,Não informado,Não informado
TXN_4565080,2023-09-28,2023,9,28,Smoothie,4.0,4.0,16.0,16.0,0.0,Digital Wallet,In-store
TXN_8348710,2023-12-27,2023,12,27,Coffee,1.0,2.0,2.0,2.0,0.0,Cash,In-store
TXN_5127819,2023-04-03,2023,4,3,Juice,3.0,3.0,9.0,9.0,0.0,Não informado,Não informado
TXN_7496394,2023-06-12,2023,6,12,Smoothie,4.0,4.0,16.0,16.0,0.0,Não informado,Não informado
TXN_8495889,2023-06-26,2023,6,26,Cake,1.0,3.0,3.0,3.0,0.0,Cash,Takeaway
TXN_5064188,2023-12-08,2023,12,8,Sandwich,4.0,4.0,16.0,16.0,0.0,Credit Card,Não informado
TXN_6104335,2023-11-13,2023,11,13,Smoothie,2.0,4.0,8.0,8.0,0.0,Credit Card,Não informado
TXN_5313435,2023-02-18,2023,2,18,Salad,4.0,5.0,,20.0,,Cash,Não informado
TXN_6700745,2023-04-23,2023,4,23,Juice,3.0,3.0,,9.0,,Não informado,In-store
TXN_9897215,2023-11-22,2023,11,22,Cake,3.0,3.0,,9.0,,Credit Card,Não informado
TXN_7764175,2023-09-02,2023,9,2,Salad,3.0,5.0,15.0,15.0,0.0,Cash,In-store
TXN_3027490,2023-02-25,2023,2,25,Cookie,3.0,1.0,3.0,3.0,0.0,Não informado,Takeaway
TXN_5368297,2023-10-04,2023,10,4,Smoothie,2.0,4.0,8.0,8.0,0.0,Não informado,Takeaway
TXN_2053125,2023-07-26,2023,7,26,Salad,1.0,5.0,5.0,5.0,0.0,Digital Wallet,Não informado
TXN_2522828,2023-01-15,2023,1,15,Smoothie,4.0,4.0,16.0,16.0,0.0,Credit Card,Não informado
TXN_6419317,2023-02-25,2023,2,25,Sandwich,4.0,4.0,16.0,16.0,0.0,Credit Card,Não informado
TXN_5939950,2023-06-16,2023,6,16,Sandwich,2.0,4.0,8.0,8.0,0.0,Cash,Não informado
TXN_4607296,2023-04-02,2023,4,2,Cake,5.0,3.0,15.0,15.0,0.0,Não informado,In-store
TXN_8316135,2023-11-06,2023,11,6,Salad,3.0,5.0,15.0,15.0,0.0,Digital Wallet,Takeaway
TXN_7910956,2023-07-21,2023,7,21,Coffee,5.0,2.0,10.0,10.0,0.0,Digital Wallet,In-store
TXN_1142233,2023-09-01,2023,9,1,Tea,5.0,1.5,7.5,7.5,0.0,Digital Wallet,Takeaway
TXN_3786518,2023-09-16,2023,9,16,Salad,1.0,5.0,,5.0,,Credit Card,In-store
TXN_8532735,2023-07-28,2023,7,28,Coffee,2.0,2.0,4.0,4.0,0.0,Cash,Takeaway
TXN_1697299,2023-10-08,2023,10,8,Smoothie,3.0,4.0,12.0,12.0,0.0,Cash,In-store
TXN_5785639,2023-04-10,2023,4,10,Salad,1.0,5.0,5.0,5.0,0.0,Credit Card,Não informado
TXN_8445753,2023-04-07,2023,4,7,Tea,4.0,1.5,6.0,6.0,0.0,Cash,Takeaway
TXN_1985278,2023-02-13,2023,2,13,Sandwich,3.0,4.0,12.0,12.0,0.0,Não informado,In-store
TXN_6612143,2023-11-07,2023,11,7,Tea,5.0,1.5,7.5,7.5,0.0,Cash,In-store
TXN_8352416,2023-07-26,2023,7,26,Salad,1.0,5.0,,5.0,,Digital Wallet,In-store
TXN_5498693,2023-05-13,2023,5,13,Cake,4.0,3.0,12.0,12.0,0.0,Não informado,Não informado
TXN_8330837,2023-10-13,2023,10,13,Juice,3.0,3.0,9.0,9.0,0.0,Digital Wallet,Não informado
TXN_3703482,2023-01-08,2023,1,8,Cake,4.0,3.0,,12.0,,Não informado,Não informado
TXN_3455103,2023-04-22,2023,4,22,Salad,1.0,5.0,5.0,5.0,0.0,Digital Wallet,Takeaway
TXN_1496962,2023-12-17,2023,12,17,Smoothie,5.0,4.0,20.0,20.0,0.0,Não informado,In-store
TXN_4216294,2023-10-19,2023,10,19,Tea,4.0,1.5,6.0,6.0,0.0,Cash,In-store
TXN_3002889,2023-10-22,2023,10,22,Coffee,3.0,2.0,6.0,6.0,0.0,Digital Wallet,Não informado
TXN_6044312,2023-01-03,2023,1,3,Cake,2.0,3.0,6.0,6.0,0.0,Não informado,In-store
TXN_4008135,2023-11-25,2023,11,25,Cookie,5.0,1.0,5.0,5.0,0.0,Cash,Takeaway
TXN_8990020,2023-09-09,2023,9,9,Sandwich,4.0,4.0,16.0,16.0,0.0,Não informado,In-store
TXN_5654331,2023-07-31,2023,7,31,Coffee,4.0,2.0,8.0,8.0,0.0,Cash,In-store
TXN_1213938,2023-07-06,2023,7,6,Salad,5.0,5.0,25.0,25.0,0.0,Digital Wallet,Takeaway
TXN_2522182,2023-11-11,2023,11,11,Salad,2.0,5.0,,10.0,,Digital Wallet,In-store
TXN_5329431,2023-10-03,2023,10,3,Sandwich,3.0,4.0,,12.0,,Credit Card,In-store
TXN_8482887,2023-10-29,2023,10,29,Salad,1.0,5.0,5.0,5.0,0.0,Digital Wallet,Takeaway
TXN_3883425,2023-07-09,2023,7,9,Smoothie,5.0,4.0,20.0,20.0,0.0,Digital Wallet,Não informado
TXN_7388851,2023-09-30,2023,9,30,Smoothie,1.0,4.0,4.0,4.0,0.0,Digital Wallet,Não informado
TXN_8460225,2023-02-23,2023,2,23,Smoothie,5.0,4.0,20.0,20.0,0.0,Não informado,In-store
TXN_5471175,2023-04-16,2023,4,16,Cookie,4.0,1.0,4.0,4.0,0.0,Cash,Não informado
TXN_1874601,2023-12-10,2023,12,10,Coffee,4.0,2.0,8.0,8.0,0.0,Não informado,Não informado
TXN_3641001,2023-11-10,2023,11,10,Smoothie,3.0,4.0,12.0,12.0,0.0,Digital Wallet,Não informado
TXN_6446441,2023-02-18,2023,2,18,Salad,3.0,5.0,15.0,15.0,0.0,Digital Wallet,Não informado
TXN_9718216,2023-07-07,2023,7,7,Juice,4.0,3.0,12.0,12.0,0.0,Não informado,Não informado
TXN_7391138,2023-08-23,2023,8,23,Tea,5.0,1.5,7.5,7.5,0.0,Cash,Não informado
TXN_9548077,2023-07-05,2023,7,5,Tea,2.0,1.5,3.0,3.0,0.0,Cash,In-store
TXN_9185022,2023-06-19,2023,6,19,Sandwich,3.0,4.0,12.0,12.0,0.0,Digital Wallet,In-store
TXN_6841993,2023-09-15,2023,9,15,Juice,3.0,3.0,9.0,9.0,0.0,Cash,Takeaway
TXN_1701766,2023-11-22,2023,11,22,Cake,4.0,3.0,12.0,12.0,0.0,Não informado,Não informado
TXN_9541057,2023-04-24,2023,4,24,Juice,4.0,3.0,12.0,12.0,0.0,Cash,In-store
TXN_4699706,2023-12-04,2023,12,4,Coffee,5.0,2.0,10.0,10.0,0.0,Não informado,In-store
TXN_2451247,2023-02-14,2023,2,14,Tea,4.0,1.5,6.0,6.0,0.0,Digital Wallet,Takeaway
TXN_6272908,2023-12-01,2023,12,1,Juice,3.0,3.0,9.0,9.0,0.0,Cash,Takeaway
TXN_7785034,2023-11-09,2023,11,9,Smoothie,4.0,4.0,16.0,16.0,0.0,Não informado,Takeaway
TXN_4048690,2023-09-06,2023,9,6,Cake,3.0,3.0,9.0,9.0,0.0,Cash,In-store
TXN_4971992,2023-09-24,2023,9,24,Cake,2.0,3.0,6.0,6.0,0.0,Não informado,Não informado
TXN_3919995,2023-01-26,2023,1,26,Tea,3.0,1.5,4.5,4.5,0.0,Cash,Takeaway
TXN_3522385,2023-03-19,2023,3,19,Smoothie,4.0,4.0,16.0,16.0,0.0,Credit Card,Takeaway
TXN_3140020,2023-06-19,2023,6,19,Juice,5.0,3.0,15.0,15.0,0.0,Não informado,In-store
TXN_9756401,2023-02-04,2023,2,4,Salad,3.0,5.0,15.0,15.0,0.0,Cash,In-store
TXN_1937081,2023-06-07,2023,6,7,Cake,2.0,3.0,6.0,6.0,0.0,Credit Card,Não informado
TXN_2544072,2023-08-17,2023,8,17,Cookie,1.0,1.0,1.0,1.0,0.0,Não informado,In-store
TXN_7260110,2023-03-07,2023,3,7,Salad,5.0,5.0,25.0,25.0,0.0,Credit Card,In-store
TXN_1588687,2023-08-22,2023,8,22,Coffee,2.0,2.0,4.0,4.0,0.0,Digital Wallet,Takeaway
TXN_2886505,2023-09-05,2023,9,5,Tea,3.0,1.5,4.5,4.5,0.0,Não informado,Não informado
TXN_3864453,2023-11-15,2023,11,15,Cookie,5.0,1.0,5.0,5.0,0.0,Digital Wallet,Não informado
TXN_5346027,2023-12-19,2023,12,19,Sandwich,2.0,4.0,8.0,8.0,0.0,Não informado,Não informado
TXN_8690361,2023-07-12,2023,7,12,Smoothie,3.0,4.0,12.0,12.0,0.0,Não informado,Não informado
TXN_8419805,2023-07-24,2023,7,24,Cake,5.0,3.0,15.0,15.0,0.0,Não informado,In-store
TXN_3125699,2023-02-05,2023,2,5,Juice,1.0,3.0,3.0,3.0,0.0,Credit Card,Takeaway
TXN_5106316,2023-01-23,2023,1,23,Sandwich,5.0,4.0,,20.0,,Digital Wallet,Takeaway
TXN_5666369,2023-07-17,2023,7,17,Juice,2.0,3.0,6.0,6.0,0.0,Digital Wallet,In-store
TXN_7712807,2023-02-17,2023,2,17,Smoothie,4.0,4.0,16.0,16.0,0.0,Credit Card,Não informado
TXN_8199561,2023-07-31,2023,7,31,Cookie,4.0,1.0,4.0,4.0,0.0,Não informado,Não informado
TXN_4334932,2023-12-27,2023,12,27,Coffee,2.0,2.0,4.0,4.0,0.0,Não informado,In-store
TXN_4082099,2023-06-01,2023,6,1,Juice,2.0,3.0,6.0,6.0,0.0,Credit Card,In-store
TXN_9191700,2023-10-01,2023,10,1,Tea,5.0,1.5,7.5,7.5,0.0,Não informado,In-store
TXN_9921392,2023-06-28,2023,6,28,Coffee,5.0,2.0,10.0,10.0,0.0,Não informado,Não informado
TXN_4521701,2023-10-08,2023,10,8,Cake,4.0,3.0,12.0,12.0,0.0,Não informado,In-store
TXN_1418829,2023-09-19,2023,9,19,Smoothie,1.0,4.0,4.0,4.0,0.0,Não informado,Takeaway
TXN_8955306,2023-10-14,2023,10,14,Coffee,3.0,2.0,6.0,6.0,0.0,Credit Card,In-store
TXN_7851403,2023-03-06,2023,3,6,Coffee,5.0,2.0,10.0,10.0,0.0,Credit Card,Takeaway
TXN_5288715,2023-04-19,2023,4,19,Juice,3.0,3.0,9.0,9.0,0.0,Digital Wallet,Não informado
TXN_7108056,2023-01-25,2023,1,25,Juice,3.0,3.0,9.0,9.0,0.0,Credit Card,Não informado
TXN_9688601,2023-10-16,2023,10,16,Juice,1.0,3.0,3.0,3.0,0.0,Não informado,In-store
TXN_8807429,2023-07-21,2023,7,21,Cookie,4.0,1.0,4.0,4.0,0.0,Digital Wallet,Não informado
TXN_3340550,2023-05-02,2023,5,2,Juice,2.0,3.0,6.0,6.0,0.0,Digital Wallet,Não informado
TXN_4380808,2023-04-30,2023,4,30,Juice,4.0,3.0,12.0,12.0,0.0,Não informado,In-store
TXN_6403012,2023-07-23,2023,7,23,Juice,5.0,3.0,15.0,15.0,0.0,Cash,In-store
TXN_4176272,2023-06-06,2023,6,6,Coffee,1.0,2.0,2.0,2.0,0.0,Digital Wallet,Não informado
TXN_2294776,2023-04-10,2023,4,10,Juice,4.0,3.0,12.0,12.0,0.0,Credit Card,Takeaway
TXN_8068515,2023-06-16,2023,6,16,Cookie,1.0,1.0,,1.0,,Cash,Takeaway
TXN_2556999,2023-08-14,2023,8,14,Tea,1.0,1.5,1.5,1.5,0.0,Credit Card,Takeaway
TXN_3816131,2023-01-23,2023,1,23,Juice,3.0,3.0,9.0,9.0,0.0,Não informado,Não informado
TXN_6564856,2023-02-16,2023,2,16,Tea,5.0,1.5,7.5,7.5,0.0,Digital Wallet,Takeaway
TXN_4822256,2023-11-11,2023,11,11,Smoothie,1.0,4.0,4.0,4.0,0.0,Credit Card,Não informado
TXN_4976485,2023-07-10,2023,7,10,Salad,5.0,5.0,25.0,25.0,0.0,Não informado,Takeaway
TXN_4856060,2023-07-29,2023,7,29,Juice,1.0,3.0,3.0,3.0,0.0,Cash,Não informado
TXN_3967103,2023-11-14,2023,11,14,Coffee,5.0,2.0,10.0,10.0,0.0,Cash,Não informado
TXN_8746881,2023-11-07,2023,11,7,Cake,2.0,3.0,6.0,6.0,0.0,Não informado,Não informado
TXN_8732682,2023-04-07,2023,4,7,Salad,5.0,5.0,25.0,25.0,0.0,Credit Card,In-store
TXN_3687257,2023-03-27,2023,3,27,Tea,4.0,1.5,,6.0,,Credit Card,Takeaway
TXN_3616839,2023-04-01,2023,4,1,Cake,4.0,3.0,12.0,12.0,0.0,Digital Wallet,Não informado
TXN_2875074,2023-02-06,2023,2,6,Cake,4.0,3.0,12.0,12.0,0.0,Credit Card,Takeaway
TXN_5470909,2023-10-21,2023,10,21,Cookie,4.0,1.0,,4.0,,Credit Card,In-store
TXN_3587915,2023-06-24,2023,6,24,Salad,2.0,5.0,10.0,10.0,0.0,Digital Wallet,Takeaway
TXN_9406938,2023-10-09,2023,10,9,Salad,1.0,5.0,5.0,5.0,0.0,Não informado,Não informado
TXN_9342366,2023-02-18,2023,2,18,Smoothie,3.0,4.0,12.0,12.0,0.0,Credit Card,Não informado
TXN_7226052,2023-02-21,2023,2,21,Sandwich,3.0,4.0,12.0,12.0,0.0,Cash,In-store
TXN_8644398,2023-02-08,2023,2,8,Sandwich,4.0,4.0,16.0,16.0,0.0,Não informado,Takeaway
TXN_8112788,2023-08-07,2023,8,7,Smoothie,1.0,4.0,4.0,4.0,0.0,Credit Card,Takeaway
TXN_4179583,2023-06-13,2023,6,13,Smoothie,3.0,4.0,12.0,12.0,0.0,Digital Wallet,Takeaway
TXN_3787265,2023-12-16,2023,12,16,Salad,1.0,5.0,5.0,5.0,0.0,Credit Card,In-store
TXN_3577683,2023-09-17,2023,9,17,Cookie,2.0,1.0,2.0,2.0,0.0,Digital Wallet,In-store
TXN_1310741,2023-07-25,2023,7,25,Sandwich,3.0,4.0,12.0,12.0,0.0,Não informado,Takeaway
TXN_2862856,2023-02-01,2023,2,1,Cake,5.0,3.0,15.0,15.0,0.0,Não informado,Takeaway
TXN_4940237,2023-08-03,2023,8,3,Cake,2.0,3.0,6.0,6.0,0.0,Cash,Takeaway
TXN_8765822,2023-03-22,2023,3,22,Cake,1.0,3.0,3.0,3.0,0.0,Credit Card,Takeaway
TXN_3205813,2023-04-25,2023,4,25,Juice,3.0,3.0,9.0,9.0,0.0,Cash,In-store
TXN_5751040,2023-02-27,2023,2,27,Tea,5.0,1.5,7.5,7.5,0.0,Cash,Não informado
TXN_8018572,2023-10-09,2023,10,9,Cookie,5.0,1.0,,5.0,,Não informado,In-store
TXN_3454877,2023-04-19,2023,4,19,Sandwich,5.0,4.0,20.0,20.0,0.0,Credit Card,Não informado
TXN_1837764,2023-07-30,2023,7,30,Tea,3.0,1.5,4.5,4.5,0.0,Cash,In-store
TXN_4120124,2023-06-08,2023,6,8,Coffee,1.0,2.0,2.0,2.0,0.0,Não informado,Não informado
TXN_1927404,2023-12-22,2023,12,22,Juice,1.0,3.0,3.0,3.0,0.0,Digital Wallet,Não informado
TXN_5012988,2023-08-17,2023,8,17,Salad,3.0,5.0,,15.0,,Credit Card,Não informado
TXN_1534763,2023-09-17,2023,9,17,Cookie,2.0,1.0,2.0,2.0,0.0,Cash,Takeaway
TXN_4485458,2023-12-08,2023,12,8,Sandwich,4.0,4.0,16.0,16.0,0.0,Cash,Takeaway
TXN_9288882,2023-04-23,2023,4,23,Sandwich,3.0,4.0,12.0,12.0,0.0,Não informado,In-store
TXN_3964550,2023-06-09,2023,6,9,Tea,3.0,1.5,4.5,4.5,0.0,Credit Card,Takeaway
TXN_4529101,2023-09-17,2023,9,17,Cookie,2.0,1.0,2.0,2.0,0.0,Digital Wallet,In-store
TXN_2391534,2023-05-06,2023,5,6,Cookie,3.0,1.0,3.0,3.0,0.0,Credit Card,Não informado
TXN_8379919,2023-12-04,2023,12,4,Cookie,3.0,1.0,3.0,3.0,0.0,Digital Wallet,Não informado
TXN_6219977,2023-12-17,2023,12,17,Cookie,2.0,1.0,2.0,2.0,0.0,Credit Card,Não informado
TXN_5731238,2023-03-27,2023,3,27,Cake,2.0,3.0,,6.0,,Credit Card,Não informado
TXN_7825796,2023-04-03,2023,4,3,Tea,2.0,1.5,3.0,3.0,0.0,Não informado,Não informado
TXN_2375667,2023-12-28,2023,12,28,Salad,1.0,5.0,5.0,5.0,0.0,Cash,Não informado
TXN_5213761,2023-08-18,2023,8,18,Coffee,3.0,2.0,6.0,6.0,0.0,Digital Wallet,Takeaway
TXN_1427485,2023-07-19,2023,7,19,Coffee,3.0,2.0,6.0,6.0,0.0,Credit Card,Não informado
TXN_5954991,2023-08-07,2023,8,7,Sandwich,3.0,4.0,12.0,12.0,0.0,Não informado,Takeaway
TXN_6482416,2023-07-20,2023,7,20,Coffee,1.0,2.0,2.0,2.0,0.0,Não informado,Não informado
TXN_4916611,2023-05-21,2023,5,21,Juice,5.0,3.0,15.0,15.0,0.0,Não informado,Takeaway
TXN_4814244,2023-06-01,2023,6,1,Smoothie,3.0,4.0,12.0,12.0,0.0,Não informado,In-store
TXN_7968892,2023-10-02,2023,10,2,Tea,2.0,1.5,3.0,3.0,0.0,Não informado,In-store
TXN_9535721,2023-08-03,2023,8,3,Cake,5.0,3.0,15.0,15.0,0.0,Digital Wallet,In-store
TXN_2161372,2023-12-17,2023,12,17,Juice,1.0,3.0,3.0,3.0,0.0,Credit Card,Takeaway
TXN_8877714,2023-03-28,2023,3,28,Juice,5.0,3.0,15.0,15.0,0.0,Não informado,Não informado
TXN_5478129,2023-01-22,2023,1,22,Juice,4.0,3.0,12.0,12.0,0.0,Credit Card,Não informado
TXN_7267366,2023-06-02,2023,6,2,Sandwich,3.0,4.0,12.0,12.0,0.0,Digital Wallet,Takeaway
TXN_8688603,2023-05-05,2023,5,5,Coffee,2.0,2.0,4.0,4.0,0.0,Cash,Não informado
TXN_6148811,2023-06-18,2023,6,18,Tea,5.0,1.5,,7.5,,Credit Card,Takeaway
TXN_4382406,2023-09-26,2023,9,26,Coffee,5.0,2.0,10.0,10.0,0.0,Não informado,Takeaway
TXN_5426507,2023-06-13,2023,6,13,Juice,2.0,3.0,6.0,6.0,0.0,Cash,Takeaway
TXN_3855408,2023-06-02,2023,6,2,Cookie,1.0,1.0,1.0,1.0,0.0,Cash,Takeaway
TXN_6992783,2023-01-29,2023,1,29,Tea,1.0,1.5,1.5,1.5,0.0,Digital Wallet,Takeaway
TXN_2638810,2023-11-16,2023,11,16,Tea,2.0,1.5,3.0,3.0,0.0,Não informado,Takeaway
TXN_9158251,2023-03-24,2023,3,24,Salad,2.0,5.0,10.0,10.0,0.0,Credit Card,Não informado
TXN_3390610,2023-02-01,2023,2,1,Sandwich,2.0,4.0,8.0,8.0,0.0,Não informado,Não informado
TXN_6498876,2023-08-20,2023,8,20,Sandwich,3.0,4.0,12.0,12.0,0.0,Não informado,Takeaway
TXN_1627038,2023-12-25,2023,12,25,Juice,4.0,3.0,12.0,12.0,0.0,Não informado,Takeaway
TXN_2785262,2023-08-30,2023,8,30,Salad,3.0,5.0,15.0,15.0,0.0,Cash,Takeaway
TXN_9944730,2023-04-10,2023,4,10,Tea,1.0,1.5,1.5,1.5,0.0,Digital Wallet,Não informado
TXN_7002929,2023-01-30,2023,1,30,Cookie,1.0,1.0,1.0,1.0,0.0,Não informado,In-store
TXN_7484886,2023-04-17,2023,4,17,Smoothie,3.0,4.0,12.0,12.0,0.0,Não informado,Não informado
TXN_7316790,2023-11-07,2023,11,7,Coffee,1.0,2.0,,2.0,,Credit Card,In-store
TXN_4663529,2023-12-24,2023,12,24,Sandwich,5.0,4.0,20.0,20.0,0.0,Digital Wallet,Não informado
TXN_2675174,2023-12-04,2023,12,4,Salad,2.0,5.0,10.0,10.0,0.0,Não informado,Takeaway
TXN_7229543,2023-07-10,2023,7,10,Cake,1.0,3.0,3.0,3.0,0.0,Credit Card,Não informado
TXN_4330643,2023-05-15,2023,5,15,Cookie,3.0,1.0,3.0,3.0,0.0,Cash,Takeaway
TXN_2003488,2023-09-25,2023,9,25,Juice,3.0,3.0,9.0,9.0,0.0,Não informado,Takeaway
TXN_3492393,2023-05-29,2023,5,29,Coffee,1.0,2.0,2.0,2.0,0.0,Não informado,In-store
TXN_3894660,2023-02-09,2023,2,9,Juice,2.0,3.0,6.0,6.0,0.0,Não informado,Não informado
TXN_5766532,2023-06-23,2023,6,23,Smoothie,5.0,4.0,,20.0,,Cash,In-store
TXN_5476485,2023-01-07,2023,1,7,Juice,2.0,3.0,6.0,6.0,0.0,Cash,In-store
TXN_9335226,2023-05-08,2023,5,8,Sandwich,5.0,4.0,20.0,20.0,0.0,Não informado,Não informado
TXN_2581559,2023-03-25,2023,3,25,Sandwich,1.0,4.0,4.0,4.0,0.0,Credit Card,Takeaway
TXN_9146123,2023-12-12,2023,12,12,Coffee,2.0,2.0,4.0,4.0,0.0,Digital Wallet,Não informado
TXN_1335256,2023-08-04,2023,8,4,Coffee,5.0,2.0,10.0,10.0,0.0,Não informado,Takeaway
TXN_5968921,2023-10-10,2023,10,10,Salad,5.0,5.0,25.0,25.0,0.0,Credit Card,Takeaway
TXN_6895558,2023-04-10,2023,4,10,Coffee,2.0,2.0,4.0,4.0,0.0,Credit Card,Não informado
TXN_6428404,2023-02-06,2023,2,6,Salad,2.0,5.0,10.0,10.0,0.0,Digital Wallet,In-store
TXN_1190402,2023-12-01,2023,12,1,Cake,1.0,3.0,3.0,3.0,0.0,Credit Card,Takeaway
TXN_6349424,2023-02-24,2023,2,24,Sandwich,5.0,4.0,20.0,20.0,0.0,Cash,Takeaway
TXN_1401771,2023-12-08,2023,12,8,Sandwich,2.0,4.0,8.0,8.0,0.0,Cash,Não informado
TXN_3851928,2023-02-07,2023,2,7,Juice,3.0,3.0,9.0,9.0,0.0,Credit Card,In-store
TXN_8267915,2023-03-22,2023,3,22,Sandwich,2.0,4.0,8.0,8.0,0.0,Não informado,Takeaway
TXN_3726397,2023-01-30,2023,1,30,Salad,5.0,5.0,25.0,25.0,0.0,Não informado,Takeaway
TXN_1210058,2023-11-25,2023,11,25,Tea,5.0,1.5,7.5,7.5,0.0,Não informado,Não informado
TXN_7791293,2023-04-08,2023,4,8,Salad,3.0,5.0,15.0,15.0,0.0,Credit Card,Takeaway
TXN_6343367,2023-09-17,2023,9,17,Juice,2.0,3.0,6.0,6.0,0.0,Não informado,In-store
TXN_2653224,2023-03-27,2023,3,27,Juice,3.0,3.0,9.0,9.0,0.0,Digital Wallet,Não informado
TXN_4693942,2023-12-16,2023,12,16,Sandwich,4.0,4.0,16.0,16.0,0.0,Cash,Takeaway
TXN_7963324,2023-12-09,2023,12,9,Coffee,3.0,2.0,6.0,6.0,0.0,Não informado,Takeaway
TXN_5563486,2023-03-13,2023,3,13,Juice,5.0,3.0,15.0,15.0,0.0,Digital Wallet,In-store
TXN_6932752,2023-09-20,2023,9,20,Smoothie,5.0,4.0,20.0,20.0,0.0,Não informado,Não informado
TXN_5697414,2023-02-16,2023,2,16,Cake,5.0,3.0,15.0,15.0,0.0,Credit Card,In-store
TXN_5434310,2023-11-21,2023,11,21,Smoothie,3.0,4.0,12.0,12.0,0.0,Cash,Não informado
TXN_5422843,2023-07-21,2023,7,21,Sandwich,2.0,4.0,8.0,8.0,0.0,Cash,In-store
TXN_1704041,2023-05-21,2023,5,21,Coffee,4.0,2.0,,8.0,,Credit Card,Não informado
TXN_9729178,2023-05-28,2023,5,28,Coffee,3.0,2.0,6.0,6.0,0.0,Credit Card,Não informado
TXN_6805057,2023-10-15,2023,10,15,Cookie,4.0,1.0,4.0,4.0,0.0,Credit Card,Não informado
TXN_8162690,2023-05-08,2023,5,8,Salad,2.0,5.0,10.0,10.0,0.0,Digital Wallet,Não informado
TXN_7089712,2023-08-13,2023,8,13,Cake,5.0,3.0,15.0,15.0,0.0,Cash,Não informado
TXN_4834450,2023-06-26,2023,6,26,Cake,2.0,3.0,6.0,6.0,0.0,Cash,Não informado
TXN_9081686,2023-06-11,2023,6,11,Cookie,5.0,1.0,5.0,5.0,0.0,Não informado,Não informado
TXN_6650875,2023-01-29,2023,1,29,Cookie,5.0,1.0,5.0,5.0,0.0,Credit Card,Takeaway
TXN_2133223,2023-11-17,2023,11,17,Cake,3.0,3.0,9.0,9.0,0.0,Cash,Não informado
TXN_5879154,2023-06-28,2023,6,28,Salad,2.0,5.0,10.0,10.0,0.0,Não informado,Takeaway
TXN_9575926,2023-12-12,2023,12,12,Sandwich,3.0,4.0,12.0,12.0,0.0,Credit Card,Não informado
TXN_5425911,2023-11-30,2023,11,30,Smoothie,1.0,4.0,4.0,4.0,0.0,Digital Wallet,Não informado
TXN_9860308,2023-02-20,2023,2,20,Smoothie,2.0,4.0,8.0,8.0,0.0,Digital Wallet,Não informado
TXN_7896733,2023-06-03,2023,6,3,Cake,4.0,3.0,12.0,12.0,0.0,Digital Wallet,Não informado
TXN_8131570,2023-12-02,2023,12,2,Salad,4.0,5.0,20.0,20.0,0.0,Não informado,In-store
TXN_3898445,2023-06-17,2023,6,17,Sandwich,3.0,4.0,12.0,12.0,0.0,Cash,Takeaway
TXN_7641606,2023-12-26,2023,12,26,Coffee,3.0,2.0,6.0,6.0,0.0,Credit Card,Takeaway
TXN_1414039,2023-02-13,2023,2,13,Juice,4.0,3.0,12.0,12.0,0.0,Não informado,Não informado
TXN_6190857,2023-10-14,2023,10,14,Tea,1.0,1.5,1.5,1.5,0.0,Não informado,In-store
TXN_1805937,2023-06-12,2023,6,12,Juice,3.0,3.0,9.0,9.0,0.0,Credit Card,Não informado
TXN_4717715,2023-07-27,2023,7,27,Sandwich,3.0,4.0,12.0,12.0,0.0,Digital Wallet,Não informado
TXN_2672972,2023-06-15,2023,6,15,Sandwich,1.0,4.0,4.0,4.0,0.0,Digital Wallet,Takeaway
TXN_6970542,2023-08-04,2023,8,4,Sandwich,4.0,4.0,16.0,16.0,0.0,Credit Card,Não informado
TXN_6091542,2023-01-17,2023,1,17,Juice,5.0,3.0,15.0,15.0,0.0,Digital Wallet,Takeaway
TXN_4184461,2023-02-22,2023,2,22,Salad,2.0,5.0,10.0,10.0,0.0,Digital Wallet,In-store
TXN_3224397,2023-05-15,2023,5,15,Cookie,4.0,1.0,4.0,4.0,0.0,Digital Wallet,Takeaway
TXN_2772639,2023-08-30,2023,8,30,Tea,4.0,1.5,6.0,6.0,0.0,Credit Card,In-store
TXN_5109348,2023-02-10,2023,2,10,Cake,4.0,3.0,12.0,12.0,0.0,Digital Wallet,In-store
TXN_6137985,2023-03-15,2023,3,15,Coffee,5.0,2.0,,10.0,,Credit Card,In-store
TXN_3526255,2023-06-23,2023,6,23,Smoothie,4.0,4.0,16.0,16.0,0.0,Não informado,Takeaway
TXN_7310356,2023-10-20,2023,10,20,Juice,4.0,3.0,12.0,12.0,0.0,Digital Wallet,Não informado
TXN_9054074,2023-10-15,2023,10,15,Cake,1.0,3.0,3.0,3.0,0.0,Credit Card,Takeaway
TXN_7538724,2023-05-17,2023,5,17,Sandwich,1.0,4.0,4.0,4.0,0.0,Não informado,In-store
TXN_6715991,2023-06-18,2023,6,18,Juice,1.0,3.0,3.0,3.0,0.0,Cash,Não informado
TXN_2271725,2023-12-21,2023,12,21,Smoothie,5.0,4.0,20.0,20.0,0.0,Cash,Não informado
TXN_1488481,2023-07-28,2023,7,28,Coffee,4.0,2.0,8.0,8.0,0.0,Credit Card,Takeaway
TXN_3494652,2023-05-23,2023,5,23,Coffee,1.0,2.0,2.0,2.0,0.0,Não informado,Não informado
TXN_2860281,2023-09-19,2023,9,19,Smoothie,4.0,4.0,16.0,16.0,0.0,Cash,Não informado
TXN_1232346,2023-01-04,2023,1,4,Salad,5.0,5.0,25.0,25.0,0.0,Digital Wallet,In-store
TXN_1911093,2023-10-07,2023,10,7,Tea,2.0,1.5,3.0,3.0,0.0,Digital Wallet,In-store
TXN_1672229,2023-11-12,2023,11,12,Cookie,2.0,1.0,2.0,2.0,0.0,Cash,Não informado
TXN_7056162,2023-03-04,2023,3,4,Smoothie,3.0,4.0,12.0,12.0,0.0,Digital Wallet,In-store
TXN_2064049,2023-09-21,2023,9,21,Salad,4.0,5.0,20.0,20.0,0.0,Credit Card,Takeaway
TXN_2823220,2023-05-17,2023,5,17,Salad,4.0,5.0,,20.0,,Não informado,In-store
TXN_6826409,2023-10-21,2023,10,21,Sandwich,1.0,4.0,4.0,4.0,0.0,Credit Card,Takeaway
TXN_2954833,2023-01-29,2023,1,29,Coffee,1.0,2.0,2.0,2.0,0.0,Não informado,Não informado
TXN_5309677,2023-08-09,2023,8,9,Coffee,4.0,2.0,8.0,8.0,0.0,Cash,In-store
TXN_6011106,2023-09-07,2023,9,7,Juice,2.0,3.0,6.0,6.0,0.0,Digital Wallet,Não informado
TXN_4714592,2023-06-02,2023,6,2,Tea,1.0,1.5,1.5,1.5,0.0,Cash,Não informado
TXN_6704284,2023-08-31,2023,8,31,Salad,2.0,5.0,10.0,10.0,0.0,Credit Card,Takeaway
TXN_9506076,2023-01-17,2023,1,17,Salad,5.0,5.0,25.0,25.0,0.0,Não informado,Não informado
TXN_2354394,2023-04-17,2023,4,17,Tea,4.0,1.5,6.0,6.0,0.0,Cash,In-store
TXN_3436344,2023-02-28,2023,2,28,Smoothie,2.0,4.0,8.0,8.0,0.0,Não informado,Não informado
TXN_7826516,2023-06-21,2023,6,21,Cake,4.0,3.0,12.0,12.0,0.0,Credit Card,Não informado
TXN_2699745,2023-12-30,2023,12,30,Coffee,4.0,2.0,8.0,8.0,0.0,Não informado,In-store
TXN_6097664,2023-11-27,2023,11,27,Salad,4.0,5.0,20.0,20.0,0.0,Digital Wallet,In-store
TXN_3858288,2023-04-12,2023,4,12,Tea,2.0,1.5,3.0,3.0,0.0,Não informado,Não informado
TXN_1272815,2023-08-07,2023,8,7,Juice,4.0,3.0,12.0,12.0,0.0,Credit Card,Não informado
TXN_4755623,2023-11-23,2023,11,23,Juice,3.0,3.0,9.0,9.0,0.0,Cash,Não informado
TXN_8261045,2023-01-21,2023,1,21,Tea,3.0,1.5,4.5,4.5,0.0,Cash,Não informado
TXN_2217015,2023-04-17,2023,4,17,Coffee,3.0,2.0,6.0,6.0,0.0,Não informado,Takeaway
TXN_1660104,2023-02-04,2023,2,4,Smoothie,2.0,4.0,8.0,8.0,0.0,Credit Card,Takeaway
TXN_6589078,2023-08-03,2023,8,3,Tea,3.0,1.5,4.5,4.5,0.0,Digital Wallet,Não informado
TXN_6306555,2023-04-12,2023,4,12,Smoothie,1.0,4.0,4.0,4.0,0.0,Digital Wallet,Takeaway
TXN_2079029,2023-05-11,2023,5,11,Cake,5.0,3.0,15.0,15.0,0.0,Cash,In-store
TXN_5737641,2023-02-16,2023,2,16,Cookie,1.0,1.0,1.0,1.0,0.0,Não informado,Não informado
TXN_2845506,2023-12-30,2023,12,30,Tea,2.0,1.5,3.0,3.0,0.0,Digital Wallet,Takeaway
TXN_8565799,2023-04-22,2023,4,22,Smoothie,4.0,4.0,16.0,16.0,0.0,Credit Card,In-store
TXN_3052584,2023-01-21,2023,1,21,Salad,1.0,5.0,5.0,5.0,0.0,Cash,In-store
TXN_1530892,2023-09-09,2023,9,9,Juice,2.0,3.0,6.0,6.0,0.0,Digital Wallet,Não informado
TXN_3392953,2023-01-06,2023,1,6,Coffee,1.0,2.0,,2.0,,Digital Wallet,Takeaway
TXN_4606893,2023-05-24,2023,5,24,Juice,5.0,3.0,15.0,15.0,0.0,Digital Wallet,In-store
TXN_7300653,2023-04-24,2023,4,24,Cookie,5.0,1.0,5.0,5.0,0.0,Não informado,Não informado
TXN_1759063,2023-09-09,2023,9,9,Cookie,2.0,1.0,2.0,2.0,0.0,Digital Wallet,Takeaway
TXN_1706896,2023-07-15,2023,7,15,Smoothie,3.0,4.0,12.0,12.0,0.0,Cash,Não informado
TXN_1976619,2023-08-02,2023,8,2,Coffee,2.0,2.0,4.0,4.0,0.0,Digital Wallet,Não informado
TXN_7953750,2023-06-16,2023,6,16,Sandwich,5.0,4.0,20.0,20.0,0.0,Cash,In-store
TXN_8367194,2023-02-04,2023,2,4,Juice,1.0,3.0,3.0,3.0,0.0,Digital Wallet,Takeaway
TXN_4959078,2023-09-13,2023,9,13,Cake,2.0,3.0,6.0,6.0,0.0,Digital Wallet,Takeaway
TXN_4552137,2023-04-05,2023,4,5,Tea,2.0,1.5,3.0,3.0,0.0,Não informado,In-store
TXN_1748121,2023-12-07,2023,12,7,Cake,2.0,3.0,6.0,6.0,0.0,Não informado,In-store
TXN_7922350,2023-05-09,2023,5,9,Coffee,2.0,2.0,4.0,4.0,0.0,Não informado,Takeaway
TXN_1944293,2023-02-25,2023,2,25,Coffee,3.0,2.0,6.0,6.0,0.0,Não informado,In-store
TXN_1928401,2023-06-15,2023,6,15,Sandwich,5.0,4.0,20.0,20.0,0.0,Digital Wallet,In-store
TXN_7861799,2023-05-23,2023,5,23,Cookie,2.0,1.0,2.0,2.0,0.0,Cash,Takeaway
TXN_5244674,2023-04-27,2023,4,27,Cake,5.0,3.0,15.0,15.0,0.0,Não informado,Não informado
TXN_9679675,2023-07-07,2023,7,7,Coffee,1.0,2.0,2.0,2.0,0.0,Cash,Não informado
TXN_2562041,2023-12-24,2023,12,24,Cake,5.0,3.0,15.0,15.0,0.0,Cash,Takeaway
TXN_2738904,2023-11-23,2023,11,23,Smoothie,4.0,4.0,16.0,16.0,0.0,Digital Wallet,Não informado
TXN_9266499,2023-02-16,2023,2,16,Cake,1.0,3.0,,3.0,,Digital Wallet,Não informado
TXN_9196229,2023-12-08,2023,12,8,Sandwich,5.0,4.0,20.0,20.0,0.0,Credit Card,Não informado
TXN_4308634,2023-02-14,2023,2,14,Coffee,3.0,2.0,6.0,6.0,0.0,Cash,In-store
TXN_3450880,2023-05-29,2023,5,29,Tea,3.0,1.5,4.5,4.5,0.0,Não informado,In-store
TXN_6838411,2023-07-04,2023,7,4,Coffee,1.0,2.0,2.0,2.0,0.0,Cash,Não informado
TXN_7548396,2023-04-06,2023,4,6,Tea,2.0,1.5,3.0,3.0,0.0,Digital Wallet,Não informado
TXN_8786286,2023-05-28,2023,5,28,Sandwich,5.0,4.0,20.0,20.0,0.0,Digital Wallet,Não informado
TXN_7439400,2023-06-28,2023,6,28,Salad,3.0,5.0,15.0,15.0,0.0,Não informado,Takeaway
TXN_7461658,2023-08-13,2023,8,13,Coffee,3.0,2.0,6.0,6.0,0.0,Credit Card,Não informado
TXN_6017034,2023-10-06,2023,10,6,Cake,4.0,3.0,12.0,12.0,0.0,Não informado,Não informado
TXN_3649492,2023-12-01,2023,12,1,Salad,4.0,5.0,20.0,20.0,0.0,Digital Wallet,Não informado
TXN_8150967,2023-01-08,2023,1,8,Smoothie,3.0,4.0,12.0,12.0,0.0,Cash,Não informado
TXN_3792683,2023-08-06,2023,8,6,Salad,4.0,5.0,20.0,20.0,0.0,Digital Wallet,In-store
TXN_4006067,2023-01-30,2023,1,30,Juice,4.0,3.0,12.0,12.0,0.0,Cash,Takeaway
TXN_3456242,2023-04-28,2023,4,28,Sandwich,5.0,4.0,20.0,20.0,0.0,Credit Card,Não informado
TXN_1928131,2023-04-17,2023,4,17,Smoothie,1.0,4.0,4.0,4.0,0.0,Credit Card,Takeaway
TXN_8318388,2023-11-26,2023,11,26,Cake,5.0,3.0,15.0,15.0,0.0,Não informado,Não informado
TXN_8270768,2023-02-28,2023,2,28,Juice,5.0,3.0,15.0,15.0,0.0,Digital Wallet,Takeaway
TXN_4157300,2023-09-23,2023,9,23,Tea,4.0,1.5,6.0,6.0,0.0,Cash,Takeaway
TXN_3224156,2023-03-16,2023,3,16,Cookie,1.0,1.0,1.0,1.0,0.0,Credit Card,In-store
TXN_7936851,2023-10-07,2023,10,7,Sandwich,3.0,4.0,12.0,12.0,0.0,Não informado,Não informado
TXN_6393305,2023-10-19,2023,10,19,Salad,5.0,5.0,25.0,25.0,0.0,Digital Wallet,In-store
TXN_7326720,2023-12-08,2023,12,8,Cake,2.0,3.0,6.0,6.0,0.0,Não informado,In-store
TXN_3069563,2023-04-25,2023,4,25,Sandwich,2.0,4.0,8.0,8.0,0.0,Cash,Não informado
TXN_1728427,2023-02-11,2023,2,11,Coffee,5.0,2.0,10.0,10.0,0.0,Cash,Não informado
TXN_9176288,2023-02-08,2023,2,8,Tea,2.0,1.5,3.0,3.0,0.0,Digital Wallet,In-store
TXN_9071439,2023-02-05,2023,2,5,Juice,3.0,3.0,9.0,9.0,0.0,Credit Card,Não informado
TXN_1841204,2023-04-18,2023,4,18,Salad,3.0,5.0,15.0,15.0,0.0,Digital Wallet,In-store
TXN_8330240,2023-06-06,2023,6,6,Sandwich,4.0,4.0,16.0,16.0,0.0,Digital Wallet,Não informado
TXN_3534588,2023-07-05,2023,7,5,Salad,1.0,5.0,5.0,5.0,0.0,Cash,Não informado
TXN_2749289,2023-05-05,2023,5,5,Smoothie,2.0,4.0,,8.0,,Digital Wallet,Takeaway
TXN_6587628,2023-05-09,2023,5,9,Coffee,5.0,2.0,10.0,10.0,0.0,Não informado,In-store
TXN_1711872,2023-01-27,2023,1,27,Juice,1.0,3.0,3.0,3.0,0.0,Não informado,Takeaway
TXN_4339925,2023-11-23,2023,11,23,Cookie,1.0,1.0,1.0,1.0,0.0,Cash,Takeaway
TXN_1183208,2023-08-26,2023,8,26,Smoothie,5.0,4.0,20.0,20.0,0.0,Não informado,Não informado
TXN_9503145,2023-09-21,2023,9,21,Juice,5.0,3.0,15.0,15.0,0.0,Digital Wallet,Não informado
TXN_8999360,2023-09-27,2023,9,27,Juice,3.0,3.0,9.0,9.0,0.0,Cash,Takeaway
TXN_6188262,2023-10-24,2023,10,24,Juice,1.0,3.0,3.0,3.0,0.0,Cash,Takeaway
TXN_5967452,2023-03-07,2023,3,7,Juice,5.0,3.0,15.0,15.0,0.0,Credit Card,Não informado
TXN_9053365,2023-07-15,2023,7,15,Cookie,1.0,1.0,1.0,1.0,0.0,Digital Wallet,In-store
TXN_3706457,2023-07-18,2023,7,18,Tea,5.0,1.5,7.5,7.5,0.0,Credit Card,Takeaway
TXN_9612533,2023-01-26,2023,1,26,Cake,2.0,3.0,6.0,6.0,0.0,Digital Wallet,In-store
TXN_4948026,2023-07-02,2023,7,2,Tea,4.0,1.5,6.0,6.0,0.0,Digital Wallet,In-store
TXN_8741663,2023-01-21,2023,1,21,Smoothie,1.0,4.0,4.0,4.0,0.0,Credit Card,Takeaway
TXN_7249396,2023-09-26,2023,9,26,Cake,1.0,3.0,3.0,3.0,0.0,Cash,Não informado
TXN_8922585,2023-06-22,2023,6,22,Salad,5.0,5.0,25.0,25.0,0.0,Credit Card,Não informado
TXN_2112522,2023-04-30,2023,4,30,Sandwich,5.0,4.0,20.0,20.0,0.0,Digital Wallet,Takeaway
TXN_6133115,2023-12-08,2023,12,8,Smoothie,5.0,4.0,20.0,20.0,0.0,Não informado,In-store
TXN_8408353,2023-12-13,2023,12,13,Tea,1.0,1.5,1.5,1.5,0.0,Credit Card,Não informado
TXN_6420902,2023-11-22,2023,11,22,Cake,3.0,3.0,9.0,9.0,0.0,Credit Card,Takeaway
TXN_9400245,2023-02-24,2023,2,24,Salad,1.0,5.0,5.0,5.0,0.0,Não informado,In-store
TXN_4767609,2023-10-15,2023,10,15,Coffee,3.0,2.0,6.0,6.0,0.0,Digital Wallet,In-store
TXN_1425591,2023-09-10,2023,9,10,Smoothie,1.0,4.0,4.0,4.0,0.0,Cash,Não informado
TXN_6706599,2023-09-20,2023,9,20,Cake,1.0,3.0,3.0,3.0,0.0,Não informado,Takeaway
TXN_4365321,2023-03-09,2023,3,9,Salad,4.0,5.0,20.0,20.0,0.0,Cash,In-store
TXN_4457299,2023-09-19,2023,9,19,Smoothie,3.0,4.0,12.0,12.0,0.0,Credit Card,In-store
TXN_4671375,2023-06-28,2023,6,28,Tea,1.0,1.5,1.5,1.5,0.0,Não informado,Não informado
TXN_1184715,2023-09-10,2023,9,10,Cake,2.0,3.0,6.0,6.0,0.0,Não informado,Não informado
TXN_9036527,2023-06-27,2023,6,27,Smoothie,4.0,4.0,16.0,16.0,0.0,Digital Wallet,Não informado
TXN_8844497,2023-11-18,2023,11,18,Sandwich,3.0,4.0,12.0,12.0,0.0,Não informado,Takeaway
TXN_5171519,2023-04-06,2023,4,6,Salad,3.0,5.0,15.0,15.0,0.0,Não informado,In-store
TXN_6049240,2023-05-31,2023,5,31,Juice,1.0,3.0,3.0,3.0,0.0,Cash,Não informado
TXN_4428252,2023-10-31,2023,10,31,Sandwich,3.0,4.0,12.0,12.0,0.0,Não informado,Takeaway
TXN_1169615,2023-03-16,2023,3,16,Smoothie,5.0,4.0,20.0,20.0,0.0,Digital Wallet,In-store
TXN_1949093,2023-02-05,2023,2,5,Smoothie,2.0,4.0,8.0,8.0,0.0,Cash,Não informado
TXN_9357808,2023-05-20,2023,5,20,Sandwich,4.0,4.0,16.0,16.0,0.0,Cash,Não informado
TXN_9026468,2023-08-23,2023,8,23,Sandwich,2.0,4.0,8.0,8.0,0.0,Credit Card,Não informado
TXN_8273780,2023-10-15,2023,10,15,Salad,2.0,5.0,10.0,10.0,0.0,Digital Wallet,Takeaway
TXN_4224427,2023-01-23,2023,1,23,Juice,4.0,3.0,12.0,12.0,0.0,Cash,Takeaway
TXN_5344848,2023-09-27,2023,9,27,Salad,1.0,5.0,5.0,5.0,0.0,Digital Wallet,Takeaway
TXN_6411708,2023-05-20,2023,5,20,Coffee,4.0,2.0,8.0,8.0,0.0,Credit Card,In-store
TXN_8153550,2023-10-12,2023,10,12,Cookie,2.0,1.0,2.0,2.0,0.0,Cash,Takeaway
TXN_5921442,2023-02-04,2023,2,4,Smoothie,4.0,4.0,16.0,16.0,0.0,Cash,Takeaway
TXN_9496697,2023-09-27,2023,9,27,Tea,1.0,1.5,1.5,1.5,0.0,Não informado,In-store
TXN_2818204,2023-03-09,2023,3,9,Cake,1.0,3.0,3.0,3.0,0.0,Digital Wallet,Não informado
TXN_9407169,2023-01-28,2023,1,28,Sandwich,1.0,4.0,4.0,4.0,0.0,Digital Wallet,Não informado
TXN_8966400,2023-11-29,2023,11,29,Cake,5.0,3.0,15.0,15.0,0.0,Credit Card,Takeaway
TXN_1191659,2023-11-21,2023,11,21,Coffee,4.0,2.0,,8.0,,Credit Card,In-store
TXN_9187008,2023-09-16,2023,9,16,Tea,4.0,1.5,6.0,6.0,0.0,Não informado,Não informado
TXN_1958525,2023-10-08,2023,10,8,Cookie,3.0,1.0,3.0,3.0,0.0,Não informado,Takeaway
TXN_4556831,2023-05-28,2023,5,28,Juice,2.0,3.0,6.0,6.0,0.0,Digital Wallet,In-store
TXN_3546629,2023-03-04,2023,3,4,Juice,5.0,3.0,15.0,15.0,0.0,Não informado,In-store
TXN_4723089,2023-05-23,2023,5,23,Sandwich,4.0,4.0,16.0,16.0,0.0,Cash,In-store
TXN_8545707,2023-02-14,2023,2,14,Cake,5.0,3.0,15.0,15.0,0.0,Não informado,Takeaway
TXN_8938445,2023-11-07,2023,11,7,Cake,3.0,3.0,9.0,9.0,0.0,Não informado,In-store
TXN_5846013,2023-12-20,2023,12,20,Tea,2.0,1.5,3.0,3.0,0.0,Digital Wallet,Não informado
TXN_6494265,2023-05-24,2023,5,24,Coffee,2.0,2.0,4.0,4.0,0.0,Não informado,Não informado
TXN_8563793,2023-03-26,2023,3,26,Juice,4.0,3.0,12.0,12.0,0.0,Não informado,In-store
TXN_8866974,2023-03-14,2023,3,14,Smoothie,3.0,4.0,12.0,12.0,0.0,Digital Wallet,Takeaway
TXN_9954652,2023-09-12,2023,9,12,Coffee,2.0,2.0,4.0,4.0,0.0,Cash,In-store
TXN_5762440,2023-03-05,2023,3,5,Sandwich,5.0,4.0,20.0,20.0,0.0,Cash,In-store
TXN_6120851,2023-02-04,2023,2,4,Salad,5.0,5.0,25.0,25.0,0.0,Cash,Takeaway
TXN_3124078,2023-08-06,2023,8,6,Cake,4.0,3.0,12.0,12.0,0.0,Não informado,In-store
TXN_7936002,2023-01-26,2023,1,26,Salad,2.0,5.0,10.0,10.0,0.0,Digital Wallet,Não informado
TXN_8076061,2023-04-01,2023,4,1,Tea,4.0,1.5,6.0,6.0,0.0,Cash,In-store
TXN_9668108,2023-01-20,2023,1,20,Cake,1.0,3.0,3.0,3.0,0.0,Cash,In-store
TXN_3528020,2023-08-26,2023,8,26,Cookie,1.0,1.0,1.0,1.0,0.0,Não informado,Takeaway
TXN_5548914,2023-11-04,2023,11,4,Juice,2.0,3.0,,6.0,,Digital Wallet,In-store
TXN_4302199,2023-02-16,2023,2,16,Tea,3.0,1.5,4.5,4.5,0.0,Não informado,Não informado
TXN_9933628,2023-07-20,2023,7,20,Smoothie,5.0,4.0,20.0,20.0,0.0,Cash,In-store
TXN_6796890,2023-08-24,2023,8,24,Tea,4.0,1.5,6.0,6.0,0.0,Não informado,Não informado
TXN_8567525,2023-12-30,2023,12,30,Cookie,2.0,1.0,2.0,2.0,0.0,Não informado,Takeaway
TXN_3297457,2023-01-03,2023,1,3,Cake,2.0,3.0,6.0,6.0,0.0,Não informado,Não informado
TXN_2858441,2023-12-14,2023,12,14,Sandwich,2.0,4.0,8.0,8.0,0.0,Credit Card,In-store
TXN_1784478,2023-07-31,2023,7,31,Juice,5.0,3.0,15.0,15.0,0.0,Cash,Não informado
TXN_1741685,2023-08-18,2023,8,18,Juice,5.0,3.0,15.0,15.0,0.0,Cash,Não informado
TXN_1538510,2023-05-22,2023,5,22,Coffee,5.0,2.0,10.0,10.0,0.0,Digital Wallet,Não informado
TXN_3897619,2023-02-24,2023,2,24,Sandwich,3.0,4.0,12.0,12.0,0.0,Cash,Takeaway
TXN_2739140,2023-07-05,2023,7,5,Smoothie,4.0,4.0,16.0,16.0,0.0,Não informado,In-store
TXN_4766549,2023-10-20,2023,10,20,Smoothie,2.0,4.0,,8.0,,Cash,Não informado
TXN_7672686,2023-08-30,2023,8,30,Coffee,2.0,2.0,4.0,4.0,0.0,Não informado,Não informado
TXN_5255387,2023-03-02,2023,3,2,Coffee,4.0,2.0,8.0,8.0,0.0,Digital Wallet,Não informado
TXN_6170729,2023-11-07,2023,11,7,Sandwich,3.0,4.0,12.0,12.0,0.0,Cash,In-store
